precip,snofall,snomlt,et,flo_out
7.81,0,8.73,0.488,1.314
3.51,0,0,0.461,1.099
18,0,0,0.654,1.733
0,0,0,0.471,1.042
1.11,0,0,7.67E-02,0.72
0.673,0,0,0.625,0.644
2.48,0,0,0.827,0.65
0,0,0,0.609,0.591
0,0,0,0.219,0.548
0,0,0,0.724,0.507
0,0,0,1.12,0.469
0,0,0,0.743,0.446
0,0,0,0.533,0.422
0,0,0,0.651,0.404
0,0,0,0.326,0.385
0,0,0,0.401,0.369
0,0,0,0.325,0.357
0.138,2.57E-02,2.11E-02,0.124,0.348
0,0,7.72E-04,0.205,0.369
3.33,2.26,2.15,0.386,0.368
1.48,0,0.118,0.324,0.428
8.26,0,0,0.421,0.706
13.9,0,0,0.632,1.114
5.54,0,0,1.2,0.671
6.1,0,0,0.917,0.931
0,0,0,0.786,0.599
0,0,0,0.753,0.459
1.35,0.193,0.193,0.242,0.42
13.3,0,0,0.472,0.644
5.66,0,0,0.179,1.343
0,0,0,0.162,0.769
14.5,0,0,0.308,1.446
19,0,0,0.332,1.759
11.8,0,0,0.597,1.265
11.9,0,0,0.265,2.202
10.7,0,0,0.364,1.974
4.53,0,0,1.2,1.267
14.5,0,0,0.551,1.877
0.138,9.44E-03,9.44E-03,1.1,1.012
1.61,0.309,0.309,0.71,0.879
16.9,0,0,0.575,1.422
22.9,0,0,0.288,2.872
0.603,0,0,0.523,1.845
0,0,0,0.539,1.068
0,0,0,0.924,0.942
1.21,0,0,0.371,0.88
0,0,0,0.599,0.793
5.67E-02,2.11E-03,2.11E-03,0.513,0.713
0.2,5.20E-02,5.20E-02,0.644,0.664
2.17,0,0,0.217,0.666
0.859,0,0,0.514,0.619
3.13,0,0,0.239,0.643
2.43,0,0,0.391,0.633
0.829,0,0,1.19,0.559
1.59,0.309,0.309,1.1,0.505
11.7,4.4,3.41,0.922,0.505
4.83,0,0.948,0.435,1.263
4.8,1.67,1.67,0.515,0.961
3.79E-04,0,0,0.769,0.719
0,0,0,0.769,0.58
0,0,0,0.933,0.504
0,0,0,0.977,0.465
0,0,0,0.943,0.436
0,0,0,1.15,0.425
9.81,0,0,0.98,0.572
3.6,0,0,1.12,0.574
4.81,0,0,1.16,0.688
11.8,0,0,0.442,0.738
1.75,0,0,0.466,1.074
3.17,0,0,0.479,0.748
6.24,0,0,1.36,0.92
4.74E-02,0,0,1.16,0.706
3.86E-02,0,0,0.894,0.539
4.55,0,0,0.752,0.53
4.29,0,0,0.732,0.653
1.14,0,0,0.823,0.719
0,0,0,1.37,0.52
0,0,0,1.3,0.472
10.6,0,0,1.93,0.446
25.9,0,0,0.566,1.539
1.01,0,0,0.475,1.182
0,0,0,0.615,0.653
0,0,0,0.729,0.556
0,0,0,1.07,0.504
5.36,0,0,1.64,0.48
6.38,0,0,0.594,0.745
1.3,0,0,1.22,0.634
0.676,0,0,1.13,0.504
6.93,0,0,2,0.483
4.69,0,0,0.521,0.854
0.855,0,0,1.6,0.529
1.04,0,0,1.16,0.475
24.4,0,0,1.69,0.862
3.37,0,0,1.71,0.718
22.2,0,0,0.66,2.69
11.1,0,0,0.708,2.064
2.38,0,0,0.9,1.041
12,0,0,0.881,1.518
4.33,0,0,0.747,0.933
0.665,0,0,1.22,0.758
0,0,0,1.83,0.668
1.67,0,0,0.89,0.688
0.982,0,0,1.16,0.638
10.3,0,0,0.669,0.886
0.347,0,0,1.35,0.737
0,0,0,1.72,0.556
3.26,0,0,1.02,0.557
1.56,0,0,2.12,0.501
0.235,0,0,2.06,0.458
0,0,0,2.14,0.426
13.3,0,0,1.86,0.604
19.3,0,0,0.45,2.107
0.339,0,0,2.21,0.66
8.56,0,0,0.86,0.859
1.15,0,0,1.53,0.601
0,0,0,2.08,0.505
6.57,0,0,1.5,0.651
7.14,0,0,2.39,0.611
1.99,0,0,2.18,0.816
0,0,0,1.96,0.505
0.532,0,0,2.64,0.443
0,0,0,2.55,0.419
0,0,0,2.29,0.397
0,0,0,2.39,0.382
0,0,0,2.42,0.365
0,0,0,2.41,0.35
0,0,0,2.59,0.337
0,0,0,2.18,0.326
12.7,0,0,3.07,0.351
1.66,0,0,1.58,0.458
0,0,0,2.56,0.345
0,0,0,3.67,0.311
4.29,0,0,3.38,0.3
1.28,0,0,2.49,0.294
0.881,0,0,1.17,0.291
5.37,0,0,1.53,0.334
0.469,0,0,1.25,0.292
0,0,0,1.89,0.269
0,0,0,1.53,0.258
0,0,0,1.77,0.251
0,0,0,1.8,0.239
0,0,0,3.36,0.228
0,0,0,3.33,0.221
0,0,0,3.75,0.214
5.26E-02,0,0,2.74,0.212
12.4,0,0,1.13,0.241
8.37,0,0,0.592,0.333
1.90E-04,0,0,1.16,0.398
0,0,0,3.41,0.254
0.139,0,0,2.37,0.229
0.972,0,0,2.77,0.217
0.365,0,0,1.23,0.216
0,0,0,1.92,0.202
0.138,0,0,3.54,0.192
1.90E-04,0,0,2.78,0.187
0,0,0,3,0.183
1.46,0,0,1.8,0.185
0.166,0,0,3.47,0.176
0.139,0,0,2.87,0.171
5.37E-02,0,0,1.47,0.17
0,0,0,3.26,0.165
0,0,0,1.64,0.164
0,0,0,2.44,0.162
0,0,0,2.94,0.159
12.4,0,0,1.98,0.181
1.48,0,0,2.75,0.202
1.1,0,0,2.4,0.168
0.268,0,0,3.03,0.158
5.13,0,0,3.03,0.156
7.79,0,0,2.41,0.211
0,0,0,1.58,0.23
0,0,0,3.66,0.163
0,0,0,2.72,0.154
0,0,0,3.21,0.149
0,0,0,2.95,0.147
0,0,0,3.79,0.143
0.958,0,0,3.97,0.141
1.33,0,0,3.08,0.143
1.67,0,0,2.81,0.143
1.07,0,0,2.64,0.144
0.221,0,0,2.72,0.136
0,0,0,2.58,0.133
0,0,0,4.22,0.131
19.5,0,0,3.46,0.176
6.04,0,0,3.09,0.443
0,0,0,4.76,0.169
5.69E-04,0,0,1.73,0.144
0.907,0,0,1.09,0.141
3.79E-04,0,0,1.2,0.14
3.1,0,0,3.67,0.131
3.91,0,0,2.63,0.134
1.77,0,0,1.98,0.142
3.45,0,0,3.3,0.138
0,0,0,3.73,0.134
7.59E-04,0,0,3.25,0.124
0,0,0,3.45,0.119
0,0,0,3.89,0.117
11.3,0,0,2.98,0.246
0.252,0,0,2.49,0.159
0,0,0,3.16,0.134
3.14,0,0,2.11,0.131
9.09E-02,0,0,1.37,0.133
0,0,0,3.11,0.125
0,0,0,2.69,0.12
0.565,0,0,0.908,0.121
0,0,0,3.31,0.117
0,0,0,3.38,0.114
0,0,0,3.13,0.11
0,0,0,3.83,0.107
0,0,0,3.61,0.108
1.66,0,0,3.55,0.107
0,0,0,2.61,0.109
4.74E-02,0,0,3.85,0.105
0.262,0,0,1.01,0.106
0.225,0,0,2.78,0.105
0.503,0,0,1.94,0.102
14.2,0,0,3.87,0.114
14.5,0,0,0.856,0.157
4.52,0,0,1.53,0.302
4.34,0,0,2.98,0.155
9.34E-03,0,0,3.11,0.156
8.41,0,0,4.31,0.123
3.27,0,0,0.683,0.182
4.95,0,0,0.615,0.212
0.695,0,0,0.597,0.179
4.74E-02,0,0,3.33,0.159
12.5,0,0,1.28,0.253
3.94,0,0,3.56,0.203
2.36,0,0,1.44,0.174
19.5,0,0,1.11,0.39
0.373,0,0,2.13,0.635
0,0,0,3.39,0.221
2.16,0,0,2.93,0.177
0,0,0,2.79,0.159
4.74E-02,0,0,1.39,0.147
7.73,0,0,1.2,0.156
2.13,0,0,0.835,0.195
0,0,0,3.31,0.158
0,0,0,3.25,0.137
0,0,0,2.97,0.129
2.98,0,0,3.3,0.126
2.99,0,0,1.86,0.136
0,0,0,2.34,0.134
2.65,0,0,1.16,0.132
3.44,0,0,1.37,0.137
0.125,0,0,1.49,0.15
9.07,0,0,3.22,0.135
10.8,0,0,0.593,0.521
0.258,0,0,2.12,0.281
2.24,0,0,1.3,0.202
0,0,0,1.6,0.22
0,0,0,1.46,0.155
0.653,0,0,1.99,0.146
0.139,0,0,0.839,0.145
10.9,0,0,1.35,0.199
2.07,0,0,1.87,0.253
0.622,0,0,1.96,0.179
3.56,0,0,1.86,0.162
0,0,0,1.63,0.149
0,0,0,2.11,0.14
0,0,0,1.25,0.136
0,0,0,1.65,0.134
0,0,0,1.86,0.131
0,0,0,1.36,0.13
0,0,0,1.1,0.128
7.05E-02,0,0,1.2,0.126
1.56,0,0,1.37,0.125
0,0,0,1.31,0.124
13.7,0,0,1.26,0.132
5.41,0,0,0.707,0.26
13.2,0,0,3.1,0.226
3.66,0,0,2.26,0.353
21.7,0,0,1.07,2.124
0.328,0,0,2.43,0.559
0.157,0,0,2.17,0.292
1.7,0,0,2.02,0.241
21.6,0,0,1.32,0.57
12.6,0,0,1.18,1.686
8.39,0,0,2.11,0.782
16.1,0,0,0.993,2.057
8.02,0,0,1.77,1.107
0.513,0,0,1.72,0.762
4.83,0,0,0.677,0.754
4.34,0,0,0.593,0.854
0,0,0,1.26,0.661
2.04,0,0,0.559,0.539
4.65,0,0,0.394,0.616
4.08,0,0,1.53,0.713
0,0,0,1.52,0.533
7.84,0,0,2.69,0.553
0,0,0,1.69,0.561
18.4,0,0,1.13,1.288
6.14E-02,0,0,0.786,1.15
0,0,0,0.626,0.588
5.15,0,0,1.11,0.515
6.87,0,0,0.754,0.811
0.577,0,0,1.16,0.784
9.19,0,0,0.991,0.974
2.27,0,0,1.52,0.806
0,0,0,1.3,0.568
0,0,0,0.78,0.496
0,0,0,0.841,0.469
4.18,0,0,1.24,0.505
0,0,0,2.03,0.442
0,0,0,1.3,0.402
0,0,0,1.01,0.382
2.5,0,0,0.652,0.393
0,0,0,1.23,0.36
0.293,0,0,1.22,0.341
12.5,0,0,0.875,0.418
10.6,0,0,0.854,1.16
4.16,0,0,1.51,0.626
0.949,0,0,1.27,0.552
2.62,0,0,0.597,0.482
12.1,0,0,0.458,0.57
1.2,0,0,0.57,1.177
1.35,0,0,0.926,0.513
0,0,0,0.327,0.451
0,0,0,0.211,0.414
0,0,0,0.301,0.393
0,0,0,0.368,0.38
2.73,0,0,0.19,0.375
0.859,0,0,0.21,0.435
0.372,0,0,0.708,0.382
4.13,0,0,0.924,0.43
0,0,0,0.967,0.417
2.28,0,0,0.427,0.371
11,0,0,0.345,0.411
3.51,0,0,1.02,1.2
3.1,0,0,0.804,0.487
2.71,0,0,1.35,0.599
33.4,0,0,0.992,1.777
9.11,0,0,0.32,2.679
0.644,0,0,0.374,1.452
0.426,0,0,1.17,0.825
0,0,0,0.671,0.693
19.6,0,0,0.847,1.91
12.3,0,0,1.29,1.264
0.274,0,0,0.758,1.528
7.46,0,0,0.621,0.948
2.78,0,0,0.398,1.16
0,0,0,0.501,0.82
0,0,0,0.762,0.702
0,0,0,1.15,0.64
0,0,0,0.713,0.591
0,0,0,0.918,0.552
0,0,0,0.53,0.516
0,0,0,0.564,0.477
0,0,0,0.297,0.458
0,0,0,0.565,0.431
0,0,0,0.187,0.411
1.3,0,0,0.27,0.398
2.28,0,0,0.537,0.412
0,0,0,0.502,0.385
2.22,0,0,0.792,0.377
4.33E-02,0,0,0.717,0.346
3.17,0.646,0.646,0.679,0.369
5.76,0,0,0.639,0.377
7.22,0,0,0.597,0.572
5.69,0,0,0.487,0.489
2.86,0,0,0.617,0.615
3.44,0,0,1.43,0.493
3.52,0.839,0.839,0.781,0.482
3.95,1.3,1.3,0.623,0.447
9.72E-03,3.13E-04,0,0.371,0.35
9.34E-03,0,0,0.495,0.278
0.866,0.144,0.144,1.27,0.266
0.582,0,0,1.02,0.275
3.78,1.23,1.23,0.345,0.272
1.13,0,0,0.112,0.376
0,0,0,8.06E-02,0.33
1.33,0,0,0.226,0.288
0,0,0,0.363,0.278
0,0,0,0.325,0.257
0.476,3.75E-02,3.75E-02,0.157,0.246
0.39,0,0,0.332,0.248
0.316,0,0,0.732,0.24
5.52,0,0,0.322,0.33
10.2,0,0,0.396,0.61
0.314,0,0,0.767,0.538
15.2,0,0,0.448,0.726
1.23,0,0,0.621,1.453
7.93,0,0,0.804,0.991
1.98,0,0,1.28,0.542
1.34,0,0,0.702,0.552
5.8,0,0,0.621,0.685
14.6,0,0,0.971,0.915
9.61,0,0,0.499,1.862
2.93,0,0,1.02,0.803
22.4,0,0,0.64,2.475
1.52,0,0,1.25,1.577
3.53,0,0,0.709,0.989
0.265,0,0,1.65,0.782
9.61,0,0,1.09,0.755
3.79E-04,0,0,0.628,1.184
26.5,0,0,0.992,2.305
12.7,0,0,0.774,2.68
21.8,0,0,0.765,2.68
3.46,0,0,1.08,1.933
15.8,0,0,0.771,2.82
5.19,0,0,1.03,1.756
6.13,0,0,1.44,1.137
4.3,0,0,0.696,1.611
8.85,0,0,0.557,1.819
0.221,0,0,1.45,1.039
9.97,0,0,1.03,1.259
0,0,0,0.929,1.003
0.538,0,0,1.55,0.785
0.178,0,0,0.947,0.697
0.139,0,0,0.743,0.638
0.139,0,0,0.327,0.603
0,0,0,0.193,0.571
2.44,0,0,0.52,0.571
0.835,0,0,1.1,0.514
6.55,0,0,0.555,0.658
0.511,0,0,1.37,0.528
12.1,0,0,0.861,1.029
1.28,0,0,1.17,0.7
1.44,0,0,1.36,0.489
19.9,0,0,0.469,1.211
22.4,0,0,0.416,3.29
1.90E-04,0,0,1.7,1.153
0.249,0,0,1.71,0.708
0,0,0,0.837,0.617
9.53E-03,0,0,1.09,0.561
6.21E-02,0,0,0.573,0.541
0,0,0,0.494,0.511
0.268,0,0,0.615,0.486
4.28,0,0,1.2,0.478
0.344,0,0,0.668,0.483
0,0,0,1.19,0.416
8.21,0,0,0.591,0.5
2.93,0,0,1.11,0.598
5.06,0,0,1.16,0.59
1.90E-04,0,0,1.36,0.444
0,0,0,1.14,0.389
0,0,0,1.7,0.351
0.773,0,0,1.92,0.325
6.44,0,0,0.734,0.383
0.443,0,0,1.1,0.385
2.65,0,0,0.774,0.354
5.47,0,0,0.535,0.491
0.916,0,0,0.591,0.39
4.72,0,0,0.864,0.456
1.90E-04,0,0,1.35,0.381
0,0,0,0.679,0.333
0,0,0,0.862,0.311
2.11,0,0,1.46,0.299
1.38,0,0,0.841,0.327
0,0,0,1.54,0.293
0,0,0,1.56,0.273
0,0,0,1.56,0.256
0,0,0,1.7,0.242
5.98,0,0,2.01,0.251
6.76,0,0,0.52,0.456
7.51,0,0,0.69,0.908
1.1,0,0,1.33,0.393
2.19,0,0,0.575,0.324
0,0,0,0.947,0.294
0,0,0,2.26,0.262
0,0,0,2.93,0.236
0,0,0,2.15,0.226
0,0,0,1.7,0.223
0,0,0,1.5,0.219
0,0,0,2.14,0.205
0,0,0,1.92,0.201
0.138,0,0,1.53,0.21
1.15,0,0,2.27,0.198
0.268,0,0,1.1,0.199
0,0,0,1.79,0.19
0,0,0,2.15,0.185
20.4,0,0,1.49,0.292
8.12,0,0,0.95,1.331
3.05,0,0,2.26,0.359
6.43,0,0,1.71,0.332
6.09,0,0,2.06,0.488
0,0,0,1.06,0.477
0.724,0,0,1.23,0.304
0.139,0,0,2,0.289
16.1,0,0,2.41,0.569
2.15,0,0,2.26,0.719
24.9,0,0,1.17,2.358
2.74,0,0,1.32,0.831
17.5,0,0,2.05,0.827
1.88,0,0,1.97,1.214
1.47,0,0,2.21,0.578
0,0,0,2.43,0.487
0,0,0,2.47,0.408
0,0,0,2.11,0.376
0.268,0,0,2.62,0.35
0,0,0,1.85,0.335
0,0,0,0.651,0.322
0,0,0,1.15,0.308
0,0,0,1.74,0.292
0,0,0,1.93,0.28
0,0,0,2.44,0.261
6.84,0,0,2.6,0.255
4.07,0,0,1.08,0.304
1.09,0,0,2,0.257
0.265,0,0,1.3,0.252
0,0,0,3.79,0.229
22.8,0,0,2.88,0.444
2,0,0,1.74,0.534
27.8,0,0,1.33,1.705
3.77,0,0,1.16,1.104
15.7,0,0,1.72,1.106
2.01,0,0,1.2,0.685
8.68,0,0,3.19,0.607
2.72E-02,0,0,2.46,0.614
13.9,0,0,2.04,0.61
1.19,0,0,3.09,0.584
4.58,0,0,2.84,0.437
5.9,0,0,1.54,0.652
7.68,0,0,2.42,0.581
0,0,0,2.64,0.698
0,0,0,2.86,0.413
1.38,0,0,4.11,0.359
11.1,0,0,1.84,0.392
9.53E-03,0,0,1.77,0.615
0,0,0,2.33,0.371
4.48,0,0,2.81,0.332
0,0,0,0.783,0.342
2.35,0,0,0.762,0.329
5.72,0,0,1.7,0.31
7.56,0,0,1.97,0.529
1.16,0,0,2.21,0.42
0,0,0,3.13,0.299
0.545,0,0,2,0.267
6.58,0,0,1.46,0.293
16.4,0,0,0.609,1.241
4.84,0,0,2.92,0.534
6.96,0,0,1.1,0.762
0,0,0,2.81,0.556
9.34E-03,0,0,3.48,0.362
0,0,0,3.39,0.316
2.92,0,0,3.73,0.301
8.82,0,0,1.28,0.499
0.139,0,0,1.4,0.368
0,0,0,2.17,0.305
0.138,0,0,2.15,0.283
0,0,0,2.53,0.265
0,0,0,1.1,0.258
1.90E-04,0,0,1.49,0.243
0,0,0,2.27,0.229
2.71,0,0,1.27,0.232
8.02,0,0,0.685,0.291
11.6,0,0,1.6,0.341
2.16,0,0,1.56,0.279
1.6,0,0,3.34,0.25
25.1,0,0,2.28,1.023
4.35E-02,0,0,1.52,0.732
1.90E-04,0,0,2,0.324
12.2,0,0,1.58,0.492
9.72E-02,0,0,1.51,0.511
0.699,0,0,2.77,0.3
0.837,0,0,3.24,0.26
1.33,0,0,3.2,0.246
0.139,0,0,3.53,0.23
0.139,0,0,3.49,0.22
0,0,0,2.61,0.213
1.90E-04,0,0,1.94,0.209
0,0,0,3.14,0.2
0,0,0,1.88,0.197
0.182,0,0,1.92,0.191
5.2,0,0,0.927,0.213
0.355,0,0,1.77,0.207
5.26E-02,0,0,3.65,0.185
3.08,0,0,1.61,0.186
0.365,0,0,1,0.194
0,0,0,1.97,0.176
4.33E-02,0,0,1.27,0.174
0,0,0,1.42,0.171
5.26E-02,0,0,1.44,0.167
0.502,0,0,2.93,0.162
5.21,0,0,1.44,0.166
17,0,0,1.32,0.473
1.04,0,0,0.833,0.297
19.2,0,0,0.589,0.723
0.668,0,0,0.719,0.702
0,0,0,3.3,0.282
0,0,0,3.26,0.214
0,0,0,3.28,0.189
0.182,0,0,2.56,0.18
1.4,0,0,1.1,0.183
21.4,0,0,0.962,0.201
3.41,0,0,1.02,0.85
2.4,0,0,1.84,0.274
2.86,0,0,0.814,0.48
0.536,0,0,3.34,0.274
1.8,0,0,0.709,0.251
1.94,0,0,2.76,0.282
0,0,0,2.79,0.278
0,0,0,2.8,0.236
26.2,0,0,3.59,0.611
2.5,0,0,1.3,1.327
0,0,0,1.39,0.389
0,0,0,2.37,0.307
0,0,0,2.73,0.274
0,0,0,1.72,0.262
1.08,0,0,2.58,0.27
1.46,0,0,1.95,0.269
0,0,0,1.51,0.248
0,0,0,2.11,0.237
1.90E-04,0,0,2.18,0.228
1.51,0,0,2.4,0.23
3.7,0,0,0.686,0.227
1.96,0,0,0.856,0.287
0,0,0,2.07,0.218
1.90E-04,0,0,2.21,0.199
0,0,0,2.39,0.19
0,0,0,1.35,0.187
0,0,0,0.759,0.183
1.58,0,0,1.39,0.181
1.6,0,0,1.35,0.185
2.86,0,0,2.05,0.191
0.114,0,0,1.15,0.202
13,0,0,0.93,0.23
0,0,0,2.45,0.215
0,0,0,2.52,0.172
0,0,0,1.44,0.157
0,0,0,2.14,0.148
0,0,0,1.96,0.144
0,0,0,1.68,0.144
0,0,0,0.577,0.142
0,0,0,1.09,0.138
0,0,0,1.57,0.135
0,0,0,0.969,0.132
0,0,0,1.22,0.13
0,0,0,1.68,0.127
0,0,0,1.15,0.125
0,0,0,1.81,0.122
0,0,0,1.68,0.12
5.26E-02,0,0,1.55,0.129
0,0,0,0.973,0.13
0,0,0,0.972,0.13
0,0,0,0.807,0.127
0.147,0,0,2.18,0.123
0.218,0,0,2.06,0.121
0.168,0,0,1.7,0.12
9.74,0,0,1.43,0.153
0.138,0,0,1.57,0.135
0.191,0,0,1.53,0.125
0.235,0,0,0.703,0.124
0,0,0,1.25,0.121
0.43,0,0,1.09,0.13
0,0,0,2.44,0.102
0,0,0,2.35,0.096
0.268,0,0,1.19,0.094
34.3,0,0,0.577,0.515
3.11,0,0,1.61,0.332
8.44,0,0,0.499,0.267
2.71,0,0,0.712,0.249
1.01,0,0,0.844,0.175
4.97,0,0,1.03,0.143
16.6,0,0,0.647,0.615
3,0,0,0.875,0.33
1.31,0,0,0.928,0.225
25.1,0,0,0.662,0.831
16.5,0,0,0.509,1.705
7.67,0,0,0.612,1.134
0.789,0,0,1.44,0.496
28.1,0,0,1.08,1.289
4.74,0,0,1.39,1.556
20.4,0,0,1.85,1.545
0.133,0,0,1.45,1.258
6.38,0,0,1.47,0.622
6.71,0,0,0.187,1.178
0.235,0,0,0.244,0.664
2.01,0,0,0.23,0.585
13,0,0,0.443,1.413
20.8,0,0,0.412,2.499
0.909,0,0,1.34,0.992
7.03,0,0,0.897,0.884
22.7,0,0,0.291,2.139
0.615,0,0,1.28,1.898
20.9,0,0,1.07,1.079
21.1,0,0,0.368,6.294
17.2,0,0,0.423,2.112
1.90E-04,0,0,0.867,2.254
21.2,0,0,1.36,1.405
10,0,0,0.847,2.873
27.5,0,0,0.555,3.444
7.5,0,0,0.689,3.637
9.34E-03,0,0,0.416,1.588
0.535,0,0,0.298,1.202
0.368,0,0,0.28,1.026
0.971,0,0,0.669,0.901
18.5,0,0,0.716,1.216
1.95,0,0,0.582,1.868
1.83,0,0,0.691,0.947
4.81,0,0,0.72,0.826
6.44,0,0,0.825,1.039
0,0,0,0.694,0.799
9.99,0,0,0.428,0.911
5.1,0,0,0.748,0.9
22.5,0,0,0.843,1.633
13.2,0,0,0.706,2.861
1.35,0,0,0.171,1.283
15.8,0,0,0.311,2.172
2.06,0,0,1.16,1.519
2.89,0,0,1.14,1.011
15.6,0,0,0.443,1.553
0.493,0,0,0.836,1.45
1.81E-02,0,0,0.519,0.866
0,0,0,0.36,0.77
0,0,0,0.625,0.698
0,0,0,0.617,0.637
0,0,0,0.845,0.574
0.138,0,0,1.05,0.529
4.01,1.23,1.23,1.04,0.493
0.956,5.58E-02,5.58E-02,0.377,0.531
1.81E-02,0,0,0.11,0.463
0.83,0,0,0.314,0.435
0.407,0,0,0.466,0.412
0,0,0,0.28,0.383
0,0,0,0.382,0.355
0,0,0,0.341,0.336
0,0,0,0.576,0.323
0.536,0,0,0.207,0.318
29.6,0,0,0.222,1.763
9.45,0,0,0.189,1.217
12.1,0,0,0.492,1.206
7.72,0,0,0.488,2.015
9.33,0,0,0.27,0.84
8.15,0,0,0.234,1.501
3.61,0,0,0.352,1.476
15.1,0,0,0.595,1.047
26.1,0,0,0.24,4.542
3.08,0,0,0.322,1.535
9.9,0,0,0.466,1.279
0.249,0,0,0.265,1.485
1.61,0,0,0.331,1.019
0.809,0,0,0.533,0.861
0.123,4.56E-02,4.56E-02,0.478,0.753
0,0,0,0.193,0.675
9.34E-03,0,0,0.511,0.608
0,0,0,0.787,0.547
0,0,0,0.541,0.514
0.138,0,0,0.722,0.503
0,0,0,0.498,0.472
0,0,0,7.74E-02,0.437
1.03,0,0,0.757,0.457
0.811,0,0,0.527,0.433
9.3,0,0,0.66,0.518
0,0,0,1.17,0.661
13.9,0,0,0.868,0.459
2.48,0,0,0.905,1.142
9.46,0,0,0.718,0.951
15.1,0,0,0.371,0.791
12.1,0,0,0.578,1.833
4.93,0,0,0.3,1.48
2.91,0,0,0.767,0.921
5.64,0,0,0.65,0.716
10.7,0,0,0.434,1.449
3.21,0,0,0.803,1.264
0.234,0,0,0.306,0.848
3.62,0,0,0.498,0.888
0.761,0,0,1.36,0.707
6.4,0,0,1.52,0.62
0.139,1.19E-02,1.19E-02,1.17,0.697
9.62,7.55,4.32,0.885,0.922
0.343,0,3.07,0.702,0.853
0.771,0,0,0.871,0.625
9.53E-03,0,0,1.15,0.527
1.62,0,0,0.851,0.472
4.09,0,0,0.608,0.458
2.06,0,0,0.393,0.584
2.74,0,0,0.346,0.54
27.7,0,0,0.409,2.531
1.81E-02,0,0,0.702,1.703
14.6,0,0,0.751,1.616
0,0,0,0.329,0.907
0.325,0,0,0.293,0.721
1.81E-02,0,0,0.542,0.658
0,0,0,0.766,0.595
0,0,0,0.994,0.552
0,0,0,0.854,0.521
0,0,0,0.948,0.483
0,0,0,1.42,0.456
0,0,0,1.29,0.434
0,0,0,0.616,0.423
4.33E-02,0,0,0.378,0.399
1.8,0,0,1.06,0.379
6.18E-02,0,0,0.671,0.374
0,0,0,0.88,0.35
1.65,0,0,0.759,0.333
1.47,0,0,0.625,0.331
3.76,0,0,0.332,0.382
15.6,0,0,0.562,0.968
7.38,0,0,0.448,0.714
1.81E-02,0,0,0.926,0.478
11.4,0,0,0.699,0.494
3.25,0,0,0.341,1.116
1.81E-02,0,0,0.954,0.561
0.157,0,0,1.27,0.424
21.5,0,0,0.938,0.891
11.8,0,0,0.611,2.143
7.18,0,0,0.65,1.117
0.343,0,0,1.07,0.753
0.548,0,0,1.22,0.594
0,0,0,1.47,0.521
0,0,0,1.13,0.487
0,0,0,1.49,0.455
0,0,0,1.47,0.428
0,0,0,1.42,0.408
0,0,0,1.48,0.376
0,0,0,1.2,0.357
0,0,0,1.13,0.343
0,0,0,0.701,0.335
0,0,0,1.03,0.322
0,0,0,1.33,0.306
0,0,0,1.75,0.292
0,0,0,1.4,0.285
0,0,0,0.604,0.278
0,0,0,1.23,0.267
0,0,0,1.69,0.256
0,0,0,1.74,0.245
0.138,0,0,1.42,0.235
0,0,0,1.39,0.229
9.21,0,0,1.42,0.236
1.54,0,0,1.23,0.316
1,0,0,1.42,0.237
0.138,0,0,1.02,0.235
0,0,0,0.788,0.22
1.81E-02,0,0,1.39,0.209
0,0,0,1.55,0.203
0,0,0,1.79,0.197
0,0,0,1.95,0.19
0,0,0,1.87,0.186
0,0,0,1.79,0.182
0,0,0,1.6,0.182
0,0,0,1.45,0.175
2.66,0,0,2.53,0.176
0,0,0,2.2,0.172
0,0,0,2.72,0.164
0,0,0,3.22,0.158
0,0,0,3.84,0.15
0,0,0,3.54,0.146
0,0,0,2.65,0.143
1.35,0,0,2.14,0.142
3.4,0,0,1.66,0.159
0,0,0,1.92,0.147
0,0,0,2.47,0.14
10.9,0,0,1.21,0.157
1.94,0,0,0.876,0.193
9.6,0,0,1.61,0.192
35.8,0,0,2.4,0.823
2.93,0,0,0.915,1.266
12.7,0,0,1.87,0.68
0.315,0,0,2.22,0.471
5.8,0,0,1.7,0.275
12.3,0,0,0.587,0.855
28.7,0,0,1.31,2.234
9.26,0,0,1.95,1.169
0.203,0,0,2.2,0.715
0.369,0,0,1.99,0.423
1.94,0,0,1.14,0.4
0,0,0,2.85,0.348
1.79,0,0,2.24,0.318
0,0,0,2.63,0.29
2.5,0,0,1.62,0.286
0.537,0,0,2.7,0.267
0.277,0,0,2.31,0.253
0,0,0,2.69,0.235
28.1,0,0,2.84,0.453
2.67,0,0,0.837,1.08
13.4,0,0,0.866,1.479
0.631,0,0,2.41,0.532
10.6,0,0,1.94,0.487
4.74,0,0,0.92,0.813
27,0,0,0.748,1.4
2.14,0,0,0.625,2.162
1.32,0,0,2.03,0.718
0.398,0,0,2.51,0.569
0,0,0,2.04,0.492
4.19,0,0,1.77,0.473
9.34E-03,0,0,0.708,0.491
0.139,0,0,1.88,0.421
9.34E-03,0,0,2.14,0.375
0,0,0,3.68,0.337
0,0,0,1.71,0.326
9.09,0,0,3.3,0.387
0.277,0,0,2.93,0.355
0.138,0,0,1.19,0.303
9.02,0,0,2,0.405
10.9,0,0,3.25,0.435
6.20E-02,0,0,2.34,0.606
6.67,0,0,3.96,0.345
1.90E-04,0,0,2.51,0.399
6.7,0,0,3.11,0.322
0.262,0,0,2.48,0.328
0.427,0,0,2.51,0.262
0,0,0,3.6,0.237
0,0,0,3.37,0.22
0,0,0,2.96,0.21
0,0,0,3.44,0.201
0.165,0,0,4.06,0.192
2.6,0,0,2.39,0.187
1.52,0,0,0.981,0.205
0,0,0,1.48,0.188
0,0,0,2.43,0.178
0.139,0,0,2.63,0.175
0.326,0,0,1.94,0.177
0,0,0,3.06,0.167
1.90E-04,0,0,3.73,0.159
0.43,0,0,2.93,0.156
8.83,0,0,2.3,0.159
2.1,0,0,1.49,0.201
0,0,0,3.27,0.163
28.5,0,0,5.69,0.215
2.65,0,0,2.12,0.541
0.745,0,0,2.73,0.238
0,0,0,2.99,0.188
0.545,0,0,2.15,0.17
4.35E-02,0,0,1.67,0.166
0,0,0,2.16,0.156
0,0,0,3.52,0.149
0.201,0,0,2.82,0.146
0.307,0,0,1.81,0.147
0.711,0,0,2.9,0.144
0.533,0,0,0.85,0.147
0,0,0,1.86,0.138
0,0,0,4.11,0.131
1.90E-04,0,0,4.9,0.126
0,0,0,5.92,0.121
0,0,0,6,0.116
8.08,0,0,4.86,0.118
28.7,0,0,0.432,0.392
0.147,0,0,4.36,0.213
4.56,0,0,2.88,0.157
6.68,0,0,3.76,0.235
0,0,0,3.01,0.19
0.273,0,0,2.18,0.149
8.06,0,0,0.803,0.21
23.2,0,0,2.51,0.668
1.29,0,0,2.85,0.593
0.178,0,0,3.36,0.243
8.13E-02,0,0,3.78,0.179
9.55,0,0,1.99,0.245
14.2,0,0,1.16,0.513
3.84,0,0,2.06,0.506
6.79,0,0,0.74,0.617
0.105,0,0,3.09,0.364
0,0,0,3.41,0.238
0,0,0,3.49,0.207
0,0,0,4.23,0.191
0.182,0,0,4.15,0.167
4.33E-02,0,0,2.25,0.168
0.139,0,0,1.97,0.164
4.33E-02,0,0,3.73,0.157
0.677,0,0,4.21,0.15
0.292,0,0,1.35,0.151
0,0,0,3.87,0.142
4.35E-02,0,0,3.69,0.136
0.347,0,0,2.77,0.137
0.139,0,0,3.01,0.132
0,0,0,3.26,0.129
0,0,0,2.63,0.125
1.91,0,0,2.92,0.123
5.24E-02,0,0,2.4,0.125
0,0,0,2.13,0.118
4.35E-02,0,0,2.66,0.116
0.394,0,0,2.03,0.116
0.348,0,0,0.64,0.117
0.839,0,0,1.35,0.118
4.33E-02,0,0,3.15,0.112
0,0,0,2.34,0.105
0,0,0,1.34,0.103
0,0,0,1.69,0.109
0.472,0,0,1.42,0.109
2.74,0,0,2.18,0.108
3.25,0,0,2.65,0.106
0.252,0,0,1.47,0.105
0.1,0,0,2.18,0.102
0.304,0,0,1.3,0.105
0,0,0,1.11,0.102
0,0,0,2.49,0.098
3.96,0,0,1.9,0.099
6.18E-02,0,0,1.99,0.1
35.1,0,0,2.17,0.162
4.79,0,0,1.41,0.25
9.91,0,0,1.38,0.175
3.85,0,0,0.843,0.193
9.72E-03,0,0,0.808,0.177
0,0,0,2.37,0.133
0,0,0,3.41,0.115
0,0,0,2.54,0.108
0,0,0,2.24,0.103
0,0,0,1.98,0.1
0.235,0,0,2.72,0.096
14.4,0,0,0.544,0.109
24.8,0,0,0.309,0.487
3.35,0,0,0.351,0.37
15.4,0,0,1.66,0.248
1.74,0,0,2.14,0.574
7.05E-02,0,0,1.96,0.216
0,0,0,2.16,0.16
1.61,0,0,2.34,0.141
0.1,0,0,1.66,0.149
1.14,0,0,1.07,0.135
1.39,0,0,1.7,0.142
36.1,0,0,1.1,0.964
0,0,0,1.08,0.739
9.34E-03,0,0,2.02,0.267
0,0,0,1.38,0.187
0.307,0,0,1.02,0.164
4.08,0,0,1.3,0.158
7.46,0,0,1.33,0.238
2.08,0,0,1.33,0.219
5.46,0,0,1.8,0.196
9.34E-03,0,0,0.686,0.225
1.82,0,0,0.965,0.183
0,0,0,1.61,0.17
0.849,0,0,0.834,0.16
3.55,0,0,2.2,0.152
1.38,0,0,1.31,0.177
0,0,0,1.92,0.157
0,0,0,2.07,0.141
0,0,0,1.91,0.132
0,0,0,1.53,0.128
0,0,0,1.27,0.124
0,0,0,1.15,0.121
7.32,0,0,1.15,0.122
4.4,0,0,0.346,0.185
0,0,0,0.811,0.144
3.77,0,0,1.18,0.129
5.56,0,0,0.773,0.165
6.97,0,0,0.592,0.227
0,0,0,0.721,0.192
0,0,0,0.802,0.154
9.52,0,0,0.679,0.266
10.5,0,0,0.548,0.712
19.6,0,0,0.769,0.781
3.17,0,0,0.678,0.611
30.7,0,0,0.901,1.844
9.7,0,0,1.33,1.698
0.138,0,0,1.51,0.906
0.119,0,0,0.904,0.537
1.04,0,0,1.65,0.46
0,0,0,0.707,0.405
0,0,0,1.44,0.361
0,0,0,0.97,0.339
5.02,0,0,0.912,0.353
0,0,0,0.546,0.356
9.06,0,0,0.691,0.453
4.9,0,0,0.874,0.614
18.9,0,0,0.785,0.958
9.32,0,0,1.15,1.703
3.16,0,0,0.997,0.588
6.16,0,0,0.687,0.484
4.24,0,0,0.383,0.836
1.47,0,0,0.437,0.551
21.5,0,0,0.374,0.744
1.85,0,0,0.484,1.683
0.118,0,0,0.289,0.666
0,0,0,0.184,0.55
0.247,0,0,0.168,0.499
8.94,0,0,0.392,0.563
28.3,0,0,0.66,2.406
2.21,0,0,0.766,1.419
0.952,0,0,0.696,0.744
6.72,0,0,0.643,0.707
13.8,0,0,0.802,1.326
5.84,0,0,0.354,1.861
6.34,0,0,0.449,1.204
0.239,0,0,0.413,0.911
0.247,0,0,0.227,0.72
0.1,0,0,0.251,0.641
0.147,0,0,0.126,0.584
0,0,0,0.502,0.536
0,0,0,0.478,0.487
0,0,0,0.426,0.456
0,0,0,0.272,0.432
23.1,0,0,0.293,0.887
4.66,0,0,0.457,2.067
26.7,0,0,0.335,3.07
2.64,0,0,0.616,1.363
0.235,0,0,1.31,0.773
0,0,0,0.364,0.662
0,0,0,0.448,0.608
0,0,0,0.548,0.555
0.832,0,0,0.236,0.516
5.3,0,0,8.18E-02,0.507
9.38,0,0,0.654,0.96
3.5,0,0,0.841,0.634
6.65,0,0,0.836,0.658
0.484,0,0,0.287,0.846
1.4,0,0,0.328,0.563
15.9,0,0,0.455,0.943
10.5,0,0,0.669,2.242
2.39,0,0,0.74,0.821
0.123,0,0,1.11,0.641
0,0,0,0.285,0.564
0,0,0,0.25,0.527
27.3,0,0,0.383,2.401
1.31,0,0,0.903,1.1
7.02,0,0,0.522,0.746
0.418,0,0,0.336,0.909
8.39,0,0,0.309,1.07
17.8,0,0,0.196,2.43
2.78,0,0,0.719,1.4
13.9,0,0,0.57,1.31
4.35,0,0,0.678,1.73
1.85,0,0,0.901,0.986
6.72,0,0,0.33,1.07
3.38,0,0,1.27,0.944
8.35,0,0,0.938,1.61
3.47,0,0,1.09,1.06
3.84,0,0,0.898,1.1
29.1,0,0,0.667,4.36
2.75,0,0,0.608,1.43
0.147,0,0,0.237,1
0.235,0,0,0.526,0.881
6.92,0,0,0.529,0.832
6.37,0,0,0.404,1.58
7.39,0,0,0.398,0.864
1.3,0,0,0.194,1.18
10.4,0,0,0.312,1.65
0,0,0,1.01,0.885
0.171,0,0,0.538,0.732
0,0,0,0.39,0.651
2.61,0.572,0.572,0.675,0.641
2.38,0.535,0.535,0.926,0.636
5.72,1.77,1.77,0.971,0.587
38.8,0,0,0.594,2.83
13.6,0,0,0.469,4.49
14.4,0,0,0.826,1.47
33.8,0,0,0.506,3.89
21.9,0,0,0.463,4.49
8.82,0,0,0.361,4.68
1.90E-04,0,0,0.891,1.76
13.1,0,0,0.722,2.14
1.21,0,0,1.33,1.35
0.118,0,0,1.31,1.07
3.15,0,0,0.568,0.931
0,0,0,0.516,0.856
1.81E-02,0,0,0.32,0.751
0,0,0,0.244,0.675
0.712,0,0,0.253,0.633
0,0,0,0.362,0.573
1.81E-02,0,0,0.408,0.52
2.95,0,0,0.404,0.554
0,0,0,0.472,0.508
0.1,0,0,0.661,0.445
0,0,0,0.799,0.41
0,0,0,1.14,0.382
0,0,0,0.853,0.357
0,0,0,1.18,0.334
1.52,0.263,0.263,1.06,0.32
3.15,0,0,0.455,0.363
1.34,0.415,0.415,0.899,0.334
10.9,10.2,2.28,0.688,0.353
1.39,0.68,3.96,1.15,0.359
0,0,1.94,0.805,0.374
1.81E-02,0,0.426,0.614,0.37
9.34E-03,0,0.687,0.666,0.352
0.191,0,1.45,1.13,0.403
4.88,0,0,0.63,0.57
3.76,0,0,0.655,0.416
1.8,0,0,0.604,0.396
0.972,0,0,0.768,0.346
1.81E-02,0,0,0.862,0.296
0,0,0,0.835,0.272
0,0,0,0.921,0.26
0,0,0,1.01,0.251
3.62,0.726,0.726,1.11,0.252
1.21,0,0,0.498,0.376
11.3,0,0,0.966,0.391
4.7,0,0,0.891,1.12
13.8,0,0,0.561,1.08
3.69,0,0,0.628,0.768
0,0,0,1.39,0.524
19,0,0,0.814,0.975
3.61,0,0,1.13,1.46
0.139,0,0,0.951,0.728
0,0,0,1.21,0.528
1.08,0,0,1.5,0.473
0.277,0,0,1.4,0.45
3.83,0,0,1.37,0.43
0.157,0,0,1.06,0.459
0.354,0,0,0.473,0.396
0,0,0,0.843,0.364
1.90E-04,0,0,0.805,0.329
0,0,0,0.526,0.298
0,0,0,1.78,0.268
0.928,0,0,1.65,0.25
2.83,0,0,0.909,0.26
1.8,0,0,1.5,0.251
6.28,0,0,0.944,0.299
3.5,0,0,1.38,0.298
2.22,0,0,1.3,0.301
1.7,0,0,1.59,0.267
5.31E-02,0,0,1.63,0.237
0.178,0,0,1.13,0.222
4.17,0,0,0.721,0.233
0.532,0,0,0.917,0.247
0.218,0,0,1.24,0.228
0,0,0,1.39,0.222
0.33,0,0,0.845,0.216
0.307,0,0,0.925,0.209
7.16,0,0,0.827,0.284
6.20E-02,0,0,1.83,0.235
15.5,0,0,1.52,0.564
5.31E-02,0,0,1.64,0.484
2.19,0,0,2.31,0.263
2.75,0,0,0.903,0.278
2.42,0,0,1.77,0.272
0,0,0,2.25,0.244
1.90E-04,0,0,1.29,0.22
0,0,0,2.19,0.206
0,0,0,2.2,0.195
0.138,0,0,1.56,0.186
0.794,0,0,1.56,0.182
0.593,0,0,1.24,0.178
0.199,0,0,1.53,0.175
0,0,0,1.56,0.17
0,0,0,2.03,0.166
1.81E-02,0,0,2.4,0.163
17.3,0,0,2.36,0.254
12.9,0,0,0.938,0.507
7.28,0,0,0.706,0.635
0,0,0,1.42,0.509
7.93E-02,0,0,2.07,0.262
1.47,0,0,1.3,0.225
1.90E-04,0,0,0.453,0.212
1.81E-02,0,0,1.7,0.197
0,0,0,0.849,0.185
0,0,0,1.41,0.181
0,0,0,1.26,0.173
0,0,0,1.72,0.166
0,0,0,1.66,0.159
0,0,0,2.83,0.154
0,0,0,2.72,0.149
0,0,0,2.77,0.147
0,0,0,1.65,0.145
0,0,0,2.28,0.14
0,0,0,2.55,0.136
0,0,0,2.74,0.133
0,0,0,2.99,0.132
0,0,0,2.61,0.13
0,0,0,2.88,0.126
0,0,0,2.35,0.124
1.21,0,0,2.75,0.121
3.02,0,0,2.44,0.127
0.604,0,0,1.95,0.124
3.79E-04,0,0,2.81,0.118
7.78,0,0,1.33,0.129
0,0,0,2.68,0.128
0,0,0,3.23,0.116
4.99,0,0,2.1,0.127
0.249,0,0,1.37,0.122
0,0,0,3.08,0.117
0.691,0,0,1.45,0.116
0.138,0,0,3,0.113
9.59E-02,0,0,2.39,0.108
0.974,0,0,3.04,0.106
0,0,0,1.98,0.104
1.5,0,0,1.3,0.101
0,0,0,2.09,0.099
0,0,0,3.27,0.097
0,0,0,3.98,0.094
0,0,0,1.61,0.094
0,0,0,3.27,0.092
0,0,0,1.34,0.09
1.90E-04,0,0,2.57,0.084
5.47,0,0,2.29,0.086
1.84,0,0,3.57,0.092
0.178,0,0,3.77,0.086
26.5,0,0,3.34,0.191
7.79,0,0,0.991,0.229
1.44,0,0,1.98,0.134
3.04,0,0,4.31,0.105
5.24,0,0,1.44,0.136
0,0,0,2.3,0.109
0.623,0,0,3.57,0.095
10.8,0,0,2.38,0.1
0.191,0,0,2.17,0.153
1.47,0,0,2.63,0.108
0.728,0,0,2.76,0.1
1.39,0,0,2.87,0.094
0,0,0,3.4,0.088
0,0,0,4.02,0.083
5.89,0,0,4.15,0.083
0,0,0,3.78,0.086
2.18,0,0,1.74,0.082
0.165,0,0,3.46,0.08
7.07E-02,0,0,2.75,0.079
0.389,0,0,1.73,0.079
0,0,0,2.03,0.077
16.1,0,0,3.97,0.11
2.94,0,0,1.17,0.145
9.29,0,0,0.534,0.185
12,0,0,2.88,0.138
0.387,0,0,2.75,0.205
0,0,0,2.51,0.12
15.4,0,0,2.9,0.339
8.25,0,0,2.33,0.262
0.813,0,0,2.21,0.198
5.81,0,0,1.87,0.154
0.182,0,0,2.45,0.127
1.28,0,0,2.85,0.107
1.52,0,0,0.827,0.11
1.57,0,0,1.01,0.105
0.415,0,0,1.95,0.102
0.196,0,0,0.654,0.098
0.262,0,0,2.41,0.094
0,0,0,2.92,0.089
0,0,0,3.94,0.084
0.39,0,0,4.24,0.082
0.775,0,0,4.6,0.082
0.135,0,0,1.03,0.083
0,0,0,0.784,0.084
1.7,0,0,2.67,0.081
0,0,0,2.39,0.082
0,0,0,4.18,0.078
25.1,0,0,3.64,0.134
1.90E-04,0,0,2.36,0.163
0,0,0,2.75,0.101
14.5,0,0,3.1,0.101
1.93,0,0,2.76,0.142
0.143,0,0,2.36,0.112
0.462,0,0,1.46,0.096
13.4,0,0,1.62,0.13
3.33,0,0,2.86,0.17
11.4,0,0,2.96,0.133
4.89,0,0,1.83,0.55
13.6,0,0,2.41,0.204
16,0,0,1.89,1.55
0.169,0,0,1.73,0.316
29.1,0,0,1.85,0.86
5.02,0,0,1.77,1.54
2.58,0,0,1.47,0.578
0.446,0,0,1.71,0.403
14.3,0,0,2.13,0.798
0,0,0,1.51,0.558
0.325,0,0,1.86,0.327
1.83,0,0,1.55,0.289
0.182,0,0,2.35,0.262
0,0,0,2.39,0.243
0,0,0,1.4,0.232
0,0,0,2.18,0.225
2.96,0,0,1.93,0.216
0.139,0,0,0.695,0.237
1.81E-02,0,0,2.12,0.206
0,0,0,2.53,0.187
0,0,0,3.06,0.171
0,0,0,3.01,0.161
0.815,0,0,2.71,0.158
17.4,0,0,0.994,0.398
21.7,0,0,1.27,1.41
32.1,0,0,1.76,2.71
6.76,0,0,3.21,0.938
1.84,0,0,2.12,0.658
0.182,0,0,2.24,0.4
22.7,0,0,1.08,1.57
18.6,0,0,2.37,1.09
0.165,0,0,1.96,1.93
13.3,0,0,1.38,1.04
0.273,0,0,1.39,0.985
1.78,0,0,2.14,0.575
4.64,0,0,0.734,0.616
0.157,0,0,1.78,0.607
1.12,0,0,1.36,0.462
0.592,0,0,0.771,0.456
1.72,0,0,0.558,0.413
3.79E-04,0,0,0.485,0.415
1.34,0,0,0.513,0.376
23,0,0,0.411,1.17
0.234,0,0,0.975,1.49
9.59,0,0,0.975,0.928
6.15,0,0,1.79,0.872
34.9,0,0,0.779,2.74
5.72,0,0,1.97,2.11
5.11,0,0,1.89,1.18
2.24,0,0,1.75,0.862
0.147,0,0,0.838,0.757
0,0,0,1.06,0.654
0,0,0,1.24,0.578
0,0,0,1.55,0.519
0,0,0,1.57,0.473
1.11,0,0,0.589,0.446
2.13,0,0,0.839,0.474
41.9,0,0,0.594,2.09
10.8,0,0,0.649,2.2
0.399,0,0,0.694,0.84
7.87,0,0,0.65,1.02
6.36,0,0,0.77,0.849
13.1,0,0,0.735,1.17
14.4,0,0,0.337,2.36
16.2,0,0,1.47,1.47
39,0,0,0.648,7.3
15.6,0,0,0.44,3.21
11.5,0,0,0.879,2.37
2.68E-02,0,0,0.978,1.78
0.924,0,0,0.992,1.25
2.88,0,0,1.02,1.07
2.13,0,0,1.2,0.952
1.39,0,0,0.673,0.852
0.147,0,0,0.376,0.724
9.34E-03,0,0,0.267,0.641
0,0,0,0.51,0.579
0.54,0,0,0.723,0.531
2.99,0,0,0.388,0.52
0,0,0,1.31,0.479
5.58,0,0,0.994,0.432
11.3,0,0,0.483,1.63
5.34,0,0,0.463,0.887
5.61,0,0,0.4,0.84
7.61,0,0,0.691,0.789
0.689,0,0,0.946,0.551
6.66,0,0,0.322,0.732
0.684,0,0,0.981,0.585
1.11,0,0,0.656,0.498
0,0,0,0.732,0.467
0.547,0,0,0.81,0.457
0.804,0,0,0.644,0.45
7.27,0,0,0.62,0.478
20.4,0,0,0.367,1.4
2.65,0,0,0.309,1.12
5.63,0,0,0.222,0.78
3.38,0,0,0.286,0.913
0.329,0,0,0.761,0.654
3.93,0,0,0.238,0.592
3.48,0,0,0.174,0.797
12.4,0,0,0.426,0.852
0.268,0,0,0.531,1.02
6.37,0,0,0.559,1.02
0,0,0,0.762,0.775
1.15,0,0,0.361,0.596
3.66,0,0,0.64,0.747
2.17,0,0,0.182,0.615
1.58,0,0,9.12E-02,0.566
0.139,0,0,0.375,0.545
0.581,0,0,0.402,0.492
0.815,0,0,0.294,0.484
1.79,0,0,0.544,0.458
1.81E-02,0,0,0.153,0.428
0,0,0,0.314,0.402
0,0,0,0.278,0.38
7.46,0,0,0.18,0.486
0,0,0,0.198,0.522
0,0,0,0.315,0.401
0,0,0,0.293,0.366
13.8,0,0,0.436,0.424
8.81,0,0,0.459,0.803
5.28,0,0,1,0.838
2.61,0,0,0.799,0.786
5.38,0,0,0.559,0.623
2.69,0.714,0.714,0.597,0.487
4.56,0,0,0.522,0.559
27.7,0,0,0.464,1.76
2.66,0,0,0.447,2.38
0.396,0,0,0.794,0.83
6.82,0,0,0.984,0.855
6.22,0,0,0.751,0.803
0.632,0,0,0.535,0.737
17.6,0,0,0.478,2.03
9.34E-03,0,0,1.24,0.892
3.58,0,0,0.591,0.786
6.27,0,0,0.543,0.889
6.14E-02,0,0,0.351,0.857
