precip,snofall,snomlt,et,jday,mon,day,yr,flo_out
10.9,0,16.8,0.233,1,1,1,2001,2.34
7.76,0,8.57,0.229,2,1,2,2001,3.42
22.3,0,0.111,0.389,3,1,3,2001,4.19
5.79E-02,0,0,0.266,4,1,4,2001,2.98
0.523,0,0,9.85E-03,5,1,5,2001,2.12
3.02,0,0,0.483,6,1,6,2001,1.76
6.63,0,0,0.636,7,1,7,2001,1.68
0.133,0,0,0.356,8,1,8,2001,1.18
0,0,0,5.90E-02,9,1,9,2001,0.838
0,0,0,0.523,10,1,10,2001,0.598
0,0,0,0.49,11,1,11,2001,0.427
0,0,0,0.223,12,1,12,2001,0.304
0,0,0,0.119,13,1,13,2001,0.219
0,0,0,0.144,14,1,14,2001,0.158
0,0,0,5.99E-02,15,1,15,2001,0.115
0,0,0,0.108,16,1,16,2001,8.43E-02
3.73E-02,3.57E-03,9.14E-04,0.109,17,1,17,2001,6.27E-02
0,0,0,1.19E-02,18,1,18,2001,4.68E-02
0,0,0,2.53E-02,19,1,19,2001,3.55E-02
4.21,2.4,0.728,4.19E-02,20,1,20,2001,4.21E-02
1.28,0.78,2.42,0.245,21,1,21,2001,0.197
8.03,0,3.73E-02,0.264,22,1,22,2001,0.781
17.8,0,0,0.509,23,1,23,2001,1.9
8.77,0,0,1.03,24,1,24,2001,2.09
12.3,0,0,0.838,25,1,25,2001,2.41
2.06E-02,0,0,0.574,26,1,26,2001,1.64
0,0,0,0.301,27,1,27,2001,1.17
0.799,3.15E-02,3.15E-02,0.102,28,1,28,2001,0.832
12.8,0,0,0.275,29,1,29,2001,1.4
6.63,0,0,4.87E-02,30,1,30,2001,1.45
1.76E-03,0,0,5.74E-02,31,1,31,2001,1
14,0,0,0.183,32,2,1,2001,1.7
25.1,0,0,0.185,33,2,2,2001,2.88
10.7,0,0,0.381,34,2,3,2001,2.57
17.8,0,0,0.111,35,2,4,2001,2.85
15.6,0,0,0.206,36,2,5,2001,3.1
6.96,0,0,1.16,37,2,6,2001,2.54
18.7,0,0,0.451,38,2,7,2001,3.11
0,0,0,0.83,39,2,8,2001,2.1
1.72,0.357,0.348,0.509,40,2,9,2001,1.54
28.8,0,9.37E-03,0.506,41,2,10,2001,3.06
32.2,0,0,0.194,42,2,11,2001,4.22
9.35E-04,0,0,0.339,43,2,12,2001,2.82
0,0,0,0.37,44,2,13,2001,2
0,0,0,0.607,45,2,14,2001,1.42
1.49,0,0,0.333,46,2,15,2001,1.02
0,0,0,0.471,47,2,16,2001,0.725
0,0,0,0.352,48,2,17,2001,0.518
0.554,3.04E-02,5.09E-03,0.421,49,2,18,2001,0.372
2.39,0,2.53E-02,5.69E-02,50,2,19,2001,0.368
2.14,0,0,0.453,51,2,20,2001,0.366
4.75,0,0,9.51E-02,52,2,21,2001,0.513
2.67,0,0,0.267,53,2,22,2001,0.529
0.538,0,0,0.978,54,2,23,2001,0.389
1.97,0.667,0.667,1.02,55,2,24,2001,0.35
10.5,6.02,2.17,0.806,56,2,25,2001,0.46
8.31,2.71,3.02,0.212,57,2,26,2001,0.709
6.07,4.03,1.36,0.318,58,2,27,2001,0.616
0.94,0.63,0.364,0.519,59,2,28,2001,0.45
6.63E-02,5.77E-03,4.57E-04,0.527,60,3,1,2001,0.318
0,0,0,0.494,61,3,2,2001,0.226
0,0,0,0.421,62,3,3,2001,0.162
0,0,0,0.339,63,3,4,2001,0.117
0,0,1.78,0.449,64,3,5,2001,0.267
10.1,0,4.59,0.801,65,3,6,2001,1.17
3.1,0,0,1.03,66,3,7,2001,1.41
6.07,0,0,1.04,67,3,8,2001,1.45
18.5,0,0,0.385,68,3,9,2001,2.2
2.22,0,0,0.343,69,3,10,2001,1.59
5.91,0,0,0.371,70,3,11,2001,1.5
7.4,0,0,1.21,71,3,12,2001,1.57
3.45E-02,0,0,0.735,72,3,13,2001,1.08
0,0,0,0.356,73,3,14,2001,0.767
4.13,0,0,0.649,74,3,15,2001,0.659
4.4,0,0,0.593,75,3,16,2001,0.64
3.19,2.19,2.19,0.683,76,3,17,2001,0.723
2.16E-02,1.50E-03,1.50E-03,1.08,77,3,18,2001,0.502
0,0,0,0.567,78,3,19,2001,0.358
8.38,3.41,3.02,1.69,79,3,20,2001,0.418
27.4,15.9,3.76,0.466,80,3,21,2001,0.708
2.31,0,10.6,0.293,81,3,22,2001,1.56
2.16E-02,0,1.95,0.588,82,3,23,2001,1.35
0,0,0,0.555,83,3,24,2001,0.957
0,0,0,0.528,84,3,25,2001,0.68
7.3,0,0,1.53,85,3,26,2001,0.994
10.1,0,0,0.444,86,3,27,2001,1.38
1.67,0,0,1.05,87,3,28,2001,1.01
0.478,0,0,0.951,88,3,29,2001,0.718
12.5,0,0,1.78,89,3,30,2001,1.45
6.93,0,0,0.366,90,3,31,2001,1.42
1.88,0,0,1.62,91,4,1,2001,1.06
1.72,0,0,1.01,92,4,2,2001,0.799
25.1,0,0,1.6,93,4,3,2001,2.13
3.4,0,0,1.58,94,4,4,2001,1.54
38,0,0,0.441,95,4,5,2001,3.79
22.6,0,0,0.54,96,4,6,2001,4.26
3.71,0,0,0.734,97,4,7,2001,3.13
17.2,0,0,0.781,98,4,8,2001,3.22
6.94,0,0,0.79,99,4,9,2001,2.68
3.66,0,0,1.01,100,4,10,2001,2.04
0,0,0,1.11,101,4,11,2001,1.44
0.972,0,0,0.733,102,4,12,2001,1.02
2.59,0,0,1.19,103,4,13,2001,0.798
17.9,0,0,0.598,104,4,14,2001,1.77
0.617,0,0,1.14,105,4,15,2001,1.19
2.16E-02,0,0,1.04,106,4,16,2001,0.843
4.9,0,0,0.902,107,4,17,2001,0.879
1.62,0,0,1.75,108,4,18,2001,0.612
0.972,0,0,1.58,109,4,19,2001,0.439
0,0,0,1.11,110,4,20,2001,0.31
12.1,0,0,1.71,111,4,21,2001,0.855
22.4,0,0,0.225,112,4,22,2001,1.9
1.24,0,0,1.81,113,4,23,2001,1.28
12.1,0,0,0.673,114,4,24,2001,1.75
1.79,0,0,1.28,115,4,25,2001,1.31
2.16E-02,0,0,1.23,116,4,26,2001,0.922
9.2,0,0,1.51,117,4,27,2001,1.26
13.1,0,0,1.95,118,4,28,2001,1.79
4.12,0,0,1.79,119,4,29,2001,1.44
2.16E-02,0,0,0.962,120,4,30,2001,1
0.124,0,0,1.45,121,5,1,2001,0.713
0,0,0,1.29,122,5,2,2001,0.507
0,0,0,1.2,123,5,3,2001,0.361
0,0,0,1.31,124,5,4,2001,0.257
0,0,0,1.37,125,5,5,2001,0.183
0,0,0,1.24,126,5,6,2001,0.132
0,0,0,1.44,127,5,7,2001,9.42E-02
0,0,0,1.08,128,5,8,2001,6.76E-02
14.1,0,0,2.35,129,5,9,2001,0.373
4.54,0,0,1.55,130,5,10,2001,0.452
0,0,0,1.49,131,5,11,2001,0.306
0,0,0,2.06,132,5,12,2001,0.217
4.7,0,0,2.4,133,5,13,2001,0.203
2.02,0,0,1.71,134,5,14,2001,0.196
1.78,0,0,0.915,135,5,15,2001,0.19
7.53,0,0,1.32,136,5,16,2001,0.502
1.69,0,0,0.855,137,5,17,2001,0.393
0,0,0,1.31,138,5,18,2001,0.273
0,0,0,0.596,139,5,19,2001,0.193
0,0,0,0.736,140,5,20,2001,0.137
0,0,0,0.67,141,5,21,2001,9.65E-02
0,0,0,1.89,142,5,22,2001,6.80E-02
0,0,0,1.84,143,5,23,2001,4.75E-02
0,0,0,2.1,144,5,24,2001,3.31E-02
1.21,0,0,2.11,145,5,25,2001,2.69E-02
19,0,0,1.03,146,5,26,2001,0.745
21.3,0,0,0.398,147,5,27,2001,1.86
1.06,0,0,0.787,148,5,28,2001,1.32
3.73E-02,0,0,2.26,149,5,29,2001,0.929
4.01,0,0,2.03,150,5,30,2001,0.768
2.34,0,0,1.94,151,5,31,2001,0.602
2.93,0,0,0.903,152,6,1,2001,0.538
9.93E-02,0,0,1.15,153,6,2,2001,0.373
0,0,0,1.82,154,6,3,2001,0.265
0,0,0,1.56,155,6,4,2001,0.188
0,0,0,1.56,156,6,5,2001,0.133
4.36,0,0,1.47,157,6,6,2001,0.169
0.353,0,0,2.02,158,6,7,2001,0.107
0.278,0,0,1.5,159,6,8,2001,7.62E-02
0.262,0,0,0.727,160,6,9,2001,5.36E-02
3.73E-02,0,0,1.76,161,6,10,2001,3.74E-02
0,0,0,0.695,162,6,11,2001,2.61E-02
1.88E-02,0,0,1.12,163,6,12,2001,1.80E-02
0,0,0,1.28,164,6,13,2001,1.22E-02
18.8,0,0,1.68,165,6,14,2001,0.716
2.06,0,0,1.89,166,6,15,2001,0.472
0.452,0,0,1.04,167,6,16,2001,0.332
9.47E-02,0,0,1.25,168,6,17,2001,0.233
8.58,0,0,2.13,169,6,18,2001,0.526
13.7,0,0,1.78,170,6,19,2001,1.18
3.73E-02,0,0,0.706,171,6,20,2001,0.794
0,0,0,1.87,172,6,21,2001,0.562
0,0,0,1.05,173,6,22,2001,0.397
0,0,0,1.51,174,6,23,2001,0.281
0,0,0,1.41,175,6,24,2001,0.198
0,0,0,2.02,176,6,25,2001,0.14
0.816,0,0,2.34,177,6,26,2001,0.102
1.46,0,0,2.03,178,6,27,2001,7.60E-02
3.71,0,0,1.91,179,6,28,2001,7.05E-02
3.5,0,0,1.76,180,6,29,2001,6.67E-02
0.154,0,0,1.23,181,6,30,2001,3.91E-02
0,0,0,1.21,182,7,1,2001,2.64E-02
3.18E-02,0,0,2.11,183,7,2,2001,1.80E-02
22.4,0,0,2.44,184,7,3,2001,0.843
3.34,0,0,2.15,185,7,4,2001,0.638
0,0,0,2.27,186,7,5,2001,0.443
1.05,0,0,1.09,187,7,6,2001,0.32
3.67,0,0,0.699,188,7,7,2001,0.438
0.718,0,0,0.736,189,7,8,2001,0.346
6.71,0,0,2.15,190,7,9,2001,0.606
7.11,0,0,1.71,191,7,10,2001,0.82
3,0,0,1.34,192,7,11,2001,0.695
4.86,0,0,1.92,193,7,12,2001,0.676
1.88E-02,0,0,1.65,194,7,13,2001,0.467
1.63,0,0,2.08,195,7,14,2001,0.341
0,0,0,1.5,196,7,15,2001,0.235
6.37E-02,0,0,1.83,197,7,16,2001,0.166
4.67,0,0,1.86,198,7,17,2001,0.276
0.172,0,0,0.982,199,7,18,2001,0.179
3.45E-02,0,0,1.17,200,7,19,2001,0.126
7.04,0,0,1.67,201,7,20,2001,0.431
0.651,0,0,0.759,202,7,21,2001,0.287
0,0,0,1.33,203,7,22,2001,0.2
0,0,0,1.16,204,7,23,2001,0.141
1.93,0,0,0.561,205,7,24,2001,0.116
0,0,0,1.93,206,7,25,2001,7.40E-02
0,0,0,1.58,207,7,26,2001,5.17E-02
0,0,0,1.44,208,7,27,2001,3.58E-02
0,0,0,1.88,209,7,28,2001,2.43E-02
0,0,0,2.04,210,7,29,2001,1.66E-02
5.04,0,0,2.39,211,7,30,2001,4.22E-02
0,0,0,1.15,212,7,31,2001,1.53E-02
9.37E-02,0,0,1.9,213,8,1,2001,1.10E-02
1.53,0,0,0.763,214,8,2,2001,1.36E-02
0.109,0,0,1.54,215,8,3,2001,6.33E-03
2.03,0,0,1.53,216,8,4,2001,1.32E-02
12.5,0,0,2.5,217,8,5,2001,0.402
13.3,0,0,0.492,218,8,6,2001,0.963
12.1,0,0,0.897,219,8,7,2001,1.35
4.86,0,0,1.91,220,8,8,2001,1.27
7.76E-02,0,0,1.45,221,8,9,2001,0.883
21.9,0,0,2.6,222,8,10,2001,1.85
8.31,0,0,0.35,223,8,11,2001,1.77
9.33,0,0,0.362,224,8,12,2001,1.82
4.53,0,0,0.384,225,8,13,2001,1.59
8.41E-02,0,0,2.37,226,8,14,2001,1.11
14.5,0,0,1.06,227,8,15,2001,1.65
7.84,0,0,2.26,228,8,16,2001,1.76
4.09,0,0,0.898,229,8,17,2001,1.41
21.3,0,0,0.714,230,8,18,2001,2.23
1.46,0,0,1.61,231,8,19,2001,1.61
0,0,0,1.61,232,8,20,2001,1.13
4.74,0,0,2.09,233,8,21,2001,1.03
0,0,0,1.2,234,8,22,2001,0.712
0.114,0,0,0.543,235,8,23,2001,0.506
7.06,0,0,0.78,236,8,24,2001,0.717
2.46,0,0,0.384,237,8,25,2001,0.691
0,0,0,2.13,238,8,26,2001,0.48
0,0,0,1.5,239,8,27,2001,0.341
0,0,0,1.37,240,8,28,2001,0.243
2.64,0,0,2.13,241,8,29,2001,0.184
13.5,0,0,1.16,242,8,30,2001,0.808
0.697,0,0,1.52,243,8,31,2001,0.536
6.63,0,0,0.76,244,9,1,2001,0.651
4.53,0,0,0.904,245,9,2,2001,0.659
0.497,0,0,0.971,246,9,3,2001,0.459
7.47,0,0,2.14,247,9,4,2001,0.845
17.1,0,0,0.273,248,9,5,2001,1.92
1.83,0,0,1.45,249,9,6,2001,1.37
9.91,0,0,0.883,250,9,7,2001,1.57
0.114,0,0,0.993,251,9,8,2001,1.07
1.88E-02,0,0,0.575,252,9,9,2001,0.76
0.477,0,0,1.07,253,9,10,2001,0.542
8.41E-02,0,0,0.413,254,9,11,2001,0.385
29,0,0,0.866,255,9,12,2001,2.4
8.11,0,0,1.09,256,9,13,2001,2.02
2.16,0,0,1.49,257,9,14,2001,1.49
2.49,0,0,1.29,258,9,15,2001,1.11
0.75,0,0,1.09,259,9,16,2001,0.785
0,0,0,0.994,260,9,17,2001,0.557
0,0,0,0.541,261,9,18,2001,0.397
0.705,0,0,1.18,262,9,19,2001,0.286
9.37E-02,0,0,0.942,263,9,20,2001,0.202
0,0,0,0.533,264,9,21,2001,0.145
3.18E-02,0,0,0.476,265,9,22,2001,0.105
0.42,0,0,0.639,266,9,23,2001,7.69E-02
2.05,0,0,0.812,267,9,24,2001,6.05E-02
5.62E-02,0,0,0.863,268,9,25,2001,4.00E-02
14.3,0,0,1.01,269,9,26,2001,0.67
9.39,0,0,0.396,270,9,27,2001,1.09
18.6,0,0,2.16,271,9,28,2001,2.01
2.93,0,0,1.82,272,9,29,2001,1.54
35.7,0,0,0.818,273,9,30,2001,4.03
3.84,0,0,1.94,274,10,1,2001,2.83
0.285,0,0,1.21,275,10,2,2001,1.99
2.71,0,0,1.61,276,10,3,2001,1.46
30.1,0,0,0.899,277,10,4,2001,3.82
21.5,0,0,0.994,278,10,5,2001,3.91
11.1,0,0,1.69,279,10,6,2001,3.41
19.7,0,0,0.675,280,10,7,2001,3.76
17.3,0,0,1.51,281,10,8,2001,3.73
2.5,0,0,1.4,282,10,9,2001,2.69
14.2,0,0,0.447,283,10,10,2001,2.85
17.4,0,0,0.389,284,10,11,2001,3.33
1.88E-02,0,0,1.18,285,10,12,2001,2.25
2.44,0,0,0.391,286,10,13,2001,1.7
5.45,0,0,0.21,287,10,14,2001,1.57
5.8,0,0,1.13,288,10,15,2001,1.52
7.54E-02,0,0,1,289,10,16,2001,1.05
7.64,0,0,2.1,290,10,17,2001,1.17
0,0,0,0.846,291,10,18,2001,0.804
17.4,0,0,0.808,292,10,19,2001,1.77
0.149,0,0,0.551,293,10,20,2001,1.17
0,0,0,0.323,294,10,21,2001,0.829
3.79,0,0,0.921,295,10,22,2001,0.778
11.1,0,0,0.469,296,10,23,2001,1.33
0.896,0,0,0.821,297,10,24,2001,0.943
14,0,0,0.757,298,10,25,2001,1.7
5.19,0,0,1.32,299,10,26,2001,1.42
0.144,0,0,0.742,300,10,27,2001,0.991
6.35E-02,0,0,0.304,301,10,28,2001,0.705
0,0,0,0.34,302,10,29,2001,0.502
11.5,0,0,1.17,303,10,30,2001,1.03
0,0,0,1.19,304,10,31,2001,0.692
0,0,0,0.563,305,11,1,2001,0.491
0,0,0,0.386,306,11,2,2001,0.351
2.88,0,0,0.375,307,11,3,2001,0.355
0.466,0,0,0.952,308,11,4,2001,0.258
1.71,0,0,1.02,309,11,5,2001,0.266
20.5,0,0,0.645,310,11,6,2001,1.57
17.9,0,0,0.587,311,11,7,2001,2.24
7.33,0,0,1.25,312,11,8,2001,1.84
0.296,0,0,0.838,313,11,9,2001,1.29
4.85,0,0,0.393,314,11,10,2001,1.15
17.4,0,0,0.224,315,11,11,2001,2
5.16,0,0,0.356,316,11,12,2001,1.62
5.53,0,0,0.76,317,11,13,2001,1.43
1.88E-02,0,0,0.1,318,11,14,2001,0.996
9.93E-02,0,0,5.49E-02,319,11,15,2001,0.707
3.18E-02,0,0,0.129,320,11,16,2001,0.504
0,0,0,0.133,321,11,17,2001,0.359
3.52,0,0,6.17E-02,322,11,18,2001,0.415
1.71,0,0,7.25E-02,323,11,19,2001,0.345
3.12,0,0,0.463,324,11,20,2001,0.419
6.98,0,0,0.833,325,11,21,2001,0.779
2.06E-02,0,0,0.708,326,11,22,2001,0.53
3.21,0,0,0.205,327,11,23,2001,0.508
20.9,0,0,0.2,328,11,24,2001,1.81
5.16,0,0,0.788,329,11,25,2001,1.55
7.32,0,0,0.537,330,11,26,2001,1.44
6.83,0,0,1.11,331,11,27,2001,1.46
51.3,0,0,0.817,332,11,28,2001,4.66
25.5,0,0,0.19,333,11,29,2001,4.77
5.5,0,0,0.257,334,11,30,2001,3.7
2.22,0,0,0.881,335,12,1,2001,2.71
6.91E-02,0,0,0.419,336,12,2,2001,1.92
19.7,0,0,0.713,337,12,3,2001,2.93
15.1,0,0,1.08,338,12,4,2001,3.13
1.26,0,0,0.553,339,12,5,2001,2.18
10.4,0,0,0.417,340,12,6,2001,2.44
6.35,0,0,0.28,341,12,7,2001,2.12
0,0,0,0.243,342,12,8,2001,1.47
3.73E-02,2.66E-03,2.66E-03,0.503,343,12,9,2001,1.05
0,0,0,0.506,344,12,10,2001,0.745
3.73E-02,0,0,0.182,345,12,11,2001,0.532
0,0,0,0.272,346,12,12,2001,0.38
0,0,0,0.155,347,12,13,2001,0.273
0,0,0,0.105,348,12,14,2001,0.197
3.73E-02,2.66E-03,2.66E-03,5.24E-02,349,12,15,2001,0.141
0,0,0,0.139,350,12,16,2001,0.103
5.62E-02,4.16E-03,4.16E-03,4.34E-02,351,12,17,2001,7.56E-02
1.02,0,0,9.28E-02,352,12,18,2001,6.22E-02
2.93,0,0,0.304,353,12,19,2001,0.164
0.313,4.77E-02,4.77E-02,0.234,354,12,20,2001,0.112
4.78,0,0,0.572,355,12,21,2001,0.34
2.15E-02,1.50E-03,1.50E-03,0.525,356,12,22,2001,0.229
10.2,6.23,1.96,0.485,357,12,23,2001,0.37
14.6,0,4.26,0.385,358,12,24,2001,1.77
6.92,0,0,0.332,359,12,25,2001,1.53
14.3,9.48,2.97,0.222,360,12,26,2001,1.4
10.8,0,6.51,0.346,361,12,27,2001,2.44
3.81,0,0,1.26,362,12,28,2001,1.87
3.5,1.43,1.32,0.562,363,12,29,2001,1.48
3.12,1.36,0.833,0.312,364,12,30,2001,1.1
0.346,0.196,3.82E-05,0.104,365,12,31,2001,0.774
0.137,2.17E-02,2.07E-04,0.206,1,1,1,2002,0.55
0.211,1.28E-02,1.99E-02,0.996,2,1,2,2002,0.393
0.399,1.75E-02,0.776,0.734,3,1,3,2002,0.383
4.98,2.71,0.178,0.166,4,1,4,2002,0.302
1.84,0,2.61,4.75E-03,5,1,5,2002,0.598
0.137,0,0,1.10E-02,6,1,6,2002,0.432
0.608,0,0,7.88E-02,7,1,7,2002,0.397
0,0,0,0.186,8,1,8,2002,0.281
9.37E-02,2.66E-03,2.66E-03,0.131,9,1,9,2002,0.202
0.414,2.20E-02,6.00E-03,6.47E-02,10,1,10,2002,0.147
1.2,0,1.60E-02,0.158,11,1,11,2002,0.185
0.373,0,0,0.565,12,1,12,2002,0.146
7.74,0,0,0.213,13,1,13,2002,0.586
17,0,0,0.261,14,1,14,2002,1.64
1.4,0,0,0.468,15,1,15,2002,1.15
27.8,0,0,0.283,16,1,16,2002,3.02
1.24,0,0,0.431,17,1,17,2002,2.05
9.65,0,0,0.578,18,1,18,2002,2.29
5.99,0,0,1.13,19,1,19,2002,2.14
5.76,0,0,0.606,20,1,20,2002,1.81
13.4,0,0,0.542,21,1,21,2002,2.32
15.9,0,0,0.855,22,1,22,2002,2.9
17.1,0,0,0.407,23,1,23,2002,3.3
5.67,0,0,0.819,24,1,24,2002,2.62
33.4,0,0,0.506,25,1,25,2002,4.51
2.47,0,0,1.17,26,1,26,2002,3.05
9.92,0,0,0.572,27,1,27,2002,2.89
0.303,0,0,1.46,28,1,28,2002,1.99
13.9,0,0,1.1,29,1,29,2002,2.48
1.43,0,0,0.529,30,1,30,2002,1.75
36.6,0,0,0.79,31,1,31,2002,4.28
24.7,0,0,0.657,32,2,1,2002,4.69
18.9,0,0,0.63,33,2,2,2002,4.66
4.06,0,0,0.993,34,2,3,2002,3.48
19.9,0,0,0.631,35,2,4,2002,4.03
9.4,0,0,0.899,36,2,5,2002,3.44
11.4,0,0,1.17,37,2,6,2002,3.19
16.1,0,0,0.523,38,2,7,2002,3.25
18.1,0,0,0.451,39,2,8,2002,3.62
1.49,0,0,1.24,40,2,9,2002,2.54
33.3,0,0,0.883,41,2,10,2002,4.53
2.06E-02,0,0,0.787,42,2,11,2002,2.96
3.03,0,0,1.51,43,2,12,2002,2.23
0.324,0,0,0.55,44,2,13,2002,1.58
0.115,5.32E-03,5.32E-03,0.283,45,2,14,2002,1.12
0.163,0,0,0.186,46,2,15,2002,0.798
0,0,0,5.84E-02,47,2,16,2002,0.569
4.16,0,0,0.36,48,2,17,2002,0.63
4.29,0,0,0.906,49,2,18,2002,0.662
22.7,0,0,0.285,50,2,19,2002,1.79
0.659,0,0,1.01,51,2,20,2002,1.2
25.9,0,0,0.683,52,2,21,2002,2.47
2.96,0,0,0.927,53,2,22,2002,1.75
1.76,0,0,1.09,54,2,23,2002,1.32
39.3,0,0,0.298,55,2,24,2002,3.71
42.4,0,0,0.283,56,2,25,2002,5.68
0.309,0,0,1.44,57,2,26,2002,3.69
1.32,0,0,1.41,58,2,27,2002,2.63
0,0,0,0.32,59,2,28,2002,1.86
0.298,0,0,0.628,60,3,1,2002,1.33
1.81,0,0,0.382,61,3,2,2002,0.974
9.37E-02,0,0,0.335,62,3,3,2002,0.687
0.425,0,0,0.417,63,3,4,2002,0.492
5.29,0,0,1.14,64,3,5,2002,0.68
1.07,0,0,0.546,65,3,6,2002,0.474
0.15,0,0,1.24,66,3,7,2002,0.336
10.4,0,0,0.483,67,3,8,2002,0.931
7.4,0,0,0.765,68,3,9,2002,1.19
5.5,0,0,0.825,69,3,10,2002,1.14
0.195,0,0,1.08,70,3,11,2002,0.792
0,0,0,0.482,71,3,12,2002,0.562
0,0,0,0.822,72,3,13,2002,0.401
0.29,0,0,0.98,73,3,14,2002,0.288
6.21,0,0,0.516,74,3,15,2002,0.483
1.47,0,0,0.955,75,3,16,2002,0.371
5.33,0,0,0.652,76,3,17,2002,0.605
5.15,0,0,0.329,77,3,18,2002,0.654
1.67,0,0,0.626,78,3,19,2002,0.511
5.3,0,0,0.937,79,3,20,2002,0.639
0.441,0,0,1.3,80,3,21,2002,0.439
0,0,0,0.235,81,3,22,2002,0.311
3.73E-02,0,0,0.452,82,3,23,2002,0.222
1.87,0,0,1.53,83,3,24,2002,0.184
1.19,0,0,0.696,84,3,25,2002,0.153
0,0,0,0.947,85,3,26,2002,0.104
3.73E-02,0,0,0.805,86,3,27,2002,7.52E-02
0,0,0,0.807,87,3,28,2002,5.40E-02
0,0,0,0.834,88,3,29,2002,3.91E-02
16.7,0,0,1.78,89,3,30,2002,0.939
14.2,0,0,0.4,90,3,31,2002,1.59
7.82,0,0,0.616,91,4,1,2002,1.68
2,0,0,1.07,92,4,2,2002,1.26
1.6,0,0,0.509,93,4,3,2002,0.958
0,0,0,0.909,94,4,4,2002,0.673
0,0,0,1.27,95,4,5,2002,0.478
0,0,0,1.57,96,4,6,2002,0.338
0,0,0,1.11,97,4,7,2002,0.241
0,0,0,0.91,98,4,8,2002,0.172
0,0,0,0.71,99,4,9,2002,0.123
0,0,0,1.14,100,4,10,2002,8.69E-02
0,0,0,0.961,101,4,11,2002,6.25E-02
0,0,0,0.736,102,4,12,2002,4.48E-02
1.35,0,0,1.77,103,4,13,2002,3.82E-02
0.736,0,0,0.684,104,4,14,2002,2.70E-02
0,0,0,0.841,105,4,15,2002,1.63E-02
0,0,0,1.03,106,4,16,2002,1.16E-02
27.8,0,0,1.51,107,4,17,2002,1.55
21.4,0,0,0.741,108,4,18,2002,2.62
3.67,0,0,1.88,109,4,19,2002,1.92
9.16,0,0,1.63,110,4,20,2002,1.89
13.3,0,0,1.93,111,4,21,2002,2.4
0.16,0,0,0.618,112,4,22,2002,1.61
1.2,0,0,1.18,113,4,23,2002,1.15
0.791,0,0,1.66,114,4,24,2002,0.814
31.2,0,0,2.01,115,4,25,2002,2.75
8.09,0,0,1.92,116,4,26,2002,2.18
32.7,0,0,0.939,117,4,27,2002,3.87
8.21,0,0,0.961,118,4,28,2002,3.15
23.5,0,0,1.61,119,4,29,2002,3.87
4.65,0,0,1.79,120,4,30,2002,2.87
3.49,0,0,1.83,121,5,1,2002,2.24
0,0,0,1.35,122,5,2,2002,1.57
0,0,0,1.36,123,5,3,2002,1.12
0.134,0,0,1,124,5,4,2002,0.795
0.163,0,0,1.46,125,5,5,2002,0.564
0,0,0,0.791,126,5,6,2002,0.401
0,0,0,0.242,127,5,7,2002,0.286
0,0,0,0.559,128,5,8,2002,0.204
0,0,0,0.734,129,5,9,2002,0.145
0,0,0,0.918,130,5,10,2002,0.104
0,0,0,1.31,131,5,11,2002,7.46E-02
6.64,0,0,2.07,132,5,12,2002,0.181
11.2,0,0,0.937,133,5,13,2002,0.815
3.52,0,0,1.68,134,5,14,2002,0.823
2.45,0,0,1.25,135,5,15,2002,0.685
3.73E-02,0,0,2.25,136,5,16,2002,0.475
20.8,0,0,2.47,137,5,17,2002,1.57
6.93,0,0,1.56,138,5,18,2002,1.48
35,0,0,1.26,139,5,19,2002,3.98
5.14,0,0,0.905,140,5,20,2002,2.84
13.7,0,0,1.58,141,5,21,2002,3.1
4.52,0,0,0.959,142,5,22,2002,2.43
12.3,0,0,2.41,143,5,23,2002,2.69
0.668,0,0,1.73,144,5,24,2002,1.83
18,0,0,1.66,145,5,25,2002,2.67
1.06,0,0,1.88,146,5,26,2002,1.78
4.35,0,0,2.2,147,5,27,2002,1.46
11.8,0,0,1.28,148,5,28,2002,1.9
11.1,0,0,1.95,149,5,29,2002,2.26
1.88E-02,0,0,1.45,150,5,30,2002,1.52
3.18E-02,0,0,1.67,151,5,31,2002,1.08
2.07,0,0,2.83,152,6,1,2002,0.772
17.8,0,0,1.74,153,6,2,2002,1.56
0.379,0,0,0.965,154,6,3,2002,1.03
6.91E-02,0,0,1.11,155,6,4,2002,0.731
6.47,0,0,2.01,156,6,5,2002,0.791
3.18E-02,0,0,0.292,157,6,6,2002,0.539
4.73,0,0,0.491,158,6,7,2002,0.556
8.26,0,0,1.44,159,6,8,2002,1.01
17.6,0,0,1.52,160,6,9,2002,1.87
1.96,0,0,1.53,161,6,10,2002,1.31
0.192,0,0,1.87,162,6,11,2002,0.923
9.35E-04,0,0,0.826,163,6,12,2002,0.653
11.4,0,0,1.31,164,6,13,2002,1.03
15.9,0,0,0.379,165,6,14,2002,1.87
5.24,0,0,2.08,166,6,15,2002,1.65
11.1,0,0,0.981,167,6,16,2002,2.08
0.19,0,0,1.87,168,6,17,2002,1.39
8.32E-02,0,0,2.03,169,6,18,2002,0.986
7.75E-02,0,0,1.78,170,6,19,2002,0.699
4.3,0,0,2.33,171,6,20,2002,0.543
11.1,0,0,1.02,172,6,21,2002,1.23
1.47,0,0,1.12,173,6,22,2002,0.867
0,0,0,1.18,174,6,23,2002,0.61
0,0,0,1.11,175,6,24,2002,0.433
0,0,0,1.3,176,6,25,2002,0.307
3.77E-02,0,0,0.464,177,6,26,2002,0.218
1.06,0,0,1.07,178,6,27,2002,0.16
0,0,0,1.19,179,6,28,2002,0.11
5.67,0,0,1.01,180,6,29,2002,0.242
19.9,0,0,0.392,181,6,30,2002,1.49
18,0,0,1.1,182,7,1,2002,2.36
4.13,0,0,1.16,183,7,2,2002,1.78
0.76,0,0,2.16,184,7,3,2002,1.25
29.1,0,0,1.72,185,7,4,2002,2.69
0.224,0,0,0.589,186,7,5,2002,1.75
3.55E-02,0,0,1.03,187,7,6,2002,1.24
17.7,0,0,1.08,188,7,7,2002,1.91
0.644,0,0,1.09,189,7,8,2002,1.27
2.26,0,0,1.84,190,7,9,2002,0.91
3.41,0,0,2.3,191,7,10,2002,0.684
2.82,0,0,2.22,192,7,11,2002,0.537
0.668,0,0,2.19,193,7,12,2002,0.381
3.27E-02,0,0,1.95,194,7,13,2002,0.265
0,0,0,1.37,195,7,14,2002,0.188
3.27E-02,0,0,1.21,196,7,15,2002,0.134
0,0,0,1.64,197,7,16,2002,9.49E-02
0,0,0,0.75,198,7,17,2002,6.77E-02
0.147,0,0,0.881,199,7,18,2002,4.86E-02
6.34,0,0,0.655,200,7,19,2002,7.08E-02
2.28,0,0,1.15,201,7,20,2002,0.128
0.155,0,0,2.1,202,7,21,2002,8.06E-02
6.67,0,0,1.34,203,7,22,2002,0.312
1.35,0,0,0.513,204,7,23,2002,0.243
0,0,0,1.18,205,7,24,2002,0.166
0.147,0,0,0.541,206,7,25,2002,0.117
0,0,0,0.576,207,7,26,2002,8.18E-02
0.298,0,0,0.731,208,7,27,2002,5.83E-02
0.547,0,0,1.75,209,7,28,2002,4.14E-02
4.64,0,0,1.16,210,7,29,2002,0.139
7.46,0,0,1.04,211,7,30,2002,0.742
1.18,0,0,0.47,212,7,31,2002,0.524
26.1,0,0,0.327,213,8,1,2002,2.06
0.726,0,0,0.685,214,8,2,2002,1.4
0.172,0,0,2.25,215,8,3,2002,0.988
0,0,0,1.67,216,8,4,2002,0.699
3.18E-02,0,0,1.62,217,8,5,2002,0.494
0.481,0,0,1.52,218,8,6,2002,0.353
4.09,0,0,0.96,219,8,7,2002,0.372
13.3,0,0,0.595,220,8,8,2002,0.945
6.78,0,0,0.487,221,8,9,2002,1.08
3.95,0,0,1.15,222,8,10,2002,0.954
10.4,0,0,0.51,223,8,11,2002,1.38
3.4,0,0,2.46,224,8,12,2002,1.06
10.7,0,0,0.396,225,8,13,2002,1.48
4.84,0,0,2.01,226,8,14,2002,1.34
1.88E-02,0,0,1.39,227,8,15,2002,0.922
0,0,0,1.5,228,8,16,2002,0.653
38.6,0,0,2.59,229,8,17,2002,2.96
6.48,0,0,0.762,230,8,18,2002,2.3
1.88E-02,0,0,0.818,231,8,19,2002,1.59
0,0,0,1.1,232,8,20,2002,1.13
0,0,0,1.45,233,8,21,2002,0.802
9.37E-02,0,0,0.971,234,8,22,2002,0.569
2.18,0,0,2.01,235,8,23,2002,0.417
1.61,0,0,1.29,236,8,24,2002,0.296
0,0,0,0.67,237,8,25,2002,0.205
3.18E-02,0,0,1,238,8,26,2002,0.146
0.157,0,0,1.23,239,8,27,2002,0.105
4.22,0,0,1.95,240,8,28,2002,0.108
5.51,0,0,0.474,241,8,29,2002,0.386
11.4,0,0,0.547,242,8,30,2002,1.06
0,0,0,1.32,243,8,31,2002,0.706
0.157,0,0,1.24,244,9,1,2002,0.501
0,0,0,1.22,245,9,2,2002,0.355
0,0,0,0.532,246,9,3,2002,0.25
0,0,0,0.345,247,9,4,2002,0.178
3.03,0,0,1.29,248,9,5,2002,0.142
4.42,0,0,0.864,249,9,6,2002,0.298
7.18,0,0,1.57,250,9,7,2002,0.889
0.595,0,0,0.799,251,9,8,2002,0.591
13.5,0,0,0.614,252,9,9,2002,1.3
3.73E-02,0,0,1.77,253,9,10,2002,0.868
0,0,0,1.33,254,9,11,2002,0.614
0,0,0,0.591,255,9,12,2002,0.435
0,0,0,1.08,256,9,13,2002,0.308
0,0,0,1.1,257,9,14,2002,0.219
0,0,0,0.951,258,9,15,2002,0.155
0,0,0,0.186,259,9,16,2002,0.11
0,0,0,0.497,260,9,17,2002,7.81E-02
0,0,0,0.688,261,9,18,2002,5.57E-02
0,0,0,0.356,262,9,19,2002,3.93E-02
0,0,0,0.567,263,9,20,2002,2.79E-02
4.01E-02,0,0,0.907,264,9,21,2002,2.02E-02
0,0,0,0.446,265,9,22,2002,1.40E-02
3.73E-02,0,0,0.965,266,9,23,2002,1.03E-02
0,0,0,0.848,267,9,24,2002,7.83E-03
0.643,0,0,1.05,268,9,25,2002,7.77E-03
0.529,0,0,0.815,269,9,26,2002,6.71E-03
0,0,0,0.404,270,9,27,2002,5.87E-03
0,0,0,0.257,271,9,28,2002,5.50E-03
0,0,0,1.15,272,9,29,2002,5.15E-03
0.379,0,0,1.29,273,9,30,2002,5.03E-03
0.14,0,0,0.944,274,10,1,2002,4.67E-03
14.8,0,0,1.52,275,10,2,2002,0.369
9.37E-02,0,0,0.865,276,10,3,2002,0.202
0.609,0,0,1.08,277,10,4,2002,0.145
1.08,0,0,0.388,278,10,5,2002,0.106
0,0,0,0.971,279,10,6,2002,7.05E-02
1.17,0,0,0.675,280,10,7,2002,5.27E-02
0,0,0,1.52,281,10,8,2002,3.44E-02
0,0,0,1.3,282,10,9,2002,2.39E-02
3.27E-02,0,0,0.494,283,10,10,2002,1.68E-02
30.6,0,0,0.411,284,10,11,2002,1.65
1.46,0,0,1.4,285,10,12,2002,1.09
4.38,0,0,0.165,286,10,13,2002,1.08
3.13,0,0,0.578,287,10,14,2002,0.997
0.507,0,0,0.577,288,10,15,2002,0.699
2.29,0,0,0.95,289,10,16,2002,0.604
10.6,0,0,0.492,290,10,17,2002,1.04
3.74,0,0,0.684,291,10,18,2002,0.923
0.385,0,0,0.695,292,10,19,2002,0.641
27.7,0,0,0.411,293,10,20,2002,2.16
17.7,0,0,0.345,294,10,21,2002,2.87
9.34,0,0,0.437,295,10,22,2002,2.54
1.76,0,0,1.15,296,10,23,2002,1.82
35.2,0,0,0.873,297,10,24,2002,3.88
11.6,0,0,1.05,298,10,25,2002,3.22
29.6,0,0,1.54,299,10,26,2002,4.49
2.09,0,0,1.06,300,10,27,2002,3.04
8.91,0,0,1.26,301,10,28,2002,2.76
9.05,0,0,6.07E-04,302,10,29,2002,2.49
0.427,0,0,8.24E-02,303,10,30,2002,1.76
4.4,0,0,7.13E-02,304,10,31,2002,1.53
18,0,0,0.258,305,11,1,2002,2.41
25.6,0,0,0.211,306,11,2,2002,3.58
2.81,0,0,1.03,307,11,3,2002,2.58
14.7,0,0,0.659,308,11,4,2002,2.76
39.2,0,0,0.171,309,11,5,2002,5.01
1.22,0,0,1.09,310,11,6,2002,3.26
27.7,0,0,0.695,311,11,7,2002,4.05
42.7,0,0,0.149,312,11,8,2002,5.75
20.2,0,0,0.186,313,11,9,2002,5.07
0.142,0,0,0.583,314,11,10,2002,3.48
24.3,0,0,1.02,315,11,11,2002,4.25
13.5,0,0,0.56,316,11,12,2002,4
14.1,0,0,0.35,317,11,13,2002,3.88
10.9,0,0,0.457,318,11,14,2002,3.44
0.121,0,0,0.199,319,11,15,2002,2.37
3.27E-02,0,0,9.39E-02,320,11,16,2002,1.69
0.436,0,0,6.89E-02,321,11,17,2002,1.2
0.211,0,0,0.399,322,11,18,2002,0.856
18.5,0,0,0.589,323,11,19,2002,1.78
2.81,0,0,0.391,324,11,20,2002,1.35
2.6,0,0,0.482,325,11,21,2002,1.14
7.81,0,0,0.56,326,11,22,2002,1.4
8.65,0,0,0.624,327,11,23,2002,1.59
3.73E-02,0,0,0.535,328,11,24,2002,1.07
8.86,0,0,0.29,329,11,25,2002,1.36
4.02,0,0,0.599,330,11,26,2002,1.23
13.8,0,0,0.713,331,11,27,2002,1.96
12.5,0,0,0.583,332,11,28,2002,2.25
2.39,0,0,3.63E-02,333,11,29,2002,1.64
21.8,0,0,0.107,334,11,30,2002,2.88
5.71,0,0,0.929,335,12,1,2002,2.27
13.3,0,0,0.76,336,12,2,2002,2.32
19.5,0,0,0.208,337,12,3,2002,3.07
1.5,0,0,0.492,338,12,4,2002,2.11
8.32E-02,0,0,0.203,339,12,5,2002,1.49
0,0,0,0.131,340,12,6,2002,1.06
0,0,0,0.385,341,12,7,2002,0.755
0,0,0,0.314,342,12,8,2002,0.536
0,0,0,0.386,343,12,9,2002,0.383
0,0,0,0.382,344,12,10,2002,0.275
2.09,0.561,0.217,0.887,345,12,11,2002,0.215
2.02,0.667,0.375,0.289,346,12,12,2002,0.196
0.109,5.32E-03,0.641,1.28E-02,347,12,13,2002,0.22
0.38,0,0,0.147,348,12,14,2002,0.176
0.614,0,0,0.266,349,12,15,2002,0.166
0.27,0,0,9.73E-02,350,12,16,2002,0.118
0,0,0,0.153,351,12,17,2002,8.37E-02
6.91E-02,8.31E-03,2.99E-03,0.139,352,12,18,2002,6.19E-02
0,0,5.32E-03,0.367,353,12,19,2002,4.48E-02
0.649,0,0,7.00E-02,354,12,20,2002,3.46E-02
32.1,0,0,6.98E-02,355,12,21,2002,2.24
9.74,0,0,6.78E-02,356,12,22,2002,2.19
14.2,0,0,0.369,357,12,23,2002,2.74
11.1,0,0,0.416,358,12,24,2002,2.84
18,0,0,0.146,359,12,25,2002,3.13
12.9,0,0,0.114,360,12,26,2002,2.97
6.86,0,0,0.208,361,12,27,2002,2.49
16.3,0,0,0.401,362,12,28,2002,2.72
37.6,0,0,0.115,363,12,29,2002,4.4
1.66,0,0,0.205,364,12,30,2002,3.01
13.5,0,0,0.355,365,12,31,2002,3.21
1.92,0,0,0.13,1,1,1,2003,2.26
4.7,0,0,0.14,2,1,2,2003,1.97
1.45,0.789,0.789,0.338,3,1,3,2003,1.44
0.668,0.346,0.125,0.109,4,1,4,2003,1.02
6.91E-02,2.44E-02,0,2.45E-02,5,1,5,2003,0.727
8.32E-02,8.32E-02,5.49E-02,0.272,6,1,6,2003,0.518
0,0,0,0.723,7,1,7,2003,0.37
3.18E-02,2.66E-03,0,0.281,8,1,8,2003,0.266
7.68E-02,5.67E-03,0.283,0.337,9,1,9,2003,0.22
3.18E-02,2.66E-03,2.66E-03,0.118,10,1,10,2003,0.159
0.146,8.33E-03,0,5.23E-03,11,1,11,2003,0.116
2.65,0,8.33E-03,0.587,12,1,12,2003,0.187
1.7,0,0,0.368,13,1,13,2003,0.255
16.2,0,0,0.588,14,1,14,2003,1.59
0,0,0,1.01,15,1,15,2003,1.04
15.5,0,0,0.88,16,1,16,2003,1.75
3.87,0,0,0.712,17,1,17,2003,1.38
12.7,0,0,0.574,18,1,18,2003,1.91
17.3,0,0,0.168,19,1,19,2003,2.65
12.8,0,0,0.431,20,1,20,2003,2.86
7.02,0,0,0.133,21,1,21,2003,2.45
9.95,0,0,0.505,22,1,22,2003,2.29
9.11,0,0,0.419,23,1,23,2003,2.36
23.1,0,0,0.35,24,1,24,2003,3.36
8.89,0,0,0.769,25,1,25,2003,2.81
0.946,0,0,0.178,26,1,26,2003,1.96
8.43,0,0,0.391,27,1,27,2003,1.92
4.23,0,0,1.05,28,1,28,2003,1.55
7.37,0,0,1.25,29,1,29,2003,1.47
0.21,1.36E-02,1.17E-02,0.753,30,1,30,2003,1.01
18.2,10.6,0,0.857,31,1,31,2003,0.827
0.875,0,10.5,0.375,32,2,1,2003,1.6
1.65,0,6.78E-02,0.546,33,2,2,2003,1.22
2.02,0,0,0.994,34,2,3,2003,0.962
4.74,1.99,1.99,0.596,35,2,4,2003,0.997
4.63,2.34,2.32,0.363,36,2,5,2003,0.921
4.44,0,1.62E-02,0.261,37,2,6,2003,0.906
2.14,0,0,0.266,38,2,7,2003,0.741
40.5,0,0,0.356,39,2,8,2003,3.86
0.119,0,0,0.478,40,2,9,2003,2.36
18.6,0,0,0.677,41,2,10,2003,3.16
0,0,0,0.152,42,2,11,2003,2.11
0.372,1.60E-02,1.60E-02,0.135,43,2,12,2003,1.5
3.73E-02,2.66E-03,2.66E-03,0.367,44,2,13,2003,1.06
0,0,0,0.507,45,2,14,2003,0.756
0,0,0,0.455,46,2,15,2003,0.536
0,0,0,0.361,47,2,16,2003,0.382
0,0,0,0.4,48,2,17,2003,0.273
0,0,0,0.658,49,2,18,2003,0.196
3.91E-02,3.57E-03,9.14E-04,0.6,50,2,19,2003,0.142
0,0,2.66E-03,0.217,51,2,20,2003,0.102
3.83E-02,0,0,0.112,52,2,21,2003,7.43E-02
3.18,0,0,0.969,53,2,22,2003,0.175
0.555,0,0,0.524,54,2,23,2003,0.11
0,0,0,0.686,55,2,24,2003,7.70E-02
2.31,0,0,0.721,56,2,25,2003,0.14
2.34,0,0,0.523,57,2,26,2003,0.216
5.11,0,0,0.244,58,2,27,2003,0.471
18.5,0,0,0.433,59,2,28,2003,1.75
16.1,0,0,0.291,60,3,1,2003,2.18
3.73E-02,0,0,0.865,61,3,2,2003,1.47
15.9,0,0,0.638,62,3,3,2003,2.08
6.7,0,0,0.258,63,3,4,2003,1.95
4.58E-02,0,0,0.842,64,3,5,2003,1.34
0.537,0,0,1.16,65,3,6,2003,0.952
28.6,0,0,0.796,66,3,7,2003,2.88
27.6,0,0,0.448,67,3,8,2003,4.11
10.6,0,0,0.604,68,3,9,2003,3.5
0.534,0,0,0.961,69,3,10,2003,2.42
3.43,0,0,1.15,70,3,11,2003,1.9
0,0,0,0.873,71,3,12,2003,1.33
0,0,0,0.494,72,3,13,2003,0.948
0,0,0,0.706,73,3,14,2003,0.674
0,0,0,0.679,74,3,15,2003,0.48
0,0,0,0.655,75,3,16,2003,0.342
3.73E-02,0,0,0.7,76,3,17,2003,0.245
0,0,0,0.591,77,3,18,2003,0.174
3.73E-02,0,0,0.564,78,3,19,2003,0.125
9.37E-02,0,0,0.383,79,3,20,2003,9.03E-02
0,0,0,0.54,80,3,21,2003,6.48E-02
3.73E-02,0,0,0.688,81,3,22,2003,4.67E-02
9.37E-02,0,0,0.918,82,3,23,2003,3.38E-02
0,0,0,0.734,83,3,24,2003,2.43E-02
0,0,0,0.295,84,3,25,2003,1.72E-02
0,0,0,0.56,85,3,26,2003,1.23E-02
0,0,0,0.884,86,3,27,2003,9.85E-03
0,0,0,0.829,87,3,28,2003,8.73E-03
0,0,0,0.753,88,3,29,2003,7.92E-03
0,0,0,0.633,89,3,30,2003,7.28E-03
16.6,0,0,1.41,90,3,31,2003,0.628
3.9,0,0,1.03,91,4,1,2003,0.548
0.719,0,0,1.35,92,4,2,2003,0.377
0,0,0,0.485,93,4,3,2003,0.263
0,0,0,0.333,94,4,4,2003,0.185
9.37E-02,0,0,0.801,95,4,5,2003,0.131
0,0,0,0.844,96,4,6,2003,9.19E-02
0,0,0,0.967,97,4,7,2003,6.45E-02
3.73E-02,0,0,1.04,98,4,8,2003,4.57E-02
0,0,0,0.971,99,4,9,2003,3.14E-02
0,0,0,0.887,100,4,10,2003,2.18E-02
0,0,0,0.754,101,4,11,2003,1.44E-02
0,0,0,0.714,102,4,12,2003,9.25E-03
5.57,0,0,2.14,103,4,13,2003,6.63E-02
0,0,0,1.11,104,4,14,2003,2.32E-02
0,0,0,1.46,105,4,15,2003,1.61E-02
0,0,0,1.69,106,4,16,2003,1.09E-02
0,0,0,2.06,107,4,17,2003,7.63E-03
0,0,0,1.91,108,4,18,2003,5.58E-03
0,0,0,1.38,109,4,19,2003,4.39E-03
1.33,0,0,1.58,110,4,20,2003,6.33E-03
3.95,0,0,1.38,111,4,21,2003,1.72E-02
3.73E-02,0,0,1.05,112,4,22,2003,3.26E-03
0,0,0,1.21,113,4,23,2003,3.08E-03
9.85,0,0,1.12,114,4,24,2003,0.353
3.75,0,0,0.714,115,4,25,2003,0.459
11.2,0,0,1.41,116,4,26,2003,1.03
42,0,0,1.99,117,4,27,2003,3.69
5.08,0,0,0.804,118,4,28,2003,2.69
18.8,0,0,1.62,119,4,29,2003,3.22
1.75,0,0,1.63,120,4,30,2003,2.25
8.5,0,0,1.39,121,5,1,2003,2.1
13.6,0,0,0.334,122,5,2,2003,2.36
37.7,0,0,1.22,123,5,3,2003,5.06
11.6,0,0,1.91,124,5,4,2003,4.07
0.719,0,0,1.51,125,5,5,2003,2.8
2.34,0,0,1.68,126,5,6,2003,2.03
5.32,0,0,1.11,127,5,7,2003,1.78
5.65E-02,0,0,1.87,128,5,8,2003,1.24
2.96,0,0,1.82,129,5,9,2003,0.901
0.224,0,0,1.52,130,5,10,2003,0.632
2.18,0,0,1.2,131,5,11,2003,0.542
2.26,0,0,2.07,132,5,12,2003,0.483
1.37,0,0,1.69,133,5,13,2003,0.351
0.118,0,0,1.39,134,5,14,2003,0.244
34.4,0,0,2.2,135,5,15,2003,2.39
10.2,0,0,0.56,136,5,16,2003,2.15
16.9,0,0,0.651,137,5,17,2003,2.82
1.98,0,0,1.99,138,5,18,2003,1.95
28.9,0,0,1.55,139,5,19,2003,3.43
6.7,0,0,0.509,140,5,20,2003,2.63
49.2,0,0,0.553,141,5,21,2003,4.99
7.95,0,0,0.438,142,5,22,2003,3.69
3.14,0,0,1.65,143,5,23,2003,2.78
5.13,0,0,2.05,144,5,24,2003,2.18
0.241,0,0,1.11,145,5,25,2003,1.53
7.64,0,0,1.57,146,5,26,2003,1.49
0.512,0,0,0.477,147,5,27,2003,1.03
6.35E-02,0,0,1.25,148,5,28,2003,0.728
9.64E-02,0,0,0.939,149,5,29,2003,0.516
0,0,0,2.09,150,5,30,2003,0.365
3.18E-02,0,0,0.924,151,5,31,2003,0.26
10.7,0,0,2.52,152,6,1,2003,0.6
0.567,0,0,1.73,153,6,2,2003,0.386
0,0,0,0.534,154,6,3,2003,0.27
11.9,0,0,1.52,155,6,4,2003,0.84
15.4,0,0,2.24,156,6,5,2003,1.77
1.11,0,0,1.66,157,6,6,2003,1.16
9.42,0,0,2.74,158,6,7,2003,1.25
0.22,0,0,1.4,159,6,8,2003,0.851
5.58,0,0,2.26,160,6,9,2003,0.956
0.592,0,0,1.32,161,6,10,2003,0.647
1.75,0,0,1.84,162,6,11,2003,0.476
0,0,0,1.95,163,6,12,2003,0.329
0,0,0,1.62,164,6,13,2003,0.233
0,0,0,1.47,165,6,14,2003,0.164
0,0,0,1.91,166,6,15,2003,0.116
0.25,0,0,2.31,167,6,16,2003,8.25E-02
9.98,0,0,1.86,168,6,17,2003,0.312
4.74,0,0,0.536,169,6,18,2003,0.458
0,0,0,1.04,170,6,19,2003,0.3
0,0,0,1.04,171,6,20,2003,0.212
0.285,0,0,1.37,172,6,21,2003,0.15
0.91,0,0,1.23,173,6,22,2003,0.107
3.18E-02,0,0,1.49,174,6,23,2003,7.31E-02
9.53E-02,0,0,1.7,175,6,24,2003,5.15E-02
0.63,0,0,1.63,176,6,25,2003,3.64E-02
9.33,0,0,1.66,177,6,26,2003,0.305
3.58,0,0,1.02,178,6,27,2003,0.356
0,0,0,1.76,179,6,28,2003,0.235
28.6,0,0,3.3,180,6,29,2003,1.84
3.72,0,0,1.4,181,6,30,2003,1.38
0.946,0,0,1.51,182,7,1,2003,0.974
3.73E-02,0,0,1.23,183,7,2,2003,0.684
6.45E-02,0,0,0.827,184,7,3,2003,0.484
0.108,0,0,0.643,185,7,4,2003,0.342
0,0,0,0.661,186,7,5,2003,0.241
0.768,0,0,1.93,187,7,6,2003,0.174
2.44,0,0,2.04,188,7,7,2003,0.134
0.258,0,0,0.777,189,7,8,2003,8.37E-02
1.48,0,0,1.69,190,7,9,2003,7.32E-02
1.71,0,0,0.619,191,7,10,2003,6.62E-02
0,0,0,1.03,192,7,11,2003,3.72E-02
3.18E-02,0,0,2.08,193,7,12,2003,2.53E-02
0.202,0,0,2.51,194,7,13,2003,1.76E-02
0,0,0,2.89,195,7,14,2003,1.05E-02
0,0,0,2.85,196,7,15,2003,7.80E-03
5.85,0,0,2.96,197,7,16,2003,1.90E-02
56.5,0,0,0.211,198,7,17,2003,2.77
0.214,0,0,2.69,199,7,18,2003,1.68
10,0,0,1.79,200,7,19,2003,1.79
12,0,0,2.27,201,7,20,2003,2.13
0.316,0,0,1.52,202,7,21,2003,1.42
0.442,0,0,1.15,203,7,22,2003,1.01
14,0,0,0.454,204,7,23,2003,1.74
31.9,0,0,1.79,205,7,24,2003,3.7
6.94,0,0,1.97,206,7,25,2003,2.74
0.552,0,0,1.73,207,7,26,2003,1.91
1.33,0,0,2.42,208,7,27,2003,1.35
16.8,0,0,1.58,209,7,28,2003,2.13
21.2,0,0,0.676,210,7,29,2003,3.05
4.64,0,0,1.39,211,7,30,2003,2.3
15.1,0,0,0.397,212,7,31,2003,2.93
0.185,0,0,2.02,213,8,1,2003,1.95
0,0,0,1.65,214,8,2,2003,1.38
0,0,0,1.77,215,8,3,2003,0.978
0,0,0,2.03,216,8,4,2003,0.691
0.147,0,0,1.87,217,8,5,2003,0.489
0.126,0,0,1.48,218,8,6,2003,0.348
0,0,0,0.988,219,8,7,2003,0.246
6.45E-02,0,0,1.96,220,8,8,2003,0.175
0.989,0,0,2.6,221,8,9,2003,0.128
1.37,0,0,0.949,222,8,10,2003,9.58E-02
0,0,0,1.98,223,8,11,2003,6.12E-02
0.139,0,0,1.84,224,8,12,2003,4.41E-02
0.942,0,0,1.74,225,8,13,2003,3.83E-02
0,0,0,1.39,226,8,14,2003,2.07E-02
0,0,0,1.52,227,8,15,2003,1.41E-02
0,0,0,0.982,228,8,16,2003,1.05E-02
1.73,0,0,1.92,229,8,17,2003,1.47E-02
4.58E-02,0,0,0.958,230,8,18,2003,8.00E-03
0,0,0,0.859,231,8,19,2003,7.28E-03
0.139,0,0,1.14,232,8,20,2003,6.77E-03
1.22,0,0,1.41,233,8,21,2003,7.88E-03
1.19,0,0,0.314,234,8,22,2003,6.37E-03
1.27,0,0,1.11,235,8,23,2003,5.88E-03
0.126,0,0,1.68,236,8,24,2003,4.94E-03
0,0,0,0.942,237,8,25,2003,4.62E-03
0,0,0,0.412,238,8,26,2003,4.39E-03
0,0,0,0.614,239,8,27,2003,4.18E-03
0.442,0,0,0.619,240,8,28,2003,4.12E-03
1.48,0,0,1.4,241,8,29,2003,5.43E-03
0.37,0,0,1.31,242,8,30,2003,3.84E-03
0.647,0,0,0.712,243,8,31,2003,3.89E-03
6.35E-02,0,0,0.846,244,9,1,2003,3.45E-03
0.182,0,0,0.572,245,9,2,2003,3.27E-03
0,0,0,0.341,246,9,3,2003,3.10E-03
0,0,0,1.16,247,9,4,2003,2.97E-03
7.52,0,0,1.55,248,9,5,2003,2.43E-02
0.646,0,0,1.36,249,9,6,2003,2.97E-03
45.8,0,0,1.85,250,9,7,2003,2.03
10.2,0,0,1.04,251,9,8,2003,1.64
22.9,0,0,0.988,252,9,9,2003,2.46
10.6,0,0,0.431,253,9,10,2003,2.31
2.92,0,0,0.463,254,9,11,2003,1.83
3.73E-02,0,0,1.71,255,9,12,2003,1.28
0,0,0,1.94,256,9,13,2003,0.905
0,0,0,1.39,257,9,14,2003,0.641
0,0,0,1.22,258,9,15,2003,0.455
0,0,0,1.06,259,9,16,2003,0.322
1.05,0,0,2.12,260,9,17,2003,0.235
27.3,0,0,0.358,261,9,18,2003,1.46
29.4,0,0,9.67E-02,262,9,19,2003,3.16
3.7,0,0,0.194,263,9,20,2003,2.25
26.4,0,0,1.44,264,9,21,2003,3.37
3.29,0,0,1.76,265,9,22,2003,2.41
0.294,0,0,1.07,266,9,23,2003,1.69
6.64E-02,0,0,1.08,267,9,24,2003,1.2
5.12,0,0,1.88,268,9,25,2003,1.04
0.442,0,0,0.996,269,9,26,2003,0.717
3.63E-03,0,0,0.325,270,9,27,2003,0.507
7.56,0,0,1.28,271,9,28,2003,0.747
48.5,0,0,0.786,272,9,29,2003,4.46
0,0,0,0.779,273,9,30,2003,2.63
7.76E-02,0,0,1.13,274,10,1,2003,1.87
0,0,0,0.645,275,10,2,2003,1.32
0.308,0,0,0.505,276,10,3,2003,0.942
7.08,0,0,0.945,277,10,4,2003,1.03
14.9,0,0,1.03,278,10,5,2003,1.73
9.78,0,0,0.9,279,10,6,2003,1.79
7.87,0,0,1.55,280,10,7,2003,1.74
0.156,0,0,0.318,281,10,8,2003,1.18
3.79,0,0,0.797,282,10,9,2003,1.02
0,0,0,1.19,283,10,10,2003,0.711
0.848,0,0,0.635,284,10,11,2003,0.511
2.95,0,0,1.87,285,10,12,2003,0.497
1.16,0,0,1.16,286,10,13,2003,0.369
0,0,0,1.06,287,10,14,2003,0.257
0,0,0,1.13,288,10,15,2003,0.183
0,0,0,1.01,289,10,16,2003,0.131
0,0,0,0.763,290,10,17,2003,9.43E-02
0,0,0,0.633,291,10,18,2003,6.83E-02
0,0,0,0.573,292,10,19,2003,4.99E-02
4.73,0,0,1.01,293,10,20,2003,9.20E-02
4.88,0,0,0.107,294,10,21,2003,0.337
0,0,0,0.564,295,10,22,2003,0.217
2.36,0,0,1.03,296,10,23,2003,0.237
2.57,0,0,0.577,297,10,24,2003,0.255
7.82,0,0,0.34,298,10,25,2003,0.657
0,0,0,0.483,299,10,26,2003,0.433
2.06E-02,0,0,0.477,300,10,27,2003,0.306
18.4,0,0,0.468,301,10,28,2003,1.43
17.8,0,0,0.299,302,10,29,2003,2.22
13.4,0,0,0.574,303,10,30,2003,2.52
1.6,0,0,0.432,304,10,31,2003,1.77
36.8,0,0,0.72,305,11,1,2003,4.17
23,0,0,1.1,306,11,2,2003,4.38
4.49E-02,0,0,0.909,307,11,3,2003,2.93
2.14,0,0,0.724,308,11,4,2003,2.23
0.661,0,0,1.34,309,11,5,2003,1.57
0,0,0,0.29,310,11,6,2003,1.11
0,0,0,0.698,311,11,7,2003,0.791
0,0,0,0.466,312,11,8,2003,0.564
6.01,0,0,0.824,313,11,9,2003,0.713
0,0,0,0.368,314,11,10,2003,0.479
11.2,0,0,0.566,315,11,11,2003,1.23
8.1,0,0,0.682,316,11,12,2003,1.41
22.7,0,0,0.535,317,11,13,2003,2.79
14.5,0,0,0.915,318,11,14,2003,3
7.11,0,0,0.804,319,11,15,2003,2.45
16.2,0,0,0.413,320,11,16,2003,2.69
11,0,0,0.225,321,11,17,2003,2.55
2.71,0,0,0.33,322,11,18,2003,1.88
28,0,0,0.266,323,11,19,2003,3.45
9.58,0,0,0.264,324,11,20,2003,3.04
3.27E-02,0,0,7.00E-02,325,11,21,2003,2.08
0.182,0,0,2.71E-02,326,11,22,2003,1.48
0.15,2.29E-02,2.29E-02,2.96E-02,327,11,23,2003,1.06
16.5,0,0,0.183,328,11,24,2003,2.26
39.1,0,0,0.48,329,11,25,2003,4.45
4.1,0,0,0.546,330,11,26,2003,3.08
2.96,0,0,0.395,331,11,27,2003,2.44
7.27,0,0,0.437,332,11,28,2003,2.32
17.4,0,0,0.642,333,11,29,2003,2.98
12.7,0,0,9.38E-02,334,11,30,2003,2.95
14.6,0,0,0.193,335,12,1,2003,3.08
0.358,0,0,0.161,336,12,2,2003,2.09
3.73E-02,0,0,5.08E-02,337,12,3,2003,1.49
0,0,0,8.82E-02,338,12,4,2003,1.06
0.159,0,0,3.20E-02,339,12,5,2003,0.76
0,0,0,0.355,340,12,6,2003,0.54
0,0,0,0.259,341,12,7,2003,0.386
0,0,0,0.264,342,12,8,2003,0.277
3.73E-02,0,0,0.102,343,12,9,2003,0.199
30.1,0,0,0.161,344,12,10,2003,2.22
5.91,0,0,0.271,345,12,11,2003,1.78
49.7,0,0,0.202,346,12,12,2003,4.38
3.4,0,0,0.483,347,12,13,2003,2.96
0.597,0,0,1.08,348,12,14,2003,2.11
0,0,0,0.166,349,12,15,2003,1.5
0,0,0,0.177,350,12,16,2003,1.06
0,0,0,0.133,351,12,17,2003,0.756
0.732,0,0,9.60E-02,352,12,18,2003,0.544
7.69,0,0,0,353,12,19,2003,0.862
16.3,0,0,0.468,354,12,20,2003,1.65
4.65,0,0,0.572,355,12,21,2003,1.35
15.5,9.56,2.85,0.652,356,12,22,2003,1.27
5.96,0,6.7,8.94E-02,357,12,23,2003,1.87
2.56,0,0,0.207,358,12,24,2003,1.36
29.3,0,0,0.36,359,12,25,2003,3.54
14.6,0,0,0.499,360,12,26,2003,3.54
4.83,0,0,0.558,361,12,27,2003,2.66
0.146,0,0,0.837,362,12,28,2003,1.87
3.73E-02,3.57E-03,9.14E-04,5.56E-02,363,12,29,2003,1.32
0.113,5.67E-03,0,7.33E-02,364,12,30,2003,0.94
37.5,23.5,1.25,0.268,365,12,31,2003,1.04
1.31,0,12.1,0.61,1,1,1,2004,1.73
8.1,0,2.91,0.211,2,1,2,2004,2.24
1.13,0,3.87,0.176,3,1,3,2004,2.15
9.64,0,3.44,0.12,4,1,4,2004,2.58
30.5,0,0,9.67E-02,5,1,5,2004,4.13
3.9,0,0,0.558,6,1,6,2004,2.99
12.9,0,0,0.466,7,1,7,2004,3.22
8.11,0,0,0.52,8,1,8,2004,2.79
3.95,0,0,0.614,9,1,9,2004,2.17
11.5,0,0,0.206,10,1,10,2004,2.34
3.57,0,0,1.14,11,1,11,2004,1.75
8.97,0,0,0.817,12,1,12,2004,1.99
2.26,0,0,0.842,13,1,13,2004,1.42
5.88,0,0,0.619,14,1,14,2004,1.31
46.5,0,0,0.461,15,1,15,2004,5.15
2.42,0,0,0.35,16,1,16,2004,3.18
5.62E-02,4.16E-03,4.16E-03,5.75E-02,17,1,17,2004,2.25
0.992,0,0,0.26,18,1,18,2004,1.64
23.1,0,0,0.4,19,1,19,2004,2.78
10.7,0,0,0.253,20,1,20,2004,2.71
7.94,0,0,0.236,21,1,21,2004,2.32
2.03,0,0,0.102,22,1,22,2004,1.72
15,0,0,0.19,23,1,23,2004,2.21
8.41E-02,0,0,0.796,24,1,24,2004,1.48
0.497,0,0,0.254,25,1,25,2004,1.06
0.334,1.85E-02,1.81E-02,0.221,26,1,26,2004,0.753
5.03,2.91,0.851,0.531,27,1,27,2004,0.611
3.89,2.05,0.36,0.698,28,1,28,2004,0.436
7.27,4.08,0.792,0.795,29,1,29,2004,0.382
54.6,0,7,0.434,30,1,30,2004,6.15
24.5,0,9.87E-03,0.337,31,1,31,2004,5.19
24.5,0,0,0.754,32,2,1,2004,5.31
64,0,0,0.437,33,2,2,2004,10.1
34.8,0,0,0.421,34,2,3,2004,8.46
23.6,0,0,0.305,35,2,4,2004,7.69
0.523,0,0,0.907,36,2,5,2004,5.28
15.7,0,0,0.685,37,2,6,2004,4.85
3.25,0,0,1.2,38,2,7,2004,3.48
1.88E-02,0,0,0.684,39,2,8,2004,2.46
4.86,2.36,2.27,0.352,40,2,9,2004,1.98
1.88E-02,0,8.56E-02,0.398,41,2,10,2004,1.4
1.76E-03,0,0,0.208,42,2,11,2004,0.993
0,0,0,0.117,43,2,12,2004,0.706
2.36,0,0,0.143,44,2,13,2004,0.616
0.118,0,0,0.234,45,2,14,2004,0.428
6.35E-02,0,0,0.254,46,2,15,2004,0.307
5.14,0,0,0.271,47,2,16,2004,0.553
0,0,0,0.283,48,2,17,2004,0.37
0.115,5.32E-03,5.32E-03,0.51,49,2,18,2004,0.265
0,0,0,0.494,50,2,19,2004,0.188
0,0,0,0.577,51,2,20,2004,0.135
0,0,0,0.358,52,2,21,2004,9.72E-02
0,0,0,0.53,53,2,22,2004,7.04E-02
5.34,2.91,1.04,0.837,54,2,23,2004,0.106
6.21,0,1.87,0.253,55,2,24,2004,0.672
2.18,1.5,0.326,0.782,56,2,25,2004,0.473
7.09,6.34,2.03,0.535,57,2,26,2004,0.37
3.43,2.87,1.44,1.16,58,2,27,2004,0.258
1.88E-02,1.50E-03,6.91E-02,0.49,59,2,28,2004,0.165
0,0,0,0.23,60,2,29,2004,0.118
4.58E-02,9.35E-04,9.35E-04,0.267,61,3,1,2004,8.40E-02
0.272,1.75E-02,2.53,0.591,62,3,2,2004,0.23
9.43,0,4.28,0.589,63,3,3,2004,1.38
1.72,0,0,0.654,64,3,4,2004,1.1
0.277,0,0,0.575,65,3,5,2004,0.772
3.03,0,0,0.708,66,3,6,2004,0.681
4.58E-02,0,0,0.759,67,3,7,2004,0.471
0,0,0,0.441,68,3,8,2004,0.334
0,0,0,0.407,69,3,9,2004,0.237
9.37E-02,4.16E-03,4.16E-03,0.449,70,3,10,2004,0.169
2.16,0.16,0.16,1.16,71,3,11,2004,0.129
3.68,1.73,1.73,0.35,72,3,12,2004,0.239
18.1,0,0,0.987,73,3,13,2004,1.75
7.76,0,0,0.802,74,3,14,2004,1.72
29.4,0,0,0.578,75,3,15,2004,3.42
7.13,0,0,0.708,76,3,16,2004,2.73
0.142,0,0,1.26,77,3,17,2004,1.88
29.3,0,0,0.707,78,3,18,2004,3.82
8.85,0,0,1.11,79,3,19,2004,3.05
0.312,0,0,0.648,80,3,20,2004,2.11
0.442,0,0,0.838,81,3,21,2004,1.5
5.76,0,0,1.36,82,3,22,2004,1.32
0.123,0,0,0.804,83,3,23,2004,0.914
4.64,0,0,1.31,84,3,24,2004,0.894
1.05,0,0,0.929,85,3,25,2004,0.622
0.999,0,0,0.356,86,3,26,2004,0.452
1.88E-02,0,0,0.728,87,3,27,2004,0.318
9.53E-02,0,0,0.569,88,3,28,2004,0.228
0,0,0,0.161,89,3,29,2004,0.162
0,0,0,0.913,90,3,30,2004,0.116
0.273,0,0,0.866,91,3,31,2004,8.32E-02
1.33,0,0,0.745,92,4,1,2004,7.00E-02
2.19,0,0,1.4,93,4,2,2004,0.136
12.5,0,0,0.799,94,4,3,2004,0.791
6.41,0,0,1.22,95,4,4,2004,1.01
3.89,0,0,1.19,96,4,5,2004,0.905
2.45,0,0,1.39,97,4,6,2004,0.687
0.169,0,0,1,98,4,7,2004,0.479
0.358,0,0,0.621,99,4,8,2004,0.343
3.42,0,0,0.746,100,4,9,2004,0.392
0.251,0,0,0.651,101,4,10,2004,0.263
6.91E-02,0,0,0.762,102,4,11,2004,0.185
0,0,0,0.69,103,4,12,2004,0.13
0.774,0,0,0.736,104,4,13,2004,9.85E-02
0.35,0,0,0.71,105,4,14,2004,6.88E-02
8.06,0,0,0.76,106,4,15,2004,0.613
0.256,0,0,1.4,107,4,16,2004,0.391
22.3,0,0,1.49,108,4,17,2004,2.16
2.05,0,0,1.52,109,4,18,2004,1.43
6.01,0,0,2.01,110,4,19,2004,1.36
4.57,0,0,0.952,111,4,20,2004,1.28
4.72,0,0,1.55,112,4,21,2004,1.24
3.73E-02,0,0,1.35,113,4,22,2004,0.845
0.213,0,0,0.791,114,4,23,2004,0.6
0,0,0,1.22,115,4,24,2004,0.423
0,0,0,1.17,116,4,25,2004,0.3
0,0,0,0.695,117,4,26,2004,0.213
0.136,0,0,0.653,118,4,27,2004,0.152
0.936,0,0,0.826,119,4,28,2004,0.114
0.521,0,0,1.04,120,4,29,2004,7.84E-02
0,0,0,0.694,121,4,30,2004,5.26E-02
0,0,0,1.09,122,5,1,2004,3.55E-02
0.296,0,0,1.58,123,5,2,2004,2.61E-02
28.9,0,0,2.13,124,5,3,2004,1.84
14.9,0,0,0.689,125,5,4,2004,2.09
14.4,0,0,0.434,126,5,5,2004,2.45
1.88E-02,0,0,1.28,127,5,6,2004,1.63
0.301,0,0,1.34,128,5,7,2004,1.16
2.87,0,0,0.949,129,5,8,2004,0.918
0.178,0,0,0.406,130,5,9,2004,0.637
0.641,0,0,1.37,131,5,10,2004,0.448
0.15,0,0,0.444,132,5,11,2004,0.317
0.104,0,0,0.732,133,5,12,2004,0.225
4.47E-02,0,0,0.5,134,5,13,2004,0.158
3.18E-02,0,0,0.847,135,5,14,2004,0.111
0,0,0,0.743,136,5,15,2004,7.74E-02
0,0,0,1.62,137,5,16,2004,5.36E-02
0,0,0,1.72,138,5,17,2004,3.69E-02
0,0,0,1.72,139,5,18,2004,2.51E-02
0.206,0,0,1.14,140,5,19,2004,1.77E-02
0,0,0,1.28,141,5,20,2004,1.13E-02
0,0,0,1.46,142,5,21,2004,9.09E-03
0,0,0,1.46,143,5,22,2004,8.02E-03
0,0,0,1.55,144,5,23,2004,7.20E-03
0,0,0,1.44,145,5,24,2004,6.55E-03
0,0,0,1.57,146,5,25,2004,5.98E-03
0,0,0,1.11,147,5,26,2004,5.51E-03
1.53,0,0,2,148,5,27,2004,6.20E-03
5.95,0,0,2.04,149,5,28,2004,3.96E-02
4.76,0,0,1.65,150,5,29,2004,4.34E-02
0.551,0,0,1.93,151,5,30,2004,2.22E-02
8.62,0,0,1.46,152,5,31,2004,0.3
0.15,0,0,1.52,153,6,1,2004,0.173
1.76E-03,0,0,1.9,154,6,2,2004,0.119
10.2,0,0,1.92,155,6,3,2004,0.549
0.877,0,0,1.08,156,6,4,2004,0.346
0,0,0,1.82,157,6,5,2004,0.238
1.62,0,0,1.36,158,6,6,2004,0.176
0.115,0,0,1.74,159,6,7,2004,0.115
1.24,0,0,1.98,160,6,8,2004,8.59E-02
3.6,0,0,2.32,161,6,9,2004,8.19E-02
0,0,0,0.927,162,6,10,2004,4.11E-02
1.99,0,0,1.08,163,6,11,2004,3.82E-02
0.115,0,0,1.15,164,6,12,2004,1.77E-02
0,0,0,1.8,165,6,13,2004,1.03E-02
0,0,0,2.06,166,6,14,2004,6.29E-03
0,0,0,0.685,167,6,15,2004,5.15E-03
0,0,0,1.68,168,6,16,2004,4.49E-03
0.563,0,0,0.782,169,6,17,2004,4.22E-03
0.562,0,0,1.4,170,6,18,2004,3.99E-03
3.82,0,0,1.63,171,6,19,2004,1.50E-02
6.62,0,0,2.38,172,6,20,2004,0.253
0.276,0,0,1.92,173,6,21,2004,0.142
25.6,0,0,2.23,174,6,22,2004,1.96
17.3,0,0,0.498,175,6,23,2004,2.25
2.83,0,0,1.28,176,6,24,2004,1.66
4.1,0,0,2.69,177,6,25,2004,1.4
6.51,0,0,0.977,178,6,26,2004,1.39
0.11,0,0,1.3,179,6,27,2004,0.947
1.62,0,0,2.33,180,6,28,2004,0.682
21.8,0,0,1.8,181,6,29,2004,2.09
1.22,0,0,1.57,182,6,30,2004,1.36
1.54,0,0,1.61,183,7,1,2004,1.02
2.17,0,0,1.88,184,7,2,2004,0.783
2.31,0,0,1.79,185,7,3,2004,0.699
0.182,0,0,1.84,186,7,4,2004,0.479
0,0,0,2.02,187,7,5,2004,0.338
7.25,0,0,2.74,188,7,6,2004,0.57
0,0,0,1.92,189,7,7,2004,0.362
5.18,0,0,0.978,190,7,8,2004,0.602
0.236,0,0,2.07,191,7,9,2004,0.392
0.551,0,0,1.57,192,7,10,2004,0.28
1.04,0,0,0.99,193,7,11,2004,0.206
0,0,0,0.906,194,7,12,2004,0.136
29.5,0,0,2.66,195,7,13,2004,1.92
7.17,0,0,0.8,196,7,14,2004,1.61
15.8,0,0,0.292,197,7,15,2004,2.22
15.4,0,0,1.94,198,7,16,2004,2.63
0.938,0,0,1.73,199,7,17,2004,1.76
0,0,0,1.01,200,7,18,2004,1.24
27.9,0,0,2.02,201,7,19,2004,2.65
15.6,0,0,1.92,202,7,20,2004,2.91
0.191,0,0,0.889,203,7,21,2004,1.93
9.24,0,0,1.55,204,7,22,2004,1.88
4.68E-02,0,0,1.4,205,7,23,2004,1.28
1.99,0,0,2.1,206,7,24,2004,0.926
9.62,0,0,0.463,207,7,25,2004,1.32
1.87,0,0,0.709,208,7,26,2004,1.02
1.12,0,0,1.49,209,7,27,2004,0.734
0.262,0,0,0.303,210,7,28,2004,0.517
2.92,0,0,1.94,211,7,29,2004,0.448
0,0,0,1.32,212,7,30,2004,0.306
0,0,0,1.93,213,7,31,2004,0.216
0.233,0,0,2.25,214,8,1,2004,0.154
1.5,0,0,2.88,215,8,2,2004,0.116
0.869,0,0,0.684,216,8,3,2004,8.17E-02
6.63E-02,0,0,0.471,217,8,4,2004,5.37E-02
1.23,0,0,1.83,218,8,5,2004,4.36E-02
0,0,0,0.941,219,8,6,2004,2.50E-02
0,0,0,2.08,220,8,7,2004,1.63E-02
17,0,0,2.56,221,8,8,2004,0.821
6.72E-02,0,0,1.04,222,8,9,2004,0.488
0,0,0,1.39,223,8,10,2004,0.343
19.6,0,0,2.23,224,8,11,2004,1.57
6.48,0,0,2.02,225,8,12,2004,1.36
0,0,0,1.16,226,8,13,2004,0.926
0.254,0,0,0.59,227,8,14,2004,0.656
13.7,0,0,1.29,228,8,15,2004,1.37
9.58,0,0,2.18,229,8,16,2004,1.61
10.1,0,0,2.14,230,8,17,2004,1.79
8.72,0,0,1.29,231,8,18,2004,1.85
17.6,0,0,1.89,232,8,19,2004,2.67
5.42,0,0,1.22,233,8,20,2004,2.22
0.586,0,0,1.09,234,8,21,2004,1.53
30.6,0,0,1.47,235,8,22,2004,3.13
15.7,0,0,1.27,236,8,23,2004,2.93
6.15,0,0,0.942,237,8,24,2004,2.38
1.35,0,0,1.21,238,8,25,2004,1.68
23.7,0,0,1.66,239,8,26,2004,2.78
0,0,0,0.633,240,8,27,2004,1.81
0.952,0,0,1.19,241,8,28,2004,1.29
3.53,0,0,0.964,242,8,29,2004,1.1
0.628,0,0,1.65,243,8,30,2004,0.763
0,0,0,1.06,244,8,31,2004,0.539
3.18E-02,0,0,0.601,245,9,1,2004,0.384
2.16E-02,0,0,1.13,246,9,2,2004,0.272
13.1,0,0,1.77,247,9,3,2004,0.89
1.04,0,0,0.496,248,9,4,2004,0.577
0,0,0,1.47,249,9,5,2004,0.405
0,0,0,1.41,250,9,6,2004,0.287
0,0,0,1.63,251,9,7,2004,0.204
0,0,0,1.55,252,9,8,2004,0.144
3.78,0,0,2.12,253,9,9,2004,0.133
21.3,0,0,0.666,254,9,10,2004,1.45
27.1,0,0,0.823,255,9,11,2004,3.09
51.5,0,0,1.47,256,9,12,2004,6.72
11.3,0,0,2.31,257,9,13,2004,4.69
2.83,0,0,1.6,258,9,14,2004,3.3
0.586,0,0,1.43,259,9,15,2004,2.34
36,0,0,0.939,260,9,16,2004,4.53
26.5,0,0,1.9,261,9,17,2004,4.93
4.30E-02,0,0,1.02,262,9,18,2004,3.27
29.1,0,0,1.03,263,9,19,2004,4.26
1.37,0,0,0.977,264,9,20,2004,2.87
7.78,0,0,1.74,265,9,21,2004,2.55
17.3,0,0,0.431,266,9,22,2004,2.95
0.336,0,0,1.5,267,9,23,2004,1.97
1.2,0,0,1.05,268,9,24,2004,1.43
1.84,0,0,0.443,269,9,25,2004,1.09
8.1,0,0,0.387,270,9,26,2004,1.33
1.05,0,0,0.288,271,9,27,2004,0.968
4.18,0,0,0.343,272,9,28,2004,0.993
23.2,0,0,0.221,273,9,29,2004,2.4
0.906,0,0,0.62,274,9,30,2004,1.59
7.53,0,0,0.743,275,10,1,2004,1.69
7.34,0,0,1.51,276,10,2,2004,1.5
58.2,0,0,0.525,277,10,3,2004,5.93
15.6,0,0,1.76,278,10,4,2004,4.4
8.61,0,0,1.64,279,10,5,2004,3.54
9.68,0,0,1.48,280,10,6,2004,3.22
0.859,0,0,0.514,281,10,7,2004,2.21
0,0,0,0.671,282,10,8,2004,1.57
0,0,0,0.558,283,10,9,2004,1.11
0,0,0,0.745,284,10,10,2004,0.791
0,0,0,0.804,285,10,11,2004,0.563
2.25,0,0,0.312,286,10,12,2004,0.427
2.87,0,0,0.567,287,10,13,2004,0.47
41.8,0,0,0.487,288,10,14,2004,3.31
13,0,0,0.316,289,10,15,2004,3.07
2.88,0,0,0.44,290,10,16,2004,2.26
4.82,0,0,0.418,291,10,17,2004,2
7,0,0,0.46,292,10,18,2004,2
16.6,0,0,0.484,293,10,19,2004,2.53
17.1,0,0,0.107,294,10,20,2004,2.97
19.5,0,0,1.15,295,10,21,2004,3.35
55.2,0,0,0.488,296,10,22,2004,7.36
17.1,0,0,0.254,297,10,23,2004,5.73
18.3,0,0,0.657,298,10,24,2004,5.48
0.681,0,0,0.694,299,10,25,2004,3.75
0.799,0,0,0.752,300,10,26,2004,2.7
2.57,0,0,0.77,301,10,27,2004,2.07
1.93,0,0,1.04,302,10,28,2004,1.63
1.58,0,0,0.492,303,10,29,2004,1.2
9.37E-02,0,0,0.204,304,10,30,2004,0.85
4.58E-02,0,0,0.153,305,10,31,2004,0.605
3.73E-02,0,0,0.309,306,11,1,2004,0.432
1.75,0,0,0.444,307,11,2,2004,0.359
6.58,0,0,0.204,308,11,3,2004,0.734
0,0,0,1.05,309,11,4,2004,0.484
12.7,0,0,0.836,310,11,5,2004,1.23
12.5,0,0,0.268,311,11,6,2004,1.97
5.17,0,0,0.275,312,11,7,2004,1.76
3.83,0,0,0.212,313,11,8,2004,1.53
20.5,0,0,0.474,314,11,9,2004,2.37
0.735,0,0,0.723,315,11,10,2004,1.58
3.72,0,0,0.138,316,11,11,2004,1.45
5.1,0,0,0.87,317,11,12,2004,1.33
1.94,0,0,0.443,318,11,13,2004,1.03
8.24E-02,0,0,0.489,319,11,14,2004,0.724
2.76,0,0,0.623,320,11,15,2004,0.677
5.56,0,0,0.487,321,11,16,2004,0.818
13.8,0,0,0.451,322,11,17,2004,1.71
20.7,0,0,0.126,323,11,18,2004,2.59
1.96,1.12,1.12,0.102,324,11,19,2004,1.8
6.68,3.95,2.82,1.38E-02,325,11,20,2004,1.54
8.57,0,1.13,0.146,326,11,21,2004,1.82
0.32,0,0,0.663,327,11,22,2004,1.24
3.43,0,0,0.119,328,11,23,2004,1
5.35,0,0,5.16E-02,329,11,24,2004,1.06
17.8,0,0,0.278,330,11,25,2004,2.08
7.09E-02,0,0,0.312,331,11,26,2004,1.34
10.7,0,0,0.317,332,11,27,2004,1.62
0,0,0,0.533,333,11,28,2004,1.09
0.356,0,0,0.147,334,11,29,2004,0.778
4.41,0,0,0.509,335,11,30,2004,0.866
0.308,0,0,5.31E-02,336,12,1,2004,0.595
0.684,0,0,0,337,12,2,2004,0.468
6.53E-02,0,0,0.163,338,12,3,2004,0.339
1.35,0,0,0.244,339,12,4,2004,0.332
1.89,0,0,0.122,340,12,5,2004,0.338
4.26,0,0,0.434,341,12,6,2004,0.5
2.06E-02,0,0,2.09E-02,342,12,7,2004,0.336
0,0,0,0.179,343,12,8,2004,0.239
0,0,0,8.89E-02,344,12,9,2004,0.171
13.5,0,0,4.77E-02,345,12,10,2004,1.02
0.124,0,0,7.57E-02,346,12,11,2004,0.663
9.37E-02,0,0,0.204,347,12,12,2004,0.471
0.218,0,0,0.195,348,12,13,2004,0.338
20.8,0,0,0.343,349,12,14,2004,1.83
13.8,0,0,0.213,350,12,15,2004,2.24
8.7,0,0,0.804,351,12,16,2004,2.17
7.7,0,0,0.528,352,12,17,2004,2.03
5.45,0,0,0.319,353,12,18,2004,1.75
1.7,0.782,0.618,0.347,354,12,19,2004,1.28
11.2,0,0.165,0.308,355,12,20,2004,1.66
42,0,0,0.192,356,12,21,2004,4.06
14.7,0,0,0.277,357,12,22,2004,3.54
2.29,0,0,0.632,358,12,23,2004,2.58
10.9,0,0,0.746,359,12,24,2004,2.57
21.7,13.2,1.77,0.438,360,12,25,2004,2.02
0.251,8.33E-03,3.05,0.107,361,12,26,2004,1.59
33.1,0,7.49,0.25,362,12,27,2004,4.64
0.393,0,0.903,1,363,12,28,2004,3.01
9.8,0,0,0.432,364,12,29,2004,2.7
14.1,0,0,0.473,365,12,30,2004,2.85
8.62E-02,0,0,0.204,366,12,31,2004,1.92
