1111,3333,6666,jday,mon,day,yr,precip,snofall,snomlt,et,pet,wateryld,perc,lai,tmx,tmn,tmpav,solarad,phubas,swatFlow,URMD,URLD,UCOM,UTRN,UIDU,AGRC,ORCD,PAST,AGRL,FRSD,FRSE,FRST,RNGE,RNGB,BARR,WETN,WATR,ARha,CMdy,CMeu,FLca,FLeu,GLca,GLdy,GLeu,GLhu,GLmo,HSdy,HSeu,LPca,LPdy,LPha,LVgl,LVha,PZha,PZpi,RGca,slopeBand1,slopeBand2,slopeBand3,water,eBand1,eBand2,eBand3,eBand4,eBand5,eBand6,eBand7,eBand8,eBand9,eBand10,eBand11
0,0,0,1,1,1,2005,6.88,0,0,0.283,0.756,7.4,0.52,0.334,8.63,4.83,6.73,0.215,2.09E-03,7.461025099,0,0,0,0,0,0,0,16.98,0,0,0,0,60.38,18.13,3.73,0,0,0,29.14,0,0,0,0,0,0,0,0,0,0,0,0,23.89,0,0,0,46.2,0,7.16,18.28,73.78,0.78,4.09,33.79,29.62,15.4,9.43,4.76,2.49,0.26,0,0,0
0,0,0,2,1,2,2005,2.16E-02,0,0,0.384,1.11,6.39,0.494,0.334,6.47,2.68,4.57,1.57,3.51E-03,6.331070295,0,0,0,0,0,0,0,16.98,0,0,0,0,60.38,18.13,3.73,0,0,0,29.14,0,0,0,0,0,0,0,0,0,0,0,0,23.89,0,0,0,46.2,0,7.16,18.28,73.78,0.78,4.09,33.79,29.62,15.4,9.43,4.76,2.49,0.26,0,0,0
0,0,0,3,1,3,2005,7.34,0,0,0.244,0.642,6.81,0.493,0.334,9.33,5.53,7.43,0.505,5.82E-03,6.929281662,0,0,0,0,0,0,0,16.98,0,0,0,0,60.38,18.13,3.73,0,0,0,29.14,0,0,0,0,0,0,0,0,0,0,0,0,23.89,0,0,0,46.2,0,7.16,18.28,73.78,0.78,4.09,33.79,29.62,15.4,9.43,4.76,2.49,0.26,0,0,0
0,0,0,4,1,4,2005,2.5,0,0,0.362,0.981,6,0.478,0.334,8.49,4.7,6.59,1.31,7.86E-03,6.048581594,0,0,0,0,0,0,0,16.98,0,0,0,0,60.38,18.13,3.73,0,0,0,29.14,0,0,0,0,0,0,0,0,0,0,0,0,23.89,0,0,0,46.2,0,7.16,18.28,73.78,0.78,4.09,33.79,29.62,15.4,9.43,4.76,2.49,0.26,0,0,0
0,0,0,5,1,5,2005,7.5,0,0,0.35,0.944,6.58,0.48,0.334,7.89,4.1,6,0.644,9.73E-03,6.729877873,0,0,0,0,0,0,0,16.98,0,0,0,0,60.38,18.13,3.73,0,0,0,29.14,0,0,0,0,0,0,0,0,0,0,0,0,23.89,0,0,0,46.2,0,7.16,18.28,73.78,0.78,4.09,33.79,29.62,15.4,9.43,4.76,2.49,0.26,0,0,0
0,0,0,6,1,6,2005,10.2,0,0,0.242,0.629,7.1,0.489,0.334,9.17,5.38,7.27,0.446,1.20E-02,7.294855275,0,0,0,0,0,0,0,16.98,0,0,0,0,60.38,18.13,3.73,0,0,0,29.14,0,0,0,0,0,0,0,0,0,0,0,0,23.89,0,0,0,46.2,0,7.16,18.28,73.78,0.78,4.09,33.79,29.62,15.4,9.43,4.76,2.49,0.26,0,0,0
0,0,0,7,1,7,2005,49.2,0,0,0.204,0.515,26.6,0.567,0.334,11.4,7.58,9.48,0.124,1.49E-02,26.75334167,0,0,0,0,0,0,0,16.98,0,0,0,0,60.38,18.13,3.73,0,0,0,29.14,0,0,0,0,0,0,0,0,0,0,0,0,23.89,0,0,0,46.2,0,7.16,18.28,73.78,0.78,4.09,33.79,29.62,15.4,9.43,4.76,2.49,0.26,0,0,0
0,0,0,8,1,8,2005,5.52E-02,0,0,0.587,1.64,7.54,0.535,0.334,7.74,3.94,5.84,3.93,1.67E-02,7.444408116,0,0,0,0,0,0,0,16.98,0,0,0,0,60.38,18.13,3.73,0,0,0,29.14,0,0,0,0,0,0,0,0,0,0,0,0,23.89,0,0,0,46.2,0,7.16,18.28,73.78,0.78,4.09,33.79,29.62,15.4,9.43,4.76,2.49,0.26,0,0,0
0,0,0,9,1,9,2005,16.7,0,0,0.354,0.937,11.1,0.551,0.334,10.2,6.45,8.34,0.816,1.93E-02,11.26631407,0,0,0,0,0,0,0,16.98,0,0,0,0,60.38,18.13,3.73,0,0,0,29.14,0,0,0,0,0,0,0,0,0,0,0,0,23.89,0,0,0,46.2,0,7.16,18.28,73.78,0.78,4.09,33.79,29.62,15.4,9.43,4.76,2.49,0.26,0,0,0
0,0,0,10,1,10,2005,0.218,0,0,0.261,0.701,7.11,0.522,0.334,10.3,6.48,8.37,3.22,2.19E-02,7.045600539,0,0,0,0,0,0,0,16.98,0,0,0,0,60.38,18.13,3.73,0,0,0,29.14,0,0,0,0,0,0,0,0,0,0,0,0,23.89,0,0,0,46.2,0,7.16,18.28,73.78,0.78,4.09,33.79,29.62,15.4,9.43,4.76,2.49,0.26,0,0,0
0,0,0,11,1,11,2005,7.59,0,0,0.542,1.46,7.57,0.519,0.334,9.37,5.58,7.48,0.288,2.43E-02,7.67704587,0,0,0,0,0,0,0,16.98,0,0,0,0,60.38,18.13,3.73,0,0,0,29.14,0,0,0,0,0,0,0,0,0,0,0,0,23.89,0,0,0,46.2,0,7.16,18.28,73.78,0.78,4.09,33.79,29.62,15.4,9.43,4.76,2.49,0.26,0,0,0
0,0,0,12,1,12,2005,3.73E-02,0,0,0.627,1.74,6.43,0.493,0.334,6.81,3.02,4.91,3.75,2.58E-02,6.397538225,0,0,0,0,0,0,0,16.98,0,0,0,0,60.38,18.13,3.73,0,0,0,29.14,0,0,0,0,0,0,0,0,0,0,0,0,23.89,0,0,0,46.2,0,7.16,18.28,73.78,0.78,4.09,33.79,29.62,15.4,9.43,4.76,2.49,0.26,0,0,0
0,0,0,13,1,13,2005,0.176,0,0,0.233,0.643,5.94,0.47,0.334,6.05,2.26,4.15,3.9,2.71E-02,5.932262718,0,0,0,0,0,0,0,16.98,0,0,0,0,60.38,18.13,3.73,0,0,0,29.14,0,0,0,0,0,0,0,0,0,0,0,0,23.89,0,0,0,46.2,0,7.16,18.28,73.78,0.78,4.09,33.79,29.62,15.4,9.43,4.76,2.49,0.26,0,0,0
0,0,0,14,1,14,2005,3.06,0,0,0.278,0.723,5.67,0.457,0.334,7.33,3.54,5.44,1.18,2.88E-02,5.766092894,0,0,0,0,0,0,0,16.98,0,0,0,0,60.38,18.13,3.73,0,0,0,29.14,0,0,0,0,0,0,0,0,0,0,0,0,23.89,0,0,0,46.2,0,7.16,18.28,73.78,0.78,4.09,33.79,29.62,15.4,9.43,4.76,2.49,0.26,0,0,0
0,0,0,15,1,15,2005,2.38,0,0,0.185,0.462,5.33,0.445,0.334,10.3,6.55,8.45,0.583,3.14E-02,5.433753246,0,0,0,0,0,0,0,16.98,0,0,0,0,60.38,18.13,3.73,0,0,0,29.14,0,0,0,0,0,0,0,0,0,0,0,0,23.89,0,0,0,46.2,0,7.16,18.28,73.78,0.78,4.09,33.79,29.62,15.4,9.43,4.76,2.49,0.26,0,0,0
0,0,0,16,1,16,2005,14.5,0,0,0.232,0.587,7.34,0.47,0.334,9.34,5.55,7.45,0.725,3.37E-02,7.643811905,0,0,0,0,0,0,0,16.98,0,0,0,0,60.38,18.13,3.73,0,0,0,29.14,0,0,0,0,0,0,0,0,0,0,0,0,23.89,0,0,0,46.2,0,7.16,18.28,73.78,0.78,4.09,33.79,29.62,15.4,9.43,4.76,2.49,0.26,0,0,0
0,0,0,17,1,17,2005,4.83,0,0,0.273,0.693,5.83,0.464,0.334,8.16,4.37,6.26,0.637,3.56E-02,5.965496682,0,0,0,0,0,0,0,16.98,0,0,0,0,60.38,18.13,3.73,0,0,0,29.14,0,0,0,0,0,0,0,0,0,0,0,0,23.89,0,0,0,46.2,0,7.16,18.28,73.78,0.78,4.09,33.79,29.62,15.4,9.43,4.76,2.49,0.26,0,0,0
0,0,0,18,1,18,2005,1.24,0,0,0.347,0.893,5.17,0.447,0.334,5.11,1.32,3.21,1.47,3.66E-02,5.250966439,0,0,0,0,0,0,0,16.98,0,0,0,0,60.38,18.13,3.73,0,0,0,29.14,0,0,0,0,0,0,0,0,0,0,0,0,23.89,0,0,0,46.2,0,7.16,18.28,73.78,0.78,4.09,33.79,29.62,15.4,9.43,4.76,2.49,0.26,0,0,0
0,0,0,19,1,19,2005,19.3,0,0,0.223,0.555,8.84,0.483,0.334,8.71,4.92,6.82,0.651,3.87E-02,9.189191268,0,0,0,0,0,0,0,16.98,0,0,0,0,60.38,18.13,3.73,0,0,0,29.14,0,0,0,0,0,0,0,0,0,0,0,0,23.89,0,0,0,46.2,0,7.16,18.28,73.78,0.78,4.09,33.79,29.62,15.4,9.43,4.76,2.49,0.26,0,0,0
0,0,0,20,1,20,2005,17.7,0,0,0.18,0.435,9.61,0.51,0.334,10.3,6.51,8.41,0.131,4.14E-02,9.870487547,0,0,0,0,0,0,0,16.98,0,0,0,0,60.38,18.13,3.73,0,0,0,29.14,0,0,0,0,0,0,0,0,0,0,0,0,23.89,0,0,0,46.2,0,7.16,18.28,73.78,0.78,4.09,33.79,29.62,15.4,9.43,4.76,2.49,0.26,0,0,0
0,0,0,21,1,21,2005,0.581,0,0,0.408,1.08,6,0.486,0.334,6.12,2.33,4.22,2.3,4.27E-02,6.01534763,0,0,0,0,0,0,0,16.98,0,0,0,0,60.38,18.13,3.73,0,0,0,29.14,0,0,0,0,0,0,0,0,0,0,0,0,23.89,0,0,0,46.2,0,7.16,18.28,73.78,0.78,4.09,33.79,29.62,15.4,9.43,4.76,2.49,0.26,0,0,0
0,0,0,22,1,22,2005,1.53,0.965,0.429,6.87E-02,0.131,5.57,0.466,0.334,2.78,-1.01,0.883,0.626,4.30E-02,5.633157034,0,0,0,0,0,0,0,16.98,0,0,0,0,60.38,18.13,3.73,0,0,0,29.14,0,0,0,0,0,0,0,0,0,0,0,0,23.89,0,0,0,46.2,0,7.16,18.28,73.78,0.78,4.09,33.79,29.62,15.4,9.43,4.76,2.49,0.26,0,0,0
0,0,0,23,1,23,2005,1.76E-03,0,0.536,0.178,0.485,5.22,0.447,0.334,3.19,-0.604,1.29,5.05,4.34E-02,5.267583421,0,0,0,0,0,0,0,16.98,0,0,0,0,60.38,18.13,3.73,0,0,0,29.14,0,0,0,0,0,0,0,0,0,0,0,0,23.89,0,0,0,46.2,0,7.16,18.28,73.78,0.78,4.09,33.79,29.62,15.4,9.43,4.76,2.49,0.26,0,0,0
0,0,0,24,1,24,2005,0.404,0.216,0.216,0.289,0.766,4.87,0.429,0.334,3.8,4.76E-03,1.9,5.32,4.40E-02,4.951860756,0,0,0,0,0,0,0,16.98,0,0,0,0,60.38,18.13,3.73,0,0,0,29.14,0,0,0,0,0,0,0,0,0,0,0,0,23.89,0,0,0,46.2,0,7.16,18.28,73.78,0.78,4.09,33.79,29.62,15.4,9.43,4.76,2.49,0.26,0,0,0
0,0,0,25,1,25,2005,0.653,0,0,0.161,0.404,4.54,0.413,0.334,5.28,1.49,3.38,1.25,4.50E-02,4.652755073,0,0,0,0,0,0,0,16.98,0,0,0,0,60.38,18.13,3.73,0,0,0,29.14,0,0,0,0,0,0,0,0,0,0,0,0,23.89,0,0,0,46.2,0,7.16,18.28,73.78,0.78,4.09,33.79,29.62,15.4,9.43,4.76,2.49,0.26,0,0,0
0,0,0,26,1,26,2005,3.45E-02,0,0,4.88E-02,0.142,4.22,0.396,0.334,5.79,2,3.89,2.58,4.62E-02,4.337032407,0,0,0,0,0,0,0,16.98,0,0,0,0,60.38,18.13,3.73,0,0,0,29.14,0,0,0,0,0,0,0,0,0,0,0,0,23.89,0,0,0,46.2,0,7.16,18.28,73.78,0.78,4.09,33.79,29.62,15.4,9.43,4.76,2.49,0.26,0,0,0
0,0,0,27,1,27,2005,0.15,0,0,0.103,0.251,3.92,0.381,0.334,6.68,2.89,4.78,1.19,4.77E-02,4.054543706,0,0,0,0,0,0,0,16.98,0,0,0,0,60.38,18.13,3.73,0,0,0,29.14,0,0,0,0,0,0,0,0,0,0,0,0,23.89,0,0,0,46.2,0,7.16,18.28,73.78,0.78,4.09,33.79,29.62,15.4,9.43,4.76,2.49,0.26,0,0,0
0,0,0,28,1,28,2005,0,0,0,0.138,0.379,3.64,0.366,0.334,6.77,2.97,4.87,1.77,4.92E-02,3.788671988,0,0,0,0,0,0,0,16.98,0,0,0,0,60.38,18.13,3.73,0,0,0,29.14,0,0,0,0,0,0,0,0,0,0,0,0,23.89,0,0,0,46.2,0,7.16,18.28,73.78,0.78,4.09,33.79,29.62,15.4,9.43,4.76,2.49,0.26,0,0,0
0,0,0,29,1,29,2005,0,0,0,0.128,0.369,3.38,0.353,0.334,6.53,2.74,4.63,4.35,5.07E-02,3.539417252,0,0,0,0,0,0,0,16.98,0,0,0,0,60.38,18.13,3.73,0,0,0,29.14,0,0,0,0,0,0,0,0,0,0,0,0,23.89,0,0,0,46.2,0,7.16,18.28,73.78,0.78,4.09,33.79,29.62,15.4,9.43,4.76,2.49,0.26,0,0,0
0,0,0,30,1,30,2005,0.658,0,0,0.156,0.38,3.16,0.342,0.334,7.42,3.63,5.52,1.87,5.24E-02,3.340013463,0,0,0,0,0,0,0,16.98,0,0,0,0,60.38,18.13,3.73,0,0,0,29.14,0,0,0,0,0,0,0,0,0,0,0,0,23.89,0,0,0,46.2,0,7.16,18.28,73.78,0.78,4.09,33.79,29.62,15.4,9.43,4.76,2.49,0.26,0,0,0
0,0,0,31,1,31,2005,2.73,0,0,0.175,0.419,3.1,0.338,0.334,9.05,5.26,7.15,0.784,5.46E-02,3.340013463,0,0,0,0,0,0,0,16.98,0,0,0,0,60.38,18.13,3.73,0,0,0,29.14,0,0,0,0,0,0,0,0,0,0,0,0,23.89,0,0,0,46.2,0,7.16,18.28,73.78,0.78,4.09,33.79,29.62,15.4,9.43,4.76,2.49,0.26,0,0,0
0,0,0,32,2,1,2005,0.428,0,0,0.112,0.261,2.88,0.328,0.334,9.07,4.67,6.87,0.788,5.67E-02,3.057524762,0,0,0,0,0,0,0,16.98,0,0,0,0,60.38,18.13,3.73,0,0,0,29.14,0,0,0,0,0,0,0,0,0,0,0,0,23.89,0,0,0,46.2,0,7.16,18.28,73.78,0.78,4.09,33.79,29.62,15.4,9.43,4.76,2.49,0.26,0,0,0
0,0,0,33,2,2,2005,2.43,0,0,0.108,0.259,2.83,0.325,0.334,7.75,3.35,5.55,1.36,5.84E-02,3.007673815,0,0,0,0,0,0,0,16.98,0,0,0,0,60.38,18.13,3.73,0,0,0,29.14,0,0,0,0,0,0,0,0,0,0,0,0,23.89,0,0,0,46.2,0,7.16,18.28,73.78,0.78,4.09,33.79,29.62,15.4,9.43,4.76,2.49,0.26,0,0,0
0,0,0,34,2,3,2005,1.08,0,0,6.02E-02,0.136,2.67,0.318,0.334,8.94,4.55,6.74,2.02,6.05E-02,2.824887008,0,0,0,0,0,0,0,16.98,0,0,0,0,60.38,18.13,3.73,0,0,0,29.14,0,0,0,0,0,0,0,0,0,0,0,0,23.89,0,0,0,46.2,0,7.16,18.28,73.78,0.78,4.09,33.79,29.62,15.4,9.43,4.76,2.49,0.26,0,0,0
0,0,0,35,2,4,2005,18.2,0,0,0.17,0.403,5.14,0.364,0.334,8.22,3.82,6.02,0.733,6.24E-02,5.616540052,0,0,0,0,0,0,0,16.98,0,0,0,0,60.38,18.13,3.73,0,0,0,29.14,0,0,0,0,0,0,0,0,0,0,0,0,23.89,0,0,0,46.2,0,7.16,18.28,73.78,0.78,4.09,33.79,29.62,15.4,9.43,4.76,2.49,0.26,0,0,0
0,0,0,36,2,5,2005,0.325,0,0,4.34E-02,8.62E-02,3.33,0.352,0.334,6.38,1.98,4.18,3.69,6.37E-02,3.406481392,0,0,0,0,0,0,0,16.98,0,0,0,0,60.38,18.13,3.73,0,0,0,29.14,0,0,0,0,0,0,0,0,0,0,0,0,23.89,0,0,0,46.2,0,7.16,18.28,73.78,0.78,4.09,33.79,29.62,15.4,9.43,4.76,2.49,0.26,0,0,0
0,0,0,37,2,6,2005,0.416,0,0,3.55E-02,8.89E-02,3.07,0.341,0.334,4.78,0.388,2.59,3.8,6.45E-02,3.157226656,0,0,0,0,0,0,0,16.98,0,0,0,0,60.38,18.13,3.73,0,0,0,29.14,0,0,0,0,0,0,0,0,0,0,0,0,23.89,0,0,0,46.2,0,7.16,18.28,73.78,0.78,4.09,33.79,29.62,15.4,9.43,4.76,2.49,0.26,0,0,0
0,0,0,38,2,7,2005,3.73E-02,0,0,0.195,0.479,2.88,0.329,0.334,6.06,1.67,3.86,2.51,6.57E-02,2.957822868,0,0,0,0,0,0,0,16.98,0,0,0,0,60.38,18.13,3.73,0,0,0,29.14,0,0,0,0,0,0,0,0,0,0,0,0,23.89,0,0,0,46.2,0,7.16,18.28,73.78,0.78,4.09,33.79,29.62,15.4,9.43,4.76,2.49,0.26,0,0,0
0,0,0,39,2,8,2005,2.86,0,0,0.276,0.675,2.87,0.326,0.334,7.95,3.56,5.75,5.13,6.75E-02,3.024290797,0,0,0,0,0,0,0,16.98,0,0,0,0,60.38,18.13,3.73,0,0,0,29.14,0,0,0,0,0,0,0,0,0,0,0,0,23.89,0,0,0,46.2,0,7.16,18.28,73.78,0.78,4.09,33.79,29.62,15.4,9.43,4.76,2.49,0.26,0,0,0
0,0,0,40,2,9,2005,22.3,0,0,0.265,0.636,6.2,0.383,0.334,9.2,4.8,7,0.607,6.97E-02,6.680026926,0,0,0,0,0,0,0,16.98,0,0,0,0,60.38,18.13,3.73,0,0,0,29.14,0,0,0,0,0,0,0,0,0,0,0,0,23.89,0,0,0,46.2,0,7.16,18.28,73.78,0.78,4.09,33.79,29.62,15.4,9.43,4.76,2.49,0.26,0,0,0
0,0,0,41,2,10,2005,1.76E-03,0,0,0.21,0.545,3.69,0.369,0.334,8.97,4.57,6.77,4.48,7.18E-02,3.705587076,0,0,0,0,0,0,0,16.98,0,0,0,0,60.38,18.13,3.73,0,0,0,29.14,0,0,0,0,0,0,0,0,0,0,0,0,23.89,0,0,0,46.2,0,7.16,18.28,73.78,0.78,4.09,33.79,29.62,15.4,9.43,4.76,2.49,0.26,0,0,0
0,0,0,42,2,11,2005,31.9,0,0,0.1,0.229,10.4,0.444,0.334,7.93,3.54,5.73,1.38,7.35E-02,10.90074046,0,0,0,0,0,0,0,16.98,0,0,0,0,60.38,18.13,3.73,0,0,0,29.14,0,0,0,0,0,0,0,0,0,0,0,0,23.89,0,0,0,46.2,0,7.16,18.28,73.78,0.78,4.09,33.79,29.62,15.4,9.43,4.76,2.49,0.26,0,0,0
0,0,0,43,2,12,2005,2.53,0,0,0.382,0.929,5.02,0.433,0.334,9.25,4.86,7.06,2.3,7.57E-02,5.034945668,0,0,0,0,0,0,0,16.98,0,0,0,0,60.38,18.13,3.73,0,0,0,29.14,0,0,0,0,0,0,0,0,0,0,0,0,23.89,0,0,0,46.2,0,7.16,18.28,73.78,0.78,4.09,33.79,29.62,15.4,9.43,4.76,2.49,0.26,0,0,0
0,0,0,44,2,13,2005,3,0,0,0.389,0.944,4.7,0.423,0.334,5.88,1.48,3.68,1.62,7.69E-02,4.735839985,0,0,0,0,0,0,0,16.98,0,0,0,0,60.38,18.13,3.73,0,0,0,29.14,0,0,0,0,0,0,0,0,0,0,0,0,23.89,0,0,0,46.2,0,7.16,18.28,73.78,0.78,4.09,33.79,29.62,15.4,9.43,4.76,2.49,0.26,0,0,0
0,0,0,45,2,14,2005,1.15,0,0,0.293,0.707,4.38,0.408,0.334,5.92,1.53,3.72,1.57,7.80E-02,4.386883354,0,0,0,0,0,0,0,16.98,0,0,0,0,60.38,18.13,3.73,0,0,0,29.14,0,0,0,0,0,0,0,0,0,0,0,0,23.89,0,0,0,46.2,0,7.16,18.28,73.78,0.78,4.09,33.79,29.62,15.4,9.43,4.76,2.49,0.26,0,0,0
0,0,0,46,2,15,2005,0,0,0,0.248,0.659,4.1,0.391,0.334,4.14,-0.259,1.94,6.82,7.86E-02,4.121011636,0,0,0,0,0,0,0,16.98,0,0,0,0,60.38,18.13,3.73,0,0,0,29.14,0,0,0,0,0,0,0,0,0,0,0,0,23.89,0,0,0,46.2,0,7.16,18.28,73.78,0.78,4.09,33.79,29.62,15.4,9.43,4.76,2.49,0.26,0,0,0
0,0,0,47,2,16,2005,3.57,2.2,1.99,0.135,0.28,4.08,0.385,0.334,3.76,-0.634,1.56,5.18,7.91E-02,4.187479565,0,0,0,0,0,0,0,16.98,0,0,0,0,60.38,18.13,3.73,0,0,0,29.14,0,0,0,0,0,0,0,0,0,0,0,0,23.89,0,0,0,46.2,0,7.16,18.28,73.78,0.78,4.09,33.79,29.62,15.4,9.43,4.76,2.49,0.26,0,0,0
0,0,0,48,2,17,2005,0.795,0,0.171,0.133,0.316,3.78,0.373,0.334,7.47,3.08,5.28,2.79,8.08E-02,3.838522935,0,0,0,0,0,0,0,16.98,0,0,0,0,60.38,18.13,3.73,0,0,0,29.14,0,0,0,0,0,0,0,0,0,0,0,0,23.89,0,0,0,46.2,0,7.16,18.28,73.78,0.78,4.09,33.79,29.62,15.4,9.43,4.76,2.49,0.26,0,0,0
0,0,0,49,2,18,2005,9.41,0,0,0.196,0.459,4.69,0.389,0.334,7.19,2.79,4.99,0.827,8.23E-02,4.918626791,0,0,0,0,0,0,0,16.98,0,0,0,0,60.38,18.13,3.73,0,0,0,29.14,0,0,0,0,0,0,0,0,0,0,0,0,23.89,0,0,0,46.2,0,7.16,18.28,73.78,0.78,4.09,33.79,29.62,15.4,9.43,4.76,2.49,0.26,0,0,0
0,0,0,50,2,19,2005,2.53,0,0,0.353,0.851,3.97,0.381,0.334,4.85,0.456,2.65,3.62,8.31E-02,4.054543706,0,0,0,0,0,0,0,16.98,0,0,0,0,60.38,18.13,3.73,0,0,0,29.14,0,0,0,0,0,0,0,0,0,0,0,0,23.89,0,0,0,46.2,0,7.16,18.28,73.78,0.78,4.09,33.79,29.62,15.4,9.43,4.76,2.49,0.26,0,0,0
0,0,0,51,2,20,2005,0.435,0.275,0.198,0.497,1.23,3.61,0.367,0.334,2.94,-1.46,0.74,5.84,8.34E-02,3.672353111,0,0,0,0,0,0,0,16.98,0,0,0,0,60.38,18.13,3.73,0,0,0,29.14,0,0,0,0,0,0,0,0,0,0,0,0,23.89,0,0,0,46.2,0,7.16,18.28,73.78,0.78,4.09,33.79,29.62,15.4,9.43,4.76,2.49,0.26,0,0,0
0,0,0,52,2,21,2005,0,0,0,0.306,0.79,3.37,0.352,0.334,2.71,-1.69,0.512,4.41,8.36E-02,3.439715357,0,0,0,0,0,0,0,16.98,0,0,0,0,60.38,18.13,3.73,0,0,0,29.14,0,0,0,0,0,0,0,0,0,0,0,0,23.89,0,0,0,46.2,0,7.16,18.28,73.78,0.78,4.09,33.79,29.62,15.4,9.43,4.76,2.49,0.26,0,0,0
0,0,0,53,2,22,2005,0.145,0.123,9.05E-02,0.344,0.851,3.15,0.339,0.334,2.84,-1.55,0.644,4.27,8.39E-02,3.223694586,0,0,0,0,0,0,0,16.98,0,0,0,0,60.38,18.13,3.73,0,0,0,29.14,0,0,0,0,0,0,0,0,0,0,0,0,23.89,0,0,0,46.2,0,7.16,18.28,73.78,0.78,4.09,33.79,29.62,15.4,9.43,4.76,2.49,0.26,0,0,0
0,0,0,54,2,23,2005,1.44,1.34,0.349,0.365,0.706,2.94,0.328,0.334,1.71,-2.69,-0.491,5.73,8.40E-02,3.074141744,0,0,0,0,0,0,0,16.98,0,0,0,0,60.38,18.13,3.73,0,0,0,29.14,0,0,0,0,0,0,0,0,0,0,0,0,23.89,0,0,0,46.2,0,7.16,18.28,73.78,0.78,4.09,33.79,29.62,15.4,9.43,4.76,2.49,0.26,0,0,0
0,0,0,55,2,24,2005,0.996,0.681,0.63,0.271,0.555,2.76,0.318,0.334,2.92,-1.47,0.723,3.6,8.42E-02,2.891354938,0,0,0,0,0,0,0,16.98,0,0,0,0,60.38,18.13,3.73,0,0,0,29.14,0,0,0,0,0,0,0,0,0,0,0,0,23.89,0,0,0,46.2,0,7.16,18.28,73.78,0.78,4.09,33.79,29.62,15.4,9.43,4.76,2.49,0.26,0,0,0
0,0,0,56,2,25,2005,0.516,0.364,1.51,0.29,0.689,2.67,0.312,0.334,3.74,-0.658,1.54,5.08,8.47E-02,2.791653044,0,0,0,0,0,0,0,16.98,0,0,0,0,60.38,18.13,3.73,0,0,0,29.14,0,0,0,0,0,0,0,0,0,0,0,0,23.89,0,0,0,46.2,0,7.16,18.28,73.78,0.78,4.09,33.79,29.62,15.4,9.43,4.76,2.49,0.26,0,0,0
0,0,0,57,2,26,2005,0.675,0,0,0.208,0.481,2.49,0.303,0.334,4.6,0.209,2.41,4.17,8.55E-02,2.62548322,0,0,0,0,0,0,0,16.98,0,0,0,0,60.38,18.13,3.73,0,0,0,29.14,0,0,0,0,0,0,0,0,0,0,0,0,23.89,0,0,0,46.2,0,7.16,18.28,73.78,0.78,4.09,33.79,29.62,15.4,9.43,4.76,2.49,0.26,0,0,0
0,0,0,58,2,27,2005,0.494,0.281,0.223,0.189,0.443,2.34,0.294,0.334,2.92,-1.48,0.722,5.01,8.57E-02,2.459313396,0,0,0,0,0,0,0,16.98,0,0,0,0,60.38,18.13,3.73,0,0,0,29.14,0,0,0,0,0,0,0,0,0,0,0,0,23.89,0,0,0,46.2,0,7.16,18.28,73.78,0.78,4.09,33.79,29.62,15.4,9.43,4.76,2.49,0.26,0,0,0
0,0,0,59,2,28,2005,8.85,5.78,1.41,0.199,0.372,2.61,0.299,0.334,3.21,-1.19,1.01,5.26,8.61E-02,2.90797192,0,0,0,0,0,0,0,16.98,0,0,0,0,60.38,18.13,3.73,0,0,0,29.14,0,0,0,0,0,0,0,0,0,0,0,0,23.89,0,0,0,46.2,0,7.16,18.28,73.78,0.78,4.09,33.79,29.62,15.4,9.43,4.76,2.49,0.26,0,0,0
0,0,0,60,3,1,2005,0.805,0,4.38,0.272,0.626,2.69,0.306,0.334,5.22,-0.387,2.42,10,8.68E-02,2.758419079,0,0,0,0,0,0,0,16.98,0,0,0,0,60.38,18.13,3.73,0,0,0,29.14,0,0,0,0,0,0,0,0,0,0,0,0,23.89,0,0,0,46.2,0,7.16,18.28,73.78,0.78,4.09,33.79,29.62,15.4,9.43,4.76,2.49,0.26,0,0,0
0,0,0,61,3,2,2005,0.795,0.535,0.314,0.293,0.602,2.36,0.298,0.334,3.24,-2.37,0.436,4.53,8.70E-02,2.459313396,0,0,0,0,0,0,0,16.98,0,0,0,0,60.38,18.13,3.73,0,0,0,29.14,0,0,0,0,0,0,0,0,0,0,0,0,23.89,0,0,0,46.2,0,7.16,18.28,73.78,0.78,4.09,33.79,29.62,15.4,9.43,4.76,2.49,0.26,0,0,0
0,0,0,62,3,3,2005,5.73,3.71,1.74,0.376,0.722,2.5,0.3,0.334,3.7,-1.92,0.891,4.65,8.73E-02,2.708568132,0,0,0,0,0,0,0,16.98,0,0,0,0,60.38,18.13,3.73,0,0,0,29.14,0,0,0,0,0,0,0,0,0,0,0,0,23.89,0,0,0,46.2,0,7.16,18.28,73.78,0.78,4.09,33.79,29.62,15.4,9.43,4.76,2.49,0.26,0,0,0
0,0,0,63,3,4,2005,0.917,0,2.12,0.211,0.475,2.43,0.3,0.334,6.84,1.23,4.03,3.41,8.86E-02,2.525781325,0,0,0,0,0,0,0,16.98,0,0,0,0,60.38,18.13,3.73,0,0,0,29.14,0,0,0,0,0,0,0,0,0,0,0,0,23.89,0,0,0,46.2,0,7.16,18.28,73.78,0.78,4.09,33.79,29.62,15.4,9.43,4.76,2.49,0.26,0,0,0
0,0,0,64,3,5,2005,0,0,0,0.392,0.961,2.25,0.291,0.334,5.66,4.64E-02,2.85,6.13,8.95E-02,2.326377536,0,0,0,0,0,0,0,16.98,0,0,0,0,60.38,18.13,3.73,0,0,0,29.14,0,0,0,0,0,0,0,0,0,0,0,0,23.89,0,0,0,46.2,0,7.16,18.28,73.78,0.78,4.09,33.79,29.62,15.4,9.43,4.76,2.49,0.26,0,0,0
0,0,0,65,3,6,2005,5.62E-02,4.08E-02,1.52E-02,0.397,0.971,2.12,0.282,0.334,3.08,-2.54,0.269,12.5,8.97E-02,2.210058659,0,0,0,0,0,0,0,16.98,0,0,0,0,60.38,18.13,3.73,0,0,0,29.14,0,0,0,0,0,0,0,0,0,0,0,0,23.89,0,0,0,46.2,0,7.16,18.28,73.78,0.78,4.09,33.79,29.62,15.4,9.43,4.76,2.49,0.26,0,0,0
0,0,0,66,3,7,2005,0.186,0,2.56E-02,0.23,0.552,1.99,0.273,0.334,5.98,0.363,3.17,4.51,9.06E-02,2.043888835,0,0,0,0,0,0,0,16.98,0,0,0,0,60.38,18.13,3.73,0,0,0,29.14,0,0,0,0,0,0,0,0,0,0,0,0,23.89,0,0,0,46.2,0,7.16,18.28,73.78,0.78,4.09,33.79,29.62,15.4,9.43,4.76,2.49,0.26,0,0,0
0,0,0,67,3,8,2005,0.248,0,0,0.274,0.645,1.87,0.265,0.334,6.98,1.37,4.17,7.39,9.19E-02,1.944186941,0,0,0,0,0,0,0,16.98,0,0,0,0,60.38,18.13,3.73,0,0,0,29.14,0,0,0,0,0,0,0,0,0,0,0,0,23.89,0,0,0,46.2,0,7.16,18.28,73.78,0.78,4.09,33.79,29.62,15.4,9.43,4.76,2.49,0.26,0,0,0
0,0,0,68,3,9,2005,0.504,0,0,0.21,0.501,1.76,0.258,0.334,6.89,1.28,4.08,5.11,9.32E-02,1.827868064,0,0,0,0,0,0,0,16.98,0,0,0,0,60.38,18.13,3.73,0,0,0,29.14,0,0,0,0,0,0,0,0,0,0,0,0,23.89,0,0,0,46.2,0,7.16,18.28,73.78,0.78,4.09,33.79,29.62,15.4,9.43,4.76,2.49,0.26,0,0,0
0,0,0,69,3,10,2005,0.473,0,0,0.107,0.235,1.66,0.252,0.334,8.07,2.46,5.26,1.85,9.48E-02,1.72816617,0,0,0,0,0,0,0,16.98,0,0,0,0,60.38,18.13,3.73,0,0,0,29.14,0,0,0,0,0,0,0,0,0,0,0,0,23.89,0,0,0,46.2,0,7.16,18.28,73.78,0.78,4.09,33.79,29.62,15.4,9.43,4.76,2.49,0.26,0,0,0
0,0,0,70,3,11,2005,2.85,0,0,0.241,0.541,1.71,0.254,0.334,8.15,2.54,5.34,1.55,9.65E-02,1.827868064,0,0,0,0,0,0,0,16.98,0,0,0,0,60.38,18.13,3.73,0,0,0,29.14,0,0,0,0,0,0,0,0,0,0,0,0,23.89,0,0,0,46.2,0,7.16,18.28,73.78,0.78,4.09,33.79,29.62,15.4,9.43,4.76,2.49,0.26,0,0,0
0,0,0,71,3,12,2005,0.373,0,0,0.444,1.04,1.59,0.247,0.334,6,0.39,3.2,5.82,9.75E-02,1.646742956,0,0,0,0,0,0,0,16.98,0,0,0,0,60.38,18.13,3.73,0,0,0,29.14,0,0,0,0,0,0,0,0,0,0,0,0,23.89,0,0,0,46.2,0,7.16,18.28,73.78,0.78,4.09,33.79,29.62,15.4,9.43,4.76,2.49,0.26,0,0,0
0,0,0,72,3,13,2005,0.485,0.275,0.275,0.404,0.952,1.5,0.241,0.334,4.59,-1.02,1.78,7.36,9.80E-02,1.566981441,0,0,0,0,0,0,0,16.98,0,0,0,0,60.38,18.13,3.73,0,0,0,29.14,0,0,0,0,0,0,0,0,0,0,0,0,23.89,0,0,0,46.2,0,7.16,18.28,73.78,0.78,4.09,33.79,29.62,15.4,9.43,4.76,2.49,0.26,0,0,0
0,0,0,73,3,14,2005,23.4,0,0,0.269,0.609,4.64,0.307,0.334,6.65,1.04,3.85,2.89,9.92E-02,5.134647562,0,0,0,0,0,0,0,16.98,0,0,0,0,60.38,18.13,3.73,0,0,0,29.14,0,0,0,0,0,0,0,0,0,0,0,0,23.89,0,0,0,46.2,0,7.16,18.28,73.78,0.78,4.09,33.79,29.62,15.4,9.43,4.76,2.49,0.26,0,0,0
0,0,0,74,3,15,2005,10.6,0,0,0.141,0.302,3.67,0.332,0.334,11.1,5.5,8.31,1.08,0.102,3.8717569,0,0,0,0,0,0,0,16.98,0,0,0,0,60.38,18.13,3.73,0,0,0,29.14,0,0,0,0,0,0,0,0,0,0,0,0,23.89,0,0,0,46.2,0,7.16,18.28,73.78,0.78,4.09,33.79,29.62,15.4,9.43,4.76,2.49,0.26,0,0,0
0,0,0,75,3,16,2005,7.39,0,0,0.13,0.277,3.55,0.345,0.334,11.6,5.94,8.75,1.04,0.105,3.672353111,0,0,0,0,0,0,0,16.98,0,0,0,0,60.38,18.13,3.73,0,0,0,29.14,0,0,0,0,0,0,0,0,0,0,0,0,23.89,0,0,0,46.2,0,7.16,18.28,73.78,0.78,4.09,33.79,29.62,15.4,9.43,4.76,2.49,0.26,0,0,0
0,0,0,76,3,17,2005,0.934,0,0,0.178,0.388,3.08,0.335,0.334,11.4,5.82,8.63,2.16,0.107,3.057524762,0,0,0,0,0,0,0,16.98,0,0,0,0,60.38,18.13,3.73,0,0,0,29.14,0,0,0,0,0,0,0,0,0,0,0,0,23.89,0,0,0,46.2,0,7.16,18.28,73.78,0.78,4.09,33.79,29.62,15.4,9.43,4.76,2.49,0.26,0,0,0
0,0,0,77,3,18,2005,0.776,0,0,0.144,0.308,2.92,0.324,0.334,10.8,5.18,7.99,3.17,0.11,2.90797192,0,0,0,0,0,0,0,16.98,0,0,0,0,60.38,18.13,3.73,0,0,0,29.14,0,0,0,0,0,0,0,0,0,0,0,0,23.89,0,0,0,46.2,0,7.16,18.28,73.78,0.78,4.09,33.79,29.62,15.4,9.43,4.76,2.49,0.26,0,0,0
0,0,0,78,3,19,2005,0,0,0,0.564,1.34,2.75,0.313,0.334,11.4,5.82,8.63,14.1,0.112,2.741802096,0,0,0,0,0,0,0,16.98,0,0,0,0,60.38,18.13,3.73,0,0,0,29.14,0,0,0,0,0,0,0,0,0,0,0,0,23.89,0,0,0,46.2,0,7.16,18.28,73.78,0.78,4.09,33.79,29.62,15.4,9.43,4.76,2.49,0.26,0,0,0
0,0,0,79,3,20,2005,0,0,0,0.801,1.9,2.59,0.301,0.334,13.1,7.47,10.3,15.1,0.116,2.592249255,0,0,0,0,0,0,0,16.98,0,0,0,0,60.38,18.13,3.73,0,0,0,29.14,0,0,0,0,0,0,0,0,0,0,0,0,23.89,0,0,0,46.2,0,7.16,18.28,73.78,0.78,4.09,33.79,29.62,15.4,9.43,4.76,2.49,0.26,0,0,0
0,0,0,80,3,21,2005,8.39,0,0,0.323,0.732,3.17,0.314,0.334,13.1,7.5,10.3,2.49,0.119,3.356630445,0,0,0,0,0,0,0,16.98,0,0,0,0,60.38,18.13,3.73,0,0,0,29.14,0,0,0,0,0,0,0,0,0,0,0,0,23.89,0,0,0,46.2,0,7.16,18.28,73.78,0.78,4.09,33.79,29.62,15.4,9.43,4.76,2.49,0.26,0,0,0
0,0,0,81,3,22,2005,5.77,0,0,0.288,0.644,3.11,0.322,0.334,12.5,6.94,9.74,2.17,0.122,3.240311568,0,0,0,0,0,0,0,16.98,0,0,0,0,60.38,18.13,3.73,0,0,0,29.14,0,0,0,0,0,0,0,0,0,0,0,0,23.89,0,0,0,46.2,0,7.16,18.28,73.78,0.78,4.09,33.79,29.62,15.4,9.43,4.76,2.49,0.26,0,0,0
0,0,0,82,3,23,2005,4.17,0,0,0.792,1.84,3.02,0.322,0.334,12.6,6.98,9.78,10.1,0.125,3.090758727,0,0,0,0,0,0,0,16.98,0,0,0,0,60.38,18.13,3.73,0,0,0,29.14,0,0,0,0,0,0,0,0,0,0,0,0,23.89,0,0,0,46.2,0,7.16,18.28,73.78,0.78,4.09,33.79,29.62,15.4,9.43,4.76,2.49,0.26,0,0,0
0,0,0,83,3,24,2005,2.03,0,0,0.308,0.692,2.84,0.317,0.334,12.5,6.87,9.67,3.68,0.128,2.874737956,0,0,0,0,0,0,0,16.98,0,0,0,0,60.38,18.13,3.73,0,0,0,29.14,0,0,0,0,0,0,0,0,0,0,0,0,23.89,0,0,0,46.2,0,7.16,18.28,73.78,0.78,4.09,33.79,29.62,15.4,9.43,4.76,2.49,0.26,0,0,0
0,0,0,84,3,25,2005,0,0,0,0.302,0.723,2.65,0.305,0.334,11.7,6.04,8.85,6.05,0.131,2.642100202,0,0,0,0,0,0,0,16.98,0,0,0,0,60.38,18.13,3.73,0,0,0,29.14,0,0,0,0,0,0,0,0,0,0,0,0,23.89,0,0,0,46.2,0,7.16,18.28,73.78,0.78,4.09,33.79,29.62,15.4,9.43,4.76,2.49,0.26,0,0,0
0,0,0,85,3,26,2005,0,0,0,0.488,1.15,2.48,0.295,0.334,10.7,5.07,7.87,10.8,0.133,2.49254736,0,0,0,0,0,0,0,16.98,0,0,0,0,60.38,18.13,3.73,0,0,0,29.14,0,0,0,0,0,0,0,0,0,0,0,0,23.89,0,0,0,46.2,0,7.16,18.28,73.78,0.78,4.09,33.79,29.62,15.4,9.43,4.76,2.49,0.26,0,0,0
0,0,0,86,3,27,2005,0.131,0,0,0.268,0.611,2.33,0.285,0.334,9.49,3.88,6.68,4.48,0.135,2.342994519,0,0,0,0,0,0,0,16.98,0,0,0,0,60.38,18.13,3.73,0,0,0,29.14,0,0,0,0,0,0,0,0,0,0,0,0,23.89,0,0,0,46.2,0,7.16,18.28,73.78,0.78,4.09,33.79,29.62,15.4,9.43,4.76,2.49,0.26,0,0,0
0,0,0,87,3,28,2005,0,0,0,0.379,0.905,2.17,0.275,0.334,9.98,4.37,7.17,8.2,0.137,2.160207712,0,0,0,0,0,0,0,16.98,0,0,0,0,60.38,18.13,3.73,0,0,0,29.14,0,0,0,0,0,0,0,0,0,0,0,0,23.89,0,0,0,46.2,0,7.16,18.28,73.78,0.78,4.09,33.79,29.62,15.4,9.43,4.76,2.49,0.26,0,0,0
0,0,0,88,3,29,2005,1.42,0,0,0.558,1.27,2.05,0.268,0.334,9.91,4.3,7.11,11.9,0.14,2.093739783,0,0,0,0,0,0,0,16.98,0,0,0,0,60.38,18.13,3.73,0,0,0,29.14,0,0,0,0,0,0,0,0,0,0,0,0,23.89,0,0,0,46.2,0,7.16,18.28,73.78,0.78,4.09,33.79,29.62,15.4,9.43,4.76,2.49,0.26,0,0,0
0,0,0,89,3,30,2005,19.6,0,0,6.41E-02,0.126,4.59,0.32,0.334,8.82,3.21,6.02,1.4,0.141,4.968477738,0,0,0,0,0,0,0,16.98,0,0,0,0,60.38,18.13,3.73,0,0,0,29.14,0,0,0,0,0,0,0,0,0,0,0,0,23.89,0,0,0,46.2,0,7.16,18.28,73.78,0.78,4.09,33.79,29.62,15.4,9.43,4.76,2.49,0.26,0,0,0
0,0,0,90,3,31,2005,1.46,0,0,0.216,0.469,2.85,0.314,0.334,9.84,4.23,7.03,4.73,0.144,2.858120973,0,0,0,0,0,0,0,16.98,0,0,0,0,60.38,18.13,3.73,0,0,0,29.14,0,0,0,0,0,0,0,0,0,0,0,0,23.89,0,0,0,46.2,0,7.16,18.28,73.78,0.78,4.09,33.79,29.62,15.4,9.43,4.76,2.49,0.26,0,0,0
0,0,0,91,4,1,2005,0.359,0,0,0.288,0.652,2.6,0.303,0.334,11.1,4.82,7.94,3.47,0.146,2.592249255,0,0,0,0,0,0,0,16.98,0,0,0,0,60.38,18.13,3.73,0,0,0,29.14,0,0,0,0,0,0,0,0,0,0,0,0,23.89,0,0,0,46.2,0,7.16,18.28,73.78,0.78,4.09,33.79,29.62,15.4,9.43,4.76,2.49,0.26,0,0,0
0,0,0,92,4,2,2005,9.37E-02,0,0,1.05,2.43,2.43,0.293,0.334,13.2,6.93,10.1,18,0.149,2.392845466,0,0,0,0,0,0,0,16.98,0,0,0,0,60.38,18.13,3.73,0,0,0,29.14,0,0,0,0,0,0,0,0,0,0,0,0,23.89,0,0,0,46.2,0,7.16,18.28,73.78,0.78,4.09,33.79,29.62,15.4,9.43,4.76,2.49,0.26,0,0,0
0,0,0,93,4,3,2005,4.54,0,0,0.203,0.448,2.56,0.295,0.334,11.3,5.03,8.15,1.75,0.152,2.62548322,0,0,0,0,0,0,0,16.98,0,0,0,0,60.38,18.13,3.73,0,0,0,29.14,0,0,0,0,0,0,0,0,0,0,0,0,23.89,0,0,0,46.2,0,7.16,18.28,73.78,0.78,4.09,33.79,29.62,15.4,9.43,4.76,2.49,0.26,0,0,0
0,0,0,94,4,4,2005,1.24,0,0,0.97,2.21,2.35,0.287,0.334,9.41,3.17,6.29,16.9,0.154,2.359611501,0,0,0,0,0,0,0,16.98,0,0,0,0,60.38,18.13,3.73,0,0,0,29.14,0,0,0,0,0,0,0,0,0,0,0,0,23.89,0,0,0,46.2,0,7.16,18.28,73.78,0.78,4.09,33.79,29.62,15.4,9.43,4.76,2.49,0.26,0,0,0
0,0,0,95,4,5,2005,30.3,0,0,0.853,1.94,7.27,0.367,0.334,9.87,3.63,6.75,11,0.156,7.793364747,0,0,0,0,0,0,0,16.98,0,0,0,0,60.38,18.13,3.73,0,0,0,29.14,0,0,0,0,0,0,0,0,0,0,0,0,23.89,0,0,0,46.2,0,7.16,18.28,73.78,0.78,4.09,33.79,29.62,15.4,9.43,4.76,2.49,0.26,0,0,0
0,0,0,96,4,6,2005,5.43,0,0,0.683,1.53,4.07,0.369,0.334,9.81,3.58,6.69,13.7,0.158,4.087777671,0,0,0,0,0,0,0,16.98,0,0,0,0,60.38,18.13,3.73,0,0,0,29.14,0,0,0,0,0,0,0,0,0,0,0,0,23.89,0,0,0,46.2,0,7.16,18.28,73.78,0.78,4.09,33.79,29.62,15.4,9.43,4.76,2.49,0.26,0,0,0
0,0,0,97,4,7,2005,1.8,0,0,0.749,1.69,3.63,0.358,0.334,8.29,2.06,5.17,11.5,0.159,3.572651216,0,0,0,0,0,0,0,16.98,0,0,0,0,60.38,18.13,3.73,0,0,0,29.14,0,0,0,0,0,0,0,0,0,0,0,0,23.89,0,0,0,46.2,0,7.16,18.28,73.78,0.78,4.09,33.79,29.62,15.4,9.43,4.76,2.49,0.26,0,0,0
0,0,0,98,4,8,2005,1.06,0,0,1.11,2.53,3.39,0.344,0.334,6.19,-4.87E-02,3.07,14.3,0.16,3.340013463,0,0,0,0,0,0,0,16.98,0,0,0,0,60.38,18.13,3.73,0,0,0,29.14,0,0,0,0,0,0,0,0,0,0,0,0,23.89,0,0,0,46.2,0,7.16,18.28,73.78,0.78,4.09,33.79,29.62,15.4,9.43,4.76,2.49,0.26,0,0,0
0,0,0,99,4,9,2005,6.55,0,0,0.529,1.19,3.74,0.35,0.334,7.77,1.54,4.66,4.12,0.162,3.821905952,0,0,0,0,0,0,0,16.98,0,0,0,0,60.38,18.13,3.73,0,0,0,29.14,0,0,0,0,0,0,0,0,0,0,0,0,23.89,0,0,0,46.2,0,7.16,18.28,73.78,0.78,4.09,33.79,29.62,15.4,9.43,4.76,2.49,0.26,0,0,0
0,0,0,100,4,10,2005,0.113,0,0,0.632,1.43,3.28,0.336,0.334,11.1,4.89,8.01,9.07,0.164,3.223694586,0,0,0,0,0,0,0,16.98,0,0,0,0,60.38,18.13,3.73,0,0,0,29.14,0,0,0,0,0,0,0,0,0,0,0,0,23.89,0,0,0,46.2,0,7.16,18.28,73.78,0.78,4.09,33.79,29.62,15.4,9.43,4.76,2.49,0.26,0,0,0
0,0,0,101,4,11,2005,4.86,0,0,0.56,1.25,3.43,0.337,0.334,11.4,5.13,8.25,7.71,0.167,3.489566304,0,0,0,0,0,0,0,16.98,0,0,0,0,60.38,18.13,3.73,0,0,0,29.14,0,0,0,0,0,0,0,0,0,0,0,0,23.89,0,0,0,46.2,0,7.16,18.28,73.78,0.78,4.09,33.79,29.62,15.4,9.43,4.76,2.49,0.26,0,0,0
0,0,0,102,4,12,2005,16.3,0,0,0.801,1.79,5.5,0.372,0.334,11.1,4.86,7.98,15.1,0.169,5.749475911,0,0,0,0,0,0,0,16.98,0,0,0,0,60.38,18.13,3.73,0,0,0,29.14,0,0,0,0,0,0,0,0,0,0,0,0,23.89,0,0,0,46.2,0,7.16,18.28,73.78,0.78,4.09,33.79,29.62,15.4,9.43,4.76,2.49,0.26,0,0,0
0,0,0,103,4,13,2005,8.21,0,0,0.928,2.08,4.55,0.382,0.334,9.28,3.04,6.16,20,0.171,4.652755073,0,0,0,0,0,0,0,16.98,0,0,0,0,60.38,18.13,3.73,0,0,0,29.14,0,0,0,0,0,0,0,0,0,0,0,0,23.89,0,0,0,46.2,0,7.16,18.28,73.78,0.78,4.09,33.79,29.62,15.4,9.43,4.76,2.49,0.26,0,0,0
0,0,0,104,4,14,2005,4.87,0,0,0.3,0.646,4.16,0.381,0.334,8.42,2.18,5.3,6.79,0.173,4.204096548,0,0,0,0,0,0,0,16.98,0,0,0,0,60.38,18.13,3.73,0,0,0,29.14,0,0,0,0,0,0,0,0,0,0,0,0,23.89,0,0,0,46.2,0,7.16,18.28,73.78,0.78,4.09,33.79,29.62,15.4,9.43,4.76,2.49,0.26,0,0,0
0,0,0,105,4,15,2005,31.8,0,0,0.228,0.485,11.4,0.453,0.334,7.48,1.24,4.36,3.11,0.174,11.74820656,0,0,0,0,0,0,0,16.98,0,0,0,0,60.38,18.13,3.73,0,0,0,29.14,0,0,0,0,0,0,0,0,0,0,0,0,23.89,0,0,0,46.2,0,7.16,18.28,73.78,0.78,4.09,33.79,29.62,15.4,9.43,4.76,2.49,0.26,0,0,0
0,0,0,106,4,16,2005,2.27,0,0,0.404,0.888,5.3,0.438,0.334,6.91,0.672,3.79,6.28,0.175,5.217732474,0,0,0,0,0,0,0,16.98,0,0,0,0,60.38,18.13,3.73,0,0,0,29.14,0,0,0,0,0,0,0,0,0,0,0,0,23.89,0,0,0,46.2,0,7.16,18.28,73.78,0.78,4.09,33.79,29.62,15.4,9.43,4.76,2.49,0.26,0,0,0
0,0,0,107,4,17,2005,46.7,0,0,0.292,0.63,22.2,0.523,0.334,7.85,1.61,4.73,3.45,0.177,22.43292624,0,0,0,0,0,0,0,16.98,0,0,0,0,60.38,18.13,3.73,0,0,0,29.14,0,0,0,0,0,0,0,0,0,0,0,0,23.89,0,0,0,46.2,0,7.16,18.28,73.78,0.78,4.09,33.79,29.62,15.4,9.43,4.76,2.49,0.26,0,0,0
0,0,0,108,4,18,2005,6.59,0,0,0.686,1.51,7.64,0.514,0.334,9.12,2.88,6,14.8,0.179,7.560726993,0,0,0,0,0,0,0,16.98,0,0,0,0,60.38,18.13,3.73,0,0,0,29.14,0,0,0,0,0,0,0,0,0,0,0,0,23.89,0,0,0,46.2,0,7.16,18.28,73.78,0.78,4.09,33.79,29.62,15.4,9.43,4.76,2.49,0.26,0,0,0
0,0,0,109,4,19,2005,1.92,0,0,0.602,1.33,6.51,0.492,0.334,8.93,2.69,5.81,12.6,0.181,6.36430426,0,0,0,0,0,0,0,16.98,0,0,0,0,60.38,18.13,3.73,0,0,0,29.14,0,0,0,0,0,0,0,0,0,0,0,0,23.89,0,0,0,46.2,0,7.16,18.28,73.78,0.78,4.09,33.79,29.62,15.4,9.43,4.76,2.49,0.26,0,0,0
0,0,0,110,4,20,2005,0,0,0,0.401,0.918,6.02,0.467,0.334,8.74,2.5,5.62,6.24,0.182,5.849177806,0,0,0,0,0,0,0,16.98,0,0,0,0,60.38,18.13,3.73,0,0,0,29.14,0,0,0,0,0,0,0,0,0,0,0,0,23.89,0,0,0,46.2,0,7.16,18.28,73.78,0.78,4.09,33.79,29.62,15.4,9.43,4.76,2.49,0.26,0,0,0
0,0,0,111,4,21,2005,3.73E-02,0,0,0.393,0.893,5.59,0.445,0.334,10.2,3.95,7.07,6.31,0.185,5.450370228,0,0,0,0,0,0,0,16.98,0,0,0,0,60.38,18.13,3.73,0,0,0,29.14,0,0,0,0,0,0,0,0,0,0,0,0,23.89,0,0,0,46.2,0,7.16,18.28,73.78,0.78,4.09,33.79,29.62,15.4,9.43,4.76,2.49,0.26,0,0,0
0,0,0,112,4,22,2005,12.1,0,0,1.3,2.91,7.07,0.456,0.334,11.4,5.19,8.31,20.4,0.187,7.178536398,0,0,0,0,0,0,0,16.98,0,0,0,0,60.38,18.13,3.73,0,0,0,29.14,0,0,0,0,0,0,0,0,0,0,0,0,23.89,0,0,0,46.2,0,7.16,18.28,73.78,0.78,4.09,33.79,29.62,15.4,9.43,4.76,2.49,0.26,0,0,0
0,0,0,113,4,23,2005,1.44,0,0,0.51,1.12,5.4,0.438,0.334,11.5,5.24,8.36,7.82,0.19,5.334051351,0,0,0,0,0,0,0,16.98,0,0,0,0,60.38,18.13,3.73,0,0,0,29.14,0,0,0,0,0,0,0,0,0,0,0,0,23.89,0,0,0,46.2,0,7.16,18.28,73.78,0.78,4.09,33.79,29.62,15.4,9.43,4.76,2.49,0.26,0,0,0
0,0,0,114,4,24,2005,0,0,0,1.29,2.91,4.94,0.418,0.334,11.7,5.5,8.62,22.8,0.192,4.868775844,0,0,0,0,0,0,0,16.98,0,0,0,0,60.38,18.13,3.73,0,0,0,29.14,0,0,0,0,0,0,0,0,0,0,0,0,23.89,0,0,0,46.2,0,7.16,18.28,73.78,0.78,4.09,33.79,29.62,15.4,9.43,4.76,2.49,0.26,0,0,0
0,0,0,115,4,25,2005,12.1,0,0,0.996,2.2,6.2,0.432,0.334,12.1,5.84,8.96,18.8,0.195,6.380921242,0,0,0,0,0,0,0,16.98,0,0,0,0,60.38,18.13,3.73,0,0,0,29.14,0,0,0,0,0,0,0,0,0,0,0,0,23.89,0,0,0,46.2,0,7.16,18.28,73.78,0.78,4.09,33.79,29.62,15.4,9.43,4.76,2.49,0.26,0,0,0
0,0,0,116,4,26,2005,2.1,0,0,0.73,1.6,4.89,0.417,0.334,11.4,5.21,8.33,13,0.198,4.885392826,0,0,0,0,0,0,0,16.98,0,0,0,0,60.38,18.13,3.73,0,0,0,29.14,0,0,0,0,0,0,0,0,0,0,0,0,23.89,0,0,0,46.2,0,7.16,18.28,73.78,0.78,4.09,33.79,29.62,15.4,9.43,4.76,2.49,0.26,0,0,0
0,0,0,117,4,27,2005,14.1,0,0,1.36,3,6.61,0.44,0.334,11.6,5.32,8.44,23.8,0.2,6.84619675,0,0,0,0,0,0,0,16.98,0,0,0,0,60.38,18.13,3.73,0,0,0,29.14,0,0,0,0,0,0,0,0,0,0,0,0,23.89,0,0,0,46.2,0,7.16,18.28,73.78,0.78,4.09,33.79,29.62,15.4,9.43,4.76,2.49,0.26,0,0,0
0,0,0,118,4,28,2005,3.67,0,0,0.39,0.841,5.11,0.431,0.334,12.7,6.45,9.57,2.98,0.203,5.134647562,0,0,0,0,0,0,0,16.98,0,0,0,0,60.38,18.13,3.73,0,0,0,29.14,0,0,0,0,0,0,0,0,0,0,0,0,23.89,0,0,0,46.2,0,7.16,18.28,73.78,0.78,4.09,33.79,29.62,15.4,9.43,4.76,2.49,0.26,0,0,0
0,0,0,119,4,29,2005,14.4,0,0,1.32,2.92,7.08,0.452,0.334,12.6,6.39,9.51,23.7,0.206,7.294855275,0,0,0,0,0,0,0,16.98,0,0,0,0,60.38,18.13,3.73,0,0,0,29.14,0,0,0,0,0,0,0,0,0,0,0,0,23.89,0,0,0,46.2,0,7.16,18.28,73.78,0.78,4.09,33.79,29.62,15.4,9.43,4.76,2.49,0.26,0,0,0
0,0,0,120,4,30,2005,2.81,0,0,0.343,0.739,5.24,0.439,0.334,14.3,8.05,11.2,5.64,0.21,5.234349457,0,0,0,0,0,0,0,16.98,0,0,0,0,60.38,18.13,3.73,0,0,0,29.14,0,0,0,0,0,0,0,0,0,0,0,0,23.89,0,0,0,46.2,0,7.16,18.28,73.78,0.78,4.09,33.79,29.62,15.4,9.43,4.76,2.49,0.26,0,0,0
0,0,0,121,5,1,2005,3.48,0,0,0.884,1.94,4.99,0.429,0.334,15.6,8.62,12.1,12.1,0.214,5.018328685,0,0,0,0,0,0,0,16.98,0,0,0,0,60.38,18.13,3.73,0,0,0,29.14,0,0,0,0,0,0,0,0,0,0,0,0,23.89,0,0,0,46.2,0,7.16,18.28,73.78,0.78,4.09,33.79,29.62,15.4,9.43,4.76,2.49,0.26,0,0,0
0,0,0,122,5,2,2005,12.7,0,0,0.809,1.76,6.57,0.447,0.334,14.5,7.5,11,15.1,0.217,6.77972882,0,0,0,0,0,0,0,16.98,0,0,0,0,60.38,18.13,3.73,0,0,0,29.14,0,0,0,0,0,0,0,0,0,0,0,0,23.89,0,0,0,46.2,0,7.16,18.28,73.78,0.78,4.09,33.79,29.62,15.4,9.43,4.76,2.49,0.26,0,0,0
0,0,0,123,5,3,2005,1.34,0,0,0.884,1.93,4.97,0.429,0.334,13.9,6.88,10.4,15.9,0.22,4.951860756,0,0,0,0,0,0,0,16.98,0,0,0,0,60.38,18.13,3.73,0,0,0,29.14,0,0,0,0,0,0,0,0,0,0,0,0,23.89,0,0,0,46.2,0,7.16,18.28,73.78,0.78,4.09,33.79,29.62,15.4,9.43,4.76,2.49,0.26,0,0,0
0,0,0,124,5,4,2005,3.73E-02,0,0,0.861,1.91,4.59,0.41,0.334,12.4,5.44,8.94,13.5,0.223,4.569670161,0,0,0,0,0,0,0,16.98,0,0,0,0,60.38,18.13,3.73,0,0,0,29.14,0,0,0,0,0,0,0,0,0,0,0,0,23.89,0,0,0,46.2,0,7.16,18.28,73.78,0.78,4.09,33.79,29.62,15.4,9.43,4.76,2.49,0.26,0,0,0
0,0,0,125,5,5,2005,4.05,0,0,0.426,0.915,4.56,0.403,0.334,12.7,5.69,9.19,5.68,0.226,4.63613809,0,0,0,0,0,0,0,16.98,0,0,0,0,60.38,18.13,3.73,0,0,0,29.14,0,0,0,0,0,0,0,0,0,0,0,0,23.89,0,0,0,46.2,0,7.16,18.28,73.78,0.78,4.09,33.79,29.62,15.4,9.43,4.76,2.49,0.26,0,0,0
0,0,0,126,5,6,2005,9.25,0,0,0.913,1.99,5.3,0.413,0.334,12.4,5.42,8.92,14.2,0.229,5.46698721,0,0,0,0,0,0,0,16.98,0,0,0,0,60.38,18.13,3.73,0,0,0,29.14,0,0,0,0,0,0,0,0,0,0,0,0,23.89,0,0,0,46.2,0,7.16,18.28,73.78,0.78,4.09,33.79,29.62,15.4,9.43,4.76,2.49,0.26,0,0,0
0,0,0,127,5,7,2005,1.13,0,0,1.04,2.27,4.32,0.397,0.334,11.6,4.59,8.08,18.5,0.231,4.337032407,0,0,0,0,0,0,0,16.98,0,0,0,0,60.38,18.13,3.73,0,0,0,29.14,0,0,0,0,0,0,0,0,0,0,0,0,23.89,0,0,0,46.2,0,7.16,18.28,73.78,0.78,4.09,33.79,29.62,15.4,9.43,4.76,2.49,0.26,0,0,0
0,0,0,128,5,8,2005,1.54,0,0,1.14,2.5,4.04,0.382,0.334,10.6,3.64,7.14,15.5,0.233,4.071160689,0,0,0,0,0,0,0,16.98,0,0,0,0,60.38,18.13,3.73,0,0,0,29.14,0,0,0,0,0,0,0,0,0,0,0,0,23.89,0,0,0,46.2,0,7.16,18.28,73.78,0.78,4.09,33.79,29.62,15.4,9.43,4.76,2.49,0.26,0,0,0
0,0,0,129,5,9,2005,0.571,0,0,1.33,2.92,3.76,0.366,0.334,9.96,2.96,6.46,23.2,0.235,3.788671988,0,0,0,0,0,0,0,16.98,0,0,0,0,60.38,18.13,3.73,0,0,0,29.14,0,0,0,0,0,0,0,0,0,0,0,0,23.89,0,0,0,46.2,0,7.16,18.28,73.78,0.78,4.09,33.79,29.62,15.4,9.43,4.76,2.49,0.26,0,0,0
0,0,0,130,5,10,2005,0,0,0,1.46,3.23,3.5,0.351,0.334,9.7,2.7,6.2,27.4,0.237,3.506183287,0,0,0,0,0,0,0,16.98,0,0,0,0,60.38,18.13,3.73,0,0,0,29.14,0,0,0,0,0,0,0,0,0,0,0,0,23.89,0,0,0,46.2,0,7.16,18.28,73.78,0.78,4.09,33.79,29.62,15.4,9.43,4.76,2.49,0.26,0,0,0
0,0,0,131,5,11,2005,0,0,0,1.47,3.27,3.25,0.336,0.334,10.5,3.53,7.03,26.6,0.239,3.290162516,0,0,0,0,0,0,0,16.98,0,0,0,0,60.38,18.13,3.73,0,0,0,29.14,0,0,0,0,0,0,0,0,0,0,0,0,23.89,0,0,0,46.2,0,7.16,18.28,73.78,0.78,4.09,33.79,29.62,15.4,9.43,4.76,2.49,0.26,0,0,0
0,0,0,132,5,12,2005,0,0,0,1.74,3.9,3.02,0.322,0.334,12.1,5.11,8.61,26.9,0.242,3.057524762,0,0,0,0,0,0,0,16.98,0,0,0,0,60.38,18.13,3.73,0,0,0,29.14,0,0,0,0,0,0,0,0,0,0,0,0,23.89,0,0,0,46.2,0,7.16,18.28,73.78,0.78,4.09,33.79,29.62,15.4,9.43,4.76,2.49,0.26,0,0,0
0,0,0,133,5,13,2005,0,0,0,1.83,4.09,2.81,0.308,0.334,12.3,5.26,8.76,26.2,0.245,2.841503991,0,0,0,0,0,0,0,16.98,0,0,0,0,60.38,18.13,3.73,0,0,0,29.14,0,0,0,0,0,0,0,0,0,0,0,0,23.89,0,0,0,46.2,0,7.16,18.28,73.78,0.78,4.09,33.79,29.62,15.4,9.43,4.76,2.49,0.26,0,0,0
0,0,0,134,5,14,2005,0,0,0,1.75,3.9,2.61,0.295,0.334,12.6,5.58,9.08,27.3,0.248,2.658717184,0,0,0,0,0,0,0,16.98,0,0,0,0,60.38,18.13,3.73,0,0,0,29.14,0,0,0,0,0,0,0,0,0,0,0,0,23.89,0,0,0,46.2,0,7.16,18.28,73.78,0.78,4.09,33.79,29.62,15.4,9.43,4.76,2.49,0.26,0,0,0
0,0,0,135,5,15,2005,0,0,0,1.44,3.25,2.42,0.284,0.334,12.3,5.31,8.81,23.6,0.25,2.49254736,0,0,0,0,0,0,0,16.98,0,0,0,0,60.38,18.13,3.73,0,0,0,29.14,0,0,0,0,0,0,0,0,0,0,0,0,23.89,0,0,0,46.2,0,7.16,18.28,73.78,0.78,4.09,33.79,29.62,15.4,9.43,4.76,2.49,0.26,0,0,0
0,0,0,136,5,16,2005,3.18E-02,0,0,0.329,0.733,2.25,0.274,0.334,12,4.99,8.48,5.19,0.253,2.326377536,0,0,0,0,0,0,0,16.98,0,0,0,0,60.38,18.13,3.73,0,0,0,29.14,0,0,0,0,0,0,0,0,0,0,0,0,23.89,0,0,0,46.2,0,7.16,18.28,73.78,0.78,4.09,33.79,29.62,15.4,9.43,4.76,2.49,0.26,0,0,0
0,0,0,137,5,17,2005,0.251,0,0,1.21,2.68,2.1,0.264,0.334,10.1,3.15,6.64,21.6,0.255,2.160207712,0,0,0,0,0,0,0,16.98,0,0,0,0,60.38,18.13,3.73,0,0,0,29.14,0,0,0,0,0,0,0,0,0,0,0,0,23.89,0,0,0,46.2,0,7.16,18.28,73.78,0.78,4.09,33.79,29.62,15.4,9.43,4.76,2.49,0.26,0,0,0
0,0,0,138,5,18,2005,11.9,0,0,1.22,2.67,2.63,0.273,0.334,10.9,3.89,7.39,15.5,0.257,2.957822868,0,0,0,0,0,0,0,16.98,0,0,0,0,60.38,18.13,3.73,0,0,0,29.14,0,0,0,0,0,0,0,0,0,0,0,0,23.89,0,0,0,46.2,0,7.16,18.28,73.78,0.78,4.09,33.79,29.62,15.4,9.43,4.76,2.49,0.26,0,0,0
0,0,0,139,5,19,2005,11.4,0,0,1.11,2.4,3.02,0.293,0.334,14.5,7.49,11,18.7,0.261,3.290162516,0,0,0,0,0,0,0,16.98,0,0,0,0,60.38,18.13,3.73,0,0,0,29.14,0,0,0,0,0,0,0,0,0,0,0,0,23.89,0,0,0,46.2,0,7.16,18.28,73.78,0.78,4.09,33.79,29.62,15.4,9.43,4.76,2.49,0.26,0,0,0
0,0,0,140,5,20,2005,1.19,0,0,0.79,1.7,2.42,0.285,0.334,13.9,6.88,10.4,8.97,0.264,2.426079431,0,0,0,0,0,0,0,16.98,0,0,0,0,60.38,18.13,3.73,0,0,0,29.14,0,0,0,0,0,0,0,0,0,0,0,0,23.89,0,0,0,46.2,0,7.16,18.28,73.78,0.78,4.09,33.79,29.62,15.4,9.43,4.76,2.49,0.26,0,0,0
0,0,0,141,5,21,2005,12.6,0,0,1.06,2.27,3.55,0.311,0.334,11.8,4.85,8.35,20.3,0.267,3.788671988,0,0,0,0,0,0,0,16.98,0,0,0,0,60.38,18.13,3.73,0,0,0,29.14,0,0,0,0,0,0,0,0,0,0,0,0,23.89,0,0,0,46.2,0,7.16,18.28,73.78,0.78,4.09,33.79,29.62,15.4,9.43,4.76,2.49,0.26,0,0,0
0,0,0,142,5,22,2005,4.8,0,0,1.26,2.69,2.97,0.312,0.334,12.3,5.26,8.76,25.9,0.269,3.024290797,0,0,0,0,0,0,0,16.98,0,0,0,0,60.38,18.13,3.73,0,0,0,29.14,0,0,0,0,0,0,0,0,0,0,0,0,23.89,0,0,0,46.2,0,7.16,18.28,73.78,0.78,4.09,33.79,29.62,15.4,9.43,4.76,2.49,0.26,0,0,0
0,0,0,143,5,23,2005,21.7,0,0,1.54,3.32,5.65,0.363,0.334,11.9,4.86,8.36,24.6,0.272,6.031964612,0,0,0,0,0,0,0,16.98,0,0,0,0,60.38,18.13,3.73,0,0,0,29.14,0,0,0,0,0,0,0,0,0,0,0,0,23.89,0,0,0,46.2,0,7.16,18.28,73.78,0.78,4.09,33.79,29.62,15.4,9.43,4.76,2.49,0.26,0,0,0
0,0,0,144,5,24,2005,15.2,0,0,0.322,0.671,5.62,0.395,0.334,13.3,6.29,9.79,3.88,0.275,5.782709876,0,0,0,0,0,0,0,16.98,0,0,0,0,60.38,18.13,3.73,0,0,0,29.14,0,0,0,0,0,0,0,0,0,0,0,0,23.89,0,0,0,46.2,0,7.16,18.28,73.78,0.78,4.09,33.79,29.62,15.4,9.43,4.76,2.49,0.26,0,0,0
0,0,0,145,5,25,2005,6.56,0,0,0.645,1.38,4.65,0.398,0.334,15.4,8.42,11.9,6.49,0.279,4.63613809,0,0,0,0,0,0,0,16.98,0,0,0,0,60.38,18.13,3.73,0,0,0,29.14,0,0,0,0,0,0,0,0,0,0,0,0,23.89,0,0,0,46.2,0,7.16,18.28,73.78,0.78,4.09,33.79,29.62,15.4,9.43,4.76,2.49,0.26,0,0,0
0,0,0,146,5,26,2005,0.278,0,0,1.46,3.16,4.08,0.38,0.334,15.3,8.29,11.8,21.4,0.282,3.938224829,0,0,0,0,0,0,0,16.98,0,0,0,0,60.38,18.13,3.73,0,0,0,29.14,0,0,0,0,0,0,0,0,0,0,0,0,23.89,0,0,0,46.2,0,7.16,18.28,73.78,0.78,4.09,33.79,29.62,15.4,9.43,4.76,2.49,0.26,0,0,0
0,0,0,147,5,27,2005,1.01,0,0,1.39,3.02,3.83,0.363,0.334,17.5,10.5,14,15.2,0.287,3.73882104,0,0,0,0,0,0,0,16.98,0,0,0,0,60.38,18.13,3.73,0,0,0,29.14,0,0,0,0,0,0,0,0,0,0,0,0,23.89,0,0,0,46.2,0,7.16,18.28,73.78,0.78,4.09,33.79,29.62,15.4,9.43,4.76,2.49,0.26,0,0,0
0,0,0,148,5,28,2005,7.19E-02,0,0,0.924,2.01,3.6,0.347,0.334,15,8.04,11.5,6.32,0.29,3.506183287,0,0,0,0,0,0,0,16.98,0,0,0,0,60.38,18.13,3.73,0,0,0,29.14,0,0,0,0,0,0,0,0,0,0,0,0,23.89,0,0,0,46.2,0,7.16,18.28,73.78,0.78,4.09,33.79,29.62,15.4,9.43,4.76,2.49,0.26,0,0,0
0,0,0,149,5,29,2005,0,0,0,1.8,3.93,3.36,0.332,0.334,13.3,6.31,9.81,29.6,0.293,3.290162516,0,0,0,0,0,0,0,16.98,0,0,0,0,60.38,18.13,3.73,0,0,0,29.14,0,0,0,0,0,0,0,0,0,0,0,0,23.89,0,0,0,46.2,0,7.16,18.28,73.78,0.78,4.09,33.79,29.62,15.4,9.43,4.76,2.49,0.26,0,0,0
0,0,0,150,5,30,2005,0.12,0,0,1.58,3.41,3.14,0.317,0.334,13.2,6.16,9.66,25.7,0.296,3.057524762,0,0,0,0,0,0,0,16.98,0,0,0,0,60.38,18.13,3.73,0,0,0,29.14,0,0,0,0,0,0,0,0,0,0,0,0,23.89,0,0,0,46.2,0,7.16,18.28,73.78,0.78,4.09,33.79,29.62,15.4,9.43,4.76,2.49,0.26,0,0,0
0,0,0,151,5,31,2005,8.34,0,0,1.18,2.51,3.48,0.318,0.334,14,7.02,10.5,19.7,0.3,3.605885181,0,0,0,0,0,0,0,16.98,0,0,0,0,60.38,18.13,3.73,0,0,0,29.14,0,0,0,0,0,0,0,0,0,0,0,0,23.89,0,0,0,46.2,0,7.16,18.28,73.78,0.78,4.09,33.79,29.62,15.4,9.43,4.76,2.49,0.26,0,0,0
0,0,0,152,6,1,2005,22.6,0,0,0.221,0.449,6.36,0.373,0.334,14.7,7.93,11.3,3.14,0.303,6.696643908,0,0,0,0,0,0,0,16.98,0,0,0,0,60.38,18.13,3.73,0,0,0,29.14,0,0,0,0,0,0,0,0,0,0,0,0,23.89,0,0,0,46.2,0,7.16,18.28,73.78,0.78,4.09,33.79,29.62,15.4,9.43,4.76,2.49,0.26,0,0,0
0,0,0,153,6,2,2005,7.54,0,0,0.307,0.635,4.49,0.382,0.334,15.2,8.43,11.8,3.41,0.307,4.536436196,0,0,0,0,0,0,0,16.98,0,0,0,0,60.38,18.13,3.73,0,0,0,29.14,0,0,0,0,0,0,0,0,0,0,0,0,23.89,0,0,0,46.2,0,7.16,18.28,73.78,0.78,4.09,33.79,29.62,15.4,9.43,4.76,2.49,0.26,0,0,0
0,0,0,154,6,3,2005,0.838,0,0,0.501,1.05,3.89,0.368,0.334,14.9,8.07,11.5,7.58,0.31,3.788671988,0,0,0,0,0,0,0,16.98,0,0,0,0,60.38,18.13,3.73,0,0,0,29.14,0,0,0,0,0,0,0,0,0,0,0,0,23.89,0,0,0,46.2,0,7.16,18.28,73.78,0.78,4.09,33.79,29.62,15.4,9.43,4.76,2.49,0.26,0,0,0
0,0,0,155,6,4,2005,2.24,0,0,0.726,1.53,3.74,0.358,0.334,14.7,7.91,11.3,12,0.314,3.705587076,0,0,0,0,0,0,0,16.98,0,0,0,0,60.38,18.13,3.73,0,0,0,29.14,0,0,0,0,0,0,0,0,0,0,0,0,23.89,0,0,0,46.2,0,7.16,18.28,73.78,0.78,4.09,33.79,29.62,15.4,9.43,4.76,2.49,0.26,0,0,0
0,0,0,156,6,5,2005,0.667,0,0,0.86,1.84,3.5,0.344,0.334,15,8.19,11.6,11.7,0.317,3.423098375,0,0,0,0,0,0,0,16.98,0,0,0,0,60.38,18.13,3.73,0,0,0,29.14,0,0,0,0,0,0,0,0,0,0,0,0,23.89,0,0,0,46.2,0,7.16,18.28,73.78,0.78,4.09,33.79,29.62,15.4,9.43,4.76,2.49,0.26,0,0,0
0,0,0,157,6,6,2005,0,0,0,0.85,1.87,3.27,0.33,0.334,15.2,8.44,11.8,9.57,0.321,3.207077604,0,0,0,0,0,0,0,16.98,0,0,0,0,60.38,18.13,3.73,0,0,0,29.14,0,0,0,0,0,0,0,0,0,0,0,0,23.89,0,0,0,46.2,0,7.16,18.28,73.78,0.78,4.09,33.79,29.62,15.4,9.43,4.76,2.49,0.26,0,0,0
0,0,0,158,6,7,2005,0,0,0,1.57,3.39,3.06,0.316,0.334,14.3,7.52,10.9,24.1,0.324,3.007673815,0,0,0,0,0,0,0,16.98,0,0,0,0,60.38,18.13,3.73,0,0,0,29.14,0,0,0,0,0,0,0,0,0,0,0,0,23.89,0,0,0,46.2,0,7.16,18.28,73.78,0.78,4.09,33.79,29.62,15.4,9.43,4.76,2.49,0.26,0,0,0
0,0,0,159,6,8,2005,0,0,0,1.93,4.19,2.85,0.303,0.334,15,8.21,11.6,30.3,0.328,2.808270026,0,0,0,0,0,0,0,16.98,0,0,0,0,60.38,18.13,3.73,0,0,0,29.14,0,0,0,0,0,0,0,0,0,0,0,0,23.89,0,0,0,46.2,0,7.16,18.28,73.78,0.78,4.09,33.79,29.62,15.4,9.43,4.76,2.49,0.26,0,0,0
0,0,0,160,6,9,2005,0,0,0,1.62,3.54,2.65,0.29,0.334,16.2,9.41,12.8,24.4,0.332,2.62548322,0,0,0,0,0,0,0,16.98,0,0,0,0,60.38,18.13,3.73,0,0,0,29.14,0,0,0,0,0,0,0,0,0,0,0,0,23.89,0,0,0,46.2,0,7.16,18.28,73.78,0.78,4.09,33.79,29.62,15.4,9.43,4.76,2.49,0.26,0,0,0
0,0,0,161,6,10,2005,0,0,0,0.918,2.01,2.46,0.279,0.334,16.3,9.5,12.9,13.7,0.336,2.459313396,0,0,0,0,0,0,0,16.98,0,0,0,0,60.38,18.13,3.73,0,0,0,29.14,0,0,0,0,0,0,0,0,0,0,0,0,23.89,0,0,0,46.2,0,7.16,18.28,73.78,0.78,4.09,33.79,29.62,15.4,9.43,4.76,2.49,0.26,0,0,0
0,0,0,162,6,11,2005,0,0,0,1.3,2.83,2.29,0.268,0.334,15.4,8.56,12,20,0.34,2.276526589,0,0,0,0,0,0,0,16.98,0,0,0,0,60.38,18.13,3.73,0,0,0,29.14,0,0,0,0,0,0,0,0,0,0,0,0,23.89,0,0,0,46.2,0,7.16,18.28,73.78,0.78,4.09,33.79,29.62,15.4,9.43,4.76,2.49,0.26,0,0,0
0,0,0,163,6,12,2005,0.323,0,0,0.65,1.41,2.13,0.258,0.334,12.9,6.14,9.54,5.69,0.343,2.126973747,0,0,0,0,0,0,0,16.98,0,0,0,0,60.38,18.13,3.73,0,0,0,29.14,0,0,0,0,0,0,0,0,0,0,0,0,23.89,0,0,0,46.2,0,7.16,18.28,73.78,0.78,4.09,33.79,29.62,15.4,9.43,4.76,2.49,0.26,0,0,0
0,0,0,164,6,13,2005,1.64,0,0,0.554,1.17,1.99,0.25,0.334,12.8,6.01,9.41,4.71,0.346,2.027271853,0,0,0,0,0,0,0,16.98,0,0,0,0,60.38,18.13,3.73,0,0,0,29.14,0,0,0,0,0,0,0,0,0,0,0,0,23.89,0,0,0,46.2,0,7.16,18.28,73.78,0.78,4.09,33.79,29.62,15.4,9.43,4.76,2.49,0.26,0,0,0
0,0,0,165,6,14,2005,11.4,0,0,0.552,1.16,2.59,0.264,0.334,14.4,7.61,11,5.34,0.349,2.841503991,0,0,0,0,0,0,0,16.98,0,0,0,0,60.38,18.13,3.73,0,0,0,29.14,0,0,0,0,0,0,0,0,0,0,0,0,23.89,0,0,0,46.2,0,7.16,18.28,73.78,0.78,4.09,33.79,29.62,15.4,9.43,4.76,2.49,0.26,0,0,0
0,0,0,166,6,15,2005,6.19,0,0,0.351,0.725,2.43,0.275,0.334,15.8,9.01,12.4,3.68,0.353,2.509164343,0,0,0,0,0,0,0,16.98,0,0,0,0,60.38,18.13,3.73,0,0,0,29.14,0,0,0,0,0,0,0,0,0,0,0,0,23.89,0,0,0,46.2,0,7.16,18.28,73.78,0.78,4.09,33.79,29.62,15.4,9.43,4.76,2.49,0.26,0,0,0
0,0,0,167,6,16,2005,4.16,0,0,0.227,0.458,2.45,0.278,0.334,16.6,9.78,13.2,2.77,0.357,2.459313396,0,0,0,0,0,0,0,16.98,0,0,0,0,60.38,18.13,3.73,0,0,0,29.14,0,0,0,0,0,0,0,0,0,0,0,0,23.89,0,0,0,46.2,0,7.16,18.28,73.78,0.78,4.09,33.79,29.62,15.4,9.43,4.76,2.49,0.26,0,0,0
0,0,0,168,6,17,2005,1.29,0,0,0.421,0.867,2.24,0.272,0.334,18.3,11.5,14.9,6.31,0.362,2.193441677,0,0,0,0,0,0,0,16.98,0,0,0,0,60.38,18.13,3.73,0,0,0,29.14,0,0,0,0,0,0,0,0,0,0,0,0,23.89,0,0,0,46.2,0,7.16,18.28,73.78,0.78,4.09,33.79,29.62,15.4,9.43,4.76,2.49,0.26,0,0,0
0,0,0,169,6,18,2005,9.37E-02,0,0,1.34,2.87,2.1,0.263,0.334,20.9,14.1,17.5,15.6,0.367,2.043888835,0,0,0,0,0,0,0,16.98,0,0,0,0,60.38,18.13,3.73,0,0,0,29.14,0,0,0,0,0,0,0,0,0,0,0,0,23.89,0,0,0,46.2,0,7.16,18.28,73.78,0.78,4.09,33.79,29.62,15.4,9.43,4.76,2.49,0.26,0,0,0
0,0,0,170,6,19,2005,0,0,0,0.785,1.68,1.98,0.254,0.334,20.5,13.7,17.1,10.5,0.372,1.927569959,0,0,0,0,0,0,0,16.98,0,0,0,0,60.38,18.13,3.73,0,0,0,29.14,0,0,0,0,0,0,0,0,0,0,0,0,23.89,0,0,0,46.2,0,7.16,18.28,73.78,0.78,4.09,33.79,29.62,15.4,9.43,4.76,2.49,0.26,0,0,0
0,0,0,171,6,20,2005,0.945,0,0,1.67,3.53,1.86,0.245,0.334,17.1,10.3,13.7,23.8,0.377,1.844485047,0,0,0,0,0,0,0,16.98,0,0,0,0,60.38,18.13,3.73,0,0,0,29.14,0,0,0,0,0,0,0,0,0,0,0,0,23.89,0,0,0,46.2,0,7.16,18.28,73.78,0.78,4.09,33.79,29.62,15.4,9.43,4.76,2.49,0.26,0,0,0
0,0,0,172,6,21,2005,0,0,0,1.36,2.92,1.74,0.236,0.334,16.9,10.1,13.5,18.3,0.381,1.711549187,0,0,0,0,0,0,0,16.98,0,0,0,0,60.38,18.13,3.73,0,0,0,29.14,0,0,0,0,0,0,0,0,0,0,0,0,23.89,0,0,0,46.2,0,7.16,18.28,73.78,0.78,4.09,33.79,29.62,15.4,9.43,4.76,2.49,0.26,0,0,0
0,0,0,173,6,22,2005,0,0,0,1.81,3.89,1.63,0.228,0.334,18.5,11.7,15.1,24.8,0.385,1.606862198,0,0,0,0,0,0,0,16.98,0,0,0,0,60.38,18.13,3.73,0,0,0,29.14,0,0,0,0,0,0,0,0,0,0,0,0,23.89,0,0,0,46.2,0,7.16,18.28,73.78,0.78,4.09,33.79,29.62,15.4,9.43,4.76,2.49,0.26,0,0,0
0,0,0,174,6,23,2005,0,0,0,2.15,4.65,1.53,0.219,0.334,18.1,11.3,14.7,30.5,0.39,1.505498606,0,0,0,0,0,0,0,16.98,0,0,0,0,60.38,18.13,3.73,0,0,0,29.14,0,0,0,0,0,0,0,0,0,0,0,0,23.89,0,0,0,46.2,0,7.16,18.28,73.78,0.78,4.09,33.79,29.62,15.4,9.43,4.76,2.49,0.26,0,0,0
0,0,0,175,6,24,2005,3.93,0,0,0.705,1.48,1.49,0.214,0.334,17.2,10.4,13.8,11.2,0.394,1.575289932,0,0,0,0,0,0,0,16.98,0,0,0,0,60.38,18.13,3.73,0,0,0,29.14,0,0,0,0,0,0,0,0,0,0,0,0,23.89,0,0,0,46.2,0,7.16,18.28,73.78,0.78,4.09,33.79,29.62,15.4,9.43,4.76,2.49,0.26,0,0,0
0,0,0,176,6,25,2005,0,0,0,0.216,0.464,1.36,0.208,0.334,17.6,10.8,14.2,3.25,0.399,1.319388403,0,0,0,0,0,0,0,16.98,0,0,0,0,60.38,18.13,3.73,0,0,0,29.14,0,0,0,0,0,0,0,0,0,0,0,0,23.89,0,0,0,46.2,0,7.16,18.28,73.78,0.78,4.09,33.79,29.62,15.4,9.43,4.76,2.49,0.26,0,0,0
0,0,0,177,6,26,2005,0,0,0,1.67,3.57,1.27,0.202,0.334,16.9,10.1,13.5,23.2,0.403,1.234641792,0,0,0,0,0,0,0,16.98,0,0,0,0,60.38,18.13,3.73,0,0,0,29.14,0,0,0,0,0,0,0,0,0,0,0,0,23.89,0,0,0,46.2,0,7.16,18.28,73.78,0.78,4.09,33.79,29.62,15.4,9.43,4.76,2.49,0.26,0,0,0
0,0,0,178,6,27,2005,0,0,0,2.21,4.73,1.19,0.195,0.334,17.1,10.3,13.7,31,0.407,1.16152707,0,0,0,0,0,0,0,16.98,0,0,0,0,60.38,18.13,3.73,0,0,0,29.14,0,0,0,0,0,0,0,0,0,0,0,0,23.89,0,0,0,46.2,0,7.16,18.28,73.78,0.78,4.09,33.79,29.62,15.4,9.43,4.76,2.49,0.26,0,0,0
0,0,0,179,6,28,2005,7.42,0,0,2.21,4.75,1.34,0.196,0.334,19.9,13.1,16.5,26.1,0.412,1.488881623,0,0,0,0,0,0,0,16.98,0,0,0,0,60.38,18.13,3.73,0,0,0,29.14,0,0,0,0,0,0,0,0,0,0,0,0,23.89,0,0,0,46.2,0,7.16,18.28,73.78,0.78,4.09,33.79,29.62,15.4,9.43,4.76,2.49,0.26,0,0,0
0,0,0,180,6,29,2005,5.21,0,0,0.606,1.25,1.33,0.202,0.334,17,10.2,13.6,9.14,0.417,1.387518031,0,0,0,0,0,0,0,16.98,0,0,0,0,60.38,18.13,3.73,0,0,0,29.14,0,0,0,0,0,0,0,0,0,0,0,0,23.89,0,0,0,46.2,0,7.16,18.28,73.78,0.78,4.09,33.79,29.62,15.4,9.43,4.76,2.49,0.26,0,0,0
0,0,0,181,6,30,2005,4.66,0,0,0.857,1.79,1.43,0.21,0.334,17.1,10.3,13.7,11.3,0.421,1.462294451,0,0,0,0,0,0,0,16.98,0,0,0,0,60.38,18.13,3.73,0,0,0,29.14,0,0,0,0,0,0,0,0,0,0,0,0,23.89,0,0,0,46.2,0,7.16,18.28,73.78,0.78,4.09,33.79,29.62,15.4,9.43,4.76,2.49,0.26,0,0,0
0,0,0,182,7,1,2005,12.8,0,0,1.07,2.24,2.31,0.241,0.334,17,10,13.5,14.7,0.425,2.49254736,0,0,0,0,0,0,0,16.98,0,0,0,0,60.38,18.13,3.73,0,0,0,29.14,0,0,0,0,0,0,0,0,0,0,0,0,23.89,0,0,0,46.2,0,7.16,18.28,73.78,0.78,4.09,33.79,29.62,15.4,9.43,4.76,2.49,0.26,0,0,0
0,0,0,183,7,2,2005,4.64,0,0,0.629,1.31,1.99,0.247,0.334,18,11,14.5,6.69,0.429,1.994037888,0,0,0,0,0,0,0,16.98,0,0,0,0,60.38,18.13,3.73,0,0,0,29.14,0,0,0,0,0,0,0,0,0,0,0,0,23.89,0,0,0,46.2,0,7.16,18.28,73.78,0.78,4.09,33.79,29.62,15.4,9.43,4.76,2.49,0.26,0,0,0
0,0,0,184,7,3,2005,4.85,0,0,1.59,3.34,2.06,0.251,0.334,16.2,9.24,12.7,20.7,0.433,2.043888835,0,0,0,0,0,0,0,16.98,0,0,0,0,60.38,18.13,3.73,0,0,0,29.14,0,0,0,0,0,0,0,0,0,0,0,0,23.89,0,0,0,46.2,0,7.16,18.28,73.78,0.78,4.09,33.79,29.62,15.4,9.43,4.76,2.49,0.26,0,0,0
0,0,0,185,7,4,2005,2.41,0,0,1.57,3.27,1.98,0.246,0.334,15,7.99,11.5,26.4,0.437,1.910952976,0,0,0,0,0,0,0,16.98,0,0,0,0,60.38,18.13,3.73,0,0,0,29.14,0,0,0,0,0,0,0,0,0,0,0,0,23.89,0,0,0,46.2,0,7.16,18.28,73.78,0.78,4.09,33.79,29.62,15.4,9.43,4.76,2.49,0.26,0,0,0
0,0,0,186,7,5,2005,21.3,0,0,0.286,0.574,4.17,0.303,0.334,15.6,8.64,12.1,4.46,0.441,4.486585249,0,0,0,0,0,0,0,16.98,0,0,0,0,60.38,18.13,3.73,0,0,0,29.14,0,0,0,0,0,0,0,0,0,0,0,0,23.89,0,0,0,46.2,0,7.16,18.28,73.78,0.78,4.09,33.79,29.62,15.4,9.43,4.76,2.49,0.26,0,0,0
0,0,0,187,7,6,2005,0.224,0,0,0.981,2.07,2.78,0.291,0.334,15.9,8.89,12.4,14.6,0.445,2.62548322,0,0,0,0,0,0,0,16.98,0,0,0,0,60.38,18.13,3.73,0,0,0,29.14,0,0,0,0,0,0,0,0,0,0,0,0,23.89,0,0,0,46.2,0,7.16,18.28,73.78,0.78,4.09,33.79,29.62,15.4,9.43,4.76,2.49,0.26,0,0,0
0,0,0,188,7,7,2005,2.06E-02,0,0,1.71,3.62,2.58,0.279,0.334,16.4,9.44,12.9,23.3,0.449,2.426079431,0,0,0,0,0,0,0,16.98,0,0,0,0,60.38,18.13,3.73,0,0,0,29.14,0,0,0,0,0,0,0,0,0,0,0,0,23.89,0,0,0,46.2,0,7.16,18.28,73.78,0.78,4.09,33.79,29.62,15.4,9.43,4.76,2.49,0.26,0,0,0
0,0,0,189,7,8,2005,0,0,0,1.72,3.65,2.42,0.267,0.334,18.2,11.2,14.7,24.9,0.453,2.293143571,0,0,0,0,0,0,0,16.98,0,0,0,0,60.38,18.13,3.73,0,0,0,29.14,0,0,0,0,0,0,0,0,0,0,0,0,23.89,0,0,0,46.2,0,7.16,18.28,73.78,0.78,4.09,33.79,29.62,15.4,9.43,4.76,2.49,0.26,0,0,0
0,0,0,190,7,9,2005,0,0,0,2.1,4.52,2.27,0.255,0.334,19.7,12.7,16.2,28.9,0.458,2.160207712,0,0,0,0,0,0,0,16.98,0,0,0,0,60.38,18.13,3.73,0,0,0,29.14,0,0,0,0,0,0,0,0,0,0,0,0,23.89,0,0,0,46.2,0,7.16,18.28,73.78,0.78,4.09,33.79,29.62,15.4,9.43,4.76,2.49,0.26,0,0,0
0,0,0,191,7,10,2005,0,0,0,2.26,4.87,2.13,0.244,0.334,21.9,14.9,18.4,28.4,0.464,2.027271853,0,0,0,0,0,0,0,16.98,0,0,0,0,60.38,18.13,3.73,0,0,0,29.14,0,0,0,0,0,0,0,0,0,0,0,0,23.89,0,0,0,46.2,0,7.16,18.28,73.78,0.78,4.09,33.79,29.62,15.4,9.43,4.76,2.49,0.26,0,0,0
0,0,0,192,7,11,2005,0,0,0,2.2,4.75,1.99,0.233,0.334,23.2,16.2,19.7,27.7,0.47,1.894335994,0,0,0,0,0,0,0,16.98,0,0,0,0,60.38,18.13,3.73,0,0,0,29.14,0,0,0,0,0,0,0,0,0,0,0,0,23.89,0,0,0,46.2,0,7.16,18.28,73.78,0.78,4.09,33.79,29.62,15.4,9.43,4.76,2.49,0.26,0,0,0
0,0,0,193,7,12,2005,0,0,0,2.27,4.9,1.85,0.223,0.334,22.9,15.9,19.4,28,0.476,1.778017117,0,0,0,0,0,0,0,16.98,0,0,0,0,60.38,18.13,3.73,0,0,0,29.14,0,0,0,0,0,0,0,0,0,0,0,0,23.89,0,0,0,46.2,0,7.16,18.28,73.78,0.78,4.09,33.79,29.62,15.4,9.43,4.76,2.49,0.26,0,0,0
0,0,0,194,7,13,2005,0,0,0,2.09,4.52,1.72,0.214,0.334,20.6,13.6,17.1,26.8,0.481,1.651728051,0,0,0,0,0,0,0,16.98,0,0,0,0,60.38,18.13,3.73,0,0,0,29.14,0,0,0,0,0,0,0,0,0,0,0,0,23.89,0,0,0,46.2,0,7.16,18.28,73.78,0.78,4.09,33.79,29.62,15.4,9.43,4.76,2.49,0.26,0,0,0
0,0,0,195,7,14,2005,0,0,0,2.01,4.38,1.6,0.205,0.334,20.1,13.1,16.6,24.8,0.487,1.53873257,0,0,0,0,0,0,0,16.98,0,0,0,0,60.38,18.13,3.73,0,0,0,29.14,0,0,0,0,0,0,0,0,0,0,0,0,23.89,0,0,0,46.2,0,7.16,18.28,73.78,0.78,4.09,33.79,29.62,15.4,9.43,4.76,2.49,0.26,0,0,0
0,0,0,196,7,15,2005,0,0,0,0.882,1.92,1.49,0.197,0.334,18.1,11.1,14.6,10.4,0.491,1.439030676,0,0,0,0,0,0,0,16.98,0,0,0,0,60.38,18.13,3.73,0,0,0,29.14,0,0,0,0,0,0,0,0,0,0,0,0,23.89,0,0,0,46.2,0,7.16,18.28,73.78,0.78,4.09,33.79,29.62,15.4,9.43,4.76,2.49,0.26,0,0,0
0,0,0,197,7,16,2005,0,0,0,1.5,3.24,1.38,0.19,0.334,17.4,10.4,13.9,21.5,0.495,1.321050101,0,0,0,0,0,0,0,16.98,0,0,0,0,60.38,18.13,3.73,0,0,0,29.14,0,0,0,0,0,0,0,0,0,0,0,0,23.89,0,0,0,46.2,0,7.16,18.28,73.78,0.78,4.09,33.79,29.62,15.4,9.43,4.76,2.49,0.26,0,0,0
0,0,0,198,7,17,2005,3.87,0,0,1.54,3.32,1.31,0.185,0.334,19.2,12.2,15.7,19,0.5,1.334343687,0,0,0,0,0,0,0,16.98,0,0,0,0,60.38,18.13,3.73,0,0,0,29.14,0,0,0,0,0,0,0,0,0,0,0,0,23.89,0,0,0,46.2,0,7.16,18.28,73.78,0.78,4.09,33.79,29.62,15.4,9.43,4.76,2.49,0.26,0,0,0
0,0,0,199,7,18,2005,0.618,0,0,0.731,1.52,1.2,0.179,0.334,17.8,10.8,14.3,7.57,0.505,1.159865372,0,0,0,0,0,0,0,16.98,0,0,0,0,60.38,18.13,3.73,0,0,0,29.14,0,0,0,0,0,0,0,0,0,0,0,0,23.89,0,0,0,46.2,0,7.16,18.28,73.78,0.78,4.09,33.79,29.62,15.4,9.43,4.76,2.49,0.26,0,0,0
0,0,0,200,7,19,2005,0.118,0,0,0.703,1.47,1.12,0.174,0.334,17.1,10.1,13.6,3.8,0.509,1.075118761,0,0,0,0,0,0,0,16.98,0,0,0,0,60.38,18.13,3.73,0,0,0,29.14,0,0,0,0,0,0,0,0,0,0,0,0,23.89,0,0,0,46.2,0,7.16,18.28,73.78,0.78,4.09,33.79,29.62,15.4,9.43,4.76,2.49,0.26,0,0,0
0,0,0,201,7,20,2005,0,0,0,1.63,3.45,1.04,0.169,0.334,17.6,10.6,14.1,20.2,0.513,1.003665737,0,0,0,0,0,0,0,16.98,0,0,0,0,60.38,18.13,3.73,0,0,0,29.14,0,0,0,0,0,0,0,0,0,0,0,0,23.89,0,0,0,46.2,0,7.16,18.28,73.78,0.78,4.09,33.79,29.62,15.4,9.43,4.76,2.49,0.26,0,0,0
0,0,0,202,7,21,2005,0,0,0,1.86,3.94,0.972,0.164,0.334,17.6,10.6,14.1,26.3,0.518,0.932212713,0,0,0,0,0,0,0,16.98,0,0,0,0,60.38,18.13,3.73,0,0,0,29.14,0,0,0,0,0,0,0,0,0,0,0,0,23.89,0,0,0,46.2,0,7.16,18.28,73.78,0.78,4.09,33.79,29.62,15.4,9.43,4.76,2.49,0.26,0,0,0
0,0,0,203,7,22,2005,0,0,0,1.03,2.23,0.908,0.159,0.334,17.2,10.2,13.7,14.4,0.522,0.874053274,0,0,0,0,0,0,0,16.98,0,0,0,0,60.38,18.13,3.73,0,0,0,29.14,0,0,0,0,0,0,0,0,0,0,0,0,23.89,0,0,0,46.2,0,7.16,18.28,73.78,0.78,4.09,33.79,29.62,15.4,9.43,4.76,2.49,0.26,0,0,0
0,0,0,204,7,23,2005,0.147,0,0,1.01,2.14,0.849,0.155,0.334,18.3,11.3,14.8,15.7,0.526,0.797615155,0,0,0,0,0,0,0,16.98,0,0,0,0,60.38,18.13,3.73,0,0,0,29.14,0,0,0,0,0,0,0,0,0,0,0,0,23.89,0,0,0,46.2,0,7.16,18.28,73.78,0.78,4.09,33.79,29.62,15.4,9.43,4.76,2.49,0.26,0,0,0
0,0,0,205,7,24,2005,25.2,0,0,0.306,0.625,2.14,0.185,0.334,17.6,10.6,14.1,2.9,0.531,2.642100202,0,0,0,0,0,0,0,16.98,0,0,0,0,60.38,18.13,3.73,0,0,0,29.14,0,0,0,0,0,0,0,0,0,0,0,0,23.89,0,0,0,46.2,0,7.16,18.28,73.78,0.78,4.09,33.79,29.62,15.4,9.43,4.76,2.49,0.26,0,0,0
0,0,0,206,7,25,2005,0,0,0,0.731,1.56,1.22,0.18,0.334,15.8,8.82,12.3,8.26,0.535,1.138263295,0,0,0,0,0,0,0,16.98,0,0,0,0,60.38,18.13,3.73,0,0,0,29.14,0,0,0,0,0,0,0,0,0,0,0,0,23.89,0,0,0,46.2,0,7.16,18.28,73.78,0.78,4.09,33.79,29.62,15.4,9.43,4.76,2.49,0.26,0,0,0
0,0,0,207,7,26,2005,4.01E-02,0,0,0.361,0.774,1.09,0.175,0.334,17,10,13.5,4.47,0.539,0.992033849,0,0,0,0,0,0,0,16.98,0,0,0,0,60.38,18.13,3.73,0,0,0,29.14,0,0,0,0,0,0,0,0,0,0,0,0,23.89,0,0,0,46.2,0,7.16,18.28,73.78,0.78,4.09,33.79,29.62,15.4,9.43,4.76,2.49,0.26,0,0,0
0,0,0,208,7,27,2005,32.5,0,0,1.02,2.15,4.3,0.263,0.334,16.5,9.52,13,10.9,0.543,4.852158861,0,0,0,0,0,0,0,16.98,0,0,0,0,60.38,18.13,3.73,0,0,0,29.14,0,0,0,0,0,0,0,0,0,0,0,0,23.89,0,0,0,46.2,0,7.16,18.28,73.78,0.78,4.09,33.79,29.62,15.4,9.43,4.76,2.49,0.26,0,0,0
0,0,0,209,7,28,2005,13.3,0,0,0.156,0.301,3.48,0.298,0.334,16.1,9.14,12.6,1.85,0.547,3.589268199,0,0,0,0,0,0,0,16.98,0,0,0,0,60.38,18.13,3.73,0,0,0,29.14,0,0,0,0,0,0,0,0,0,0,0,0,23.89,0,0,0,46.2,0,7.16,18.28,73.78,0.78,4.09,33.79,29.62,15.4,9.43,4.76,2.49,0.26,0,0,0
0,0,0,210,7,29,2005,4,0,0,0.259,0.512,2.95,0.3,0.334,16.8,9.81,13.3,3.92,0.551,2.841503991,0,0,0,0,0,0,0,16.98,0,0,0,0,60.38,18.13,3.73,0,0,0,29.14,0,0,0,0,0,0,0,0,0,0,0,0,23.89,0,0,0,46.2,0,7.16,18.28,73.78,0.78,4.09,33.79,29.62,15.4,9.43,4.76,2.49,0.26,0,0,0
0,0,0,211,7,30,2005,2.39,0,0,0.427,0.867,2.84,0.295,0.334,16.9,9.85,13.4,6.45,0.555,2.708568132,0,0,0,0,0,0,0,16.98,0,0,0,0,60.38,18.13,3.73,0,0,0,29.14,0,0,0,0,0,0,0,0,0,0,0,0,23.89,0,0,0,46.2,0,7.16,18.28,73.78,0.78,4.09,33.79,29.62,15.4,9.43,4.76,2.49,0.26,0,0,0
0,0,0,212,7,31,2005,0.774,0,0,0.61,1.26,2.7,0.285,0.334,16.6,9.58,13.1,8.34,0.559,2.542398308,0,0,0,0,0,0,0,16.98,0,0,0,0,60.38,18.13,3.73,0,0,0,29.14,0,0,0,0,0,0,0,0,0,0,0,0,23.89,0,0,0,46.2,0,7.16,18.28,73.78,0.78,4.09,33.79,29.62,15.4,9.43,4.76,2.49,0.26,0,0,0
0,0,0,213,8,1,2005,0,0,0,1.4,2.98,2.55,0.273,0.334,17.3,9.83,13.5,20.4,0.563,2.392845466,0,0,0,0,0,0,0,16.98,0,0,0,0,60.38,18.13,3.73,0,0,0,29.14,0,0,0,0,0,0,0,0,0,0,0,0,23.89,0,0,0,46.2,0,7.16,18.28,73.78,0.78,4.09,33.79,29.62,15.4,9.43,4.76,2.49,0.26,0,0,0
0,0,0,214,8,2,2005,6.26,0,0,1.48,3.09,2.71,0.276,0.334,17.1,9.7,13.4,21,0.568,2.708568132,0,0,0,0,0,0,0,16.98,0,0,0,0,60.38,18.13,3.73,0,0,0,29.14,0,0,0,0,0,0,0,0,0,0,0,0,23.89,0,0,0,46.2,0,7.16,18.28,73.78,0.78,4.09,33.79,29.62,15.4,9.43,4.76,2.49,0.26,0,0,0
0,0,0,215,8,3,2005,0,0,0,1.36,2.86,2.45,0.265,0.334,17.5,10.1,13.8,19.5,0.572,2.309760554,0,0,0,0,0,0,0,16.98,0,0,0,0,60.38,18.13,3.73,0,0,0,29.14,0,0,0,0,0,0,0,0,0,0,0,0,23.89,0,0,0,46.2,0,7.16,18.28,73.78,0.78,4.09,33.79,29.62,15.4,9.43,4.76,2.49,0.26,0,0,0
0,0,0,216,8,4,2005,17.9,0,0,0.987,2.05,4.07,0.306,0.334,16.7,9.31,13,12.5,0.576,4.303798442,0,0,0,0,0,0,0,16.98,0,0,0,0,60.38,18.13,3.73,0,0,0,29.14,0,0,0,0,0,0,0,0,0,0,0,0,23.89,0,0,0,46.2,0,7.16,18.28,73.78,0.78,4.09,33.79,29.62,15.4,9.43,4.76,2.49,0.26,0,0,0
0,0,0,217,8,5,2005,0,0,0,0.541,1.15,2.92,0.294,0.334,17.3,9.91,13.6,5.79,0.58,2.775036061,0,0,0,0,0,0,0,16.98,0,0,0,0,60.38,18.13,3.73,0,0,0,29.14,0,0,0,0,0,0,0,0,0,0,0,0,23.89,0,0,0,46.2,0,7.16,18.28,73.78,0.78,4.09,33.79,29.62,15.4,9.43,4.76,2.49,0.26,0,0,0
0,0,0,218,8,6,2005,0,0,0,0.504,1.08,2.7,0.282,0.334,16.5,9.06,12.8,5.83,0.584,2.575632272,0,0,0,0,0,0,0,16.98,0,0,0,0,60.38,18.13,3.73,0,0,0,29.14,0,0,0,0,0,0,0,0,0,0,0,0,23.89,0,0,0,46.2,0,7.16,18.28,73.78,0.78,4.09,33.79,29.62,15.4,9.43,4.76,2.49,0.26,0,0,0
0,0,0,219,8,7,2005,0,0,0,1.71,3.61,2.53,0.271,0.334,16.2,8.76,12.5,25.4,0.588,2.426079431,0,0,0,0,0,0,0,16.98,0,0,0,0,60.38,18.13,3.73,0,0,0,29.14,0,0,0,0,0,0,0,0,0,0,0,0,23.89,0,0,0,46.2,0,7.16,18.28,73.78,0.78,4.09,33.79,29.62,15.4,9.43,4.76,2.49,0.26,0,0,0
0,0,0,220,8,8,2005,0,0,0,1.73,3.66,2.37,0.259,0.334,16.9,9.51,13.2,25.3,0.592,2.276526589,0,0,0,0,0,0,0,16.98,0,0,0,0,60.38,18.13,3.73,0,0,0,29.14,0,0,0,0,0,0,0,0,0,0,0,0,23.89,0,0,0,46.2,0,7.16,18.28,73.78,0.78,4.09,33.79,29.62,15.4,9.43,4.76,2.49,0.26,0,0,0
0,0,0,221,8,9,2005,0,0,0,1.49,3.18,2.21,0.248,0.334,18.8,11.3,15.1,21.1,0.597,2.126973747,0,0,0,0,0,0,0,16.98,0,0,0,0,60.38,18.13,3.73,0,0,0,29.14,0,0,0,0,0,0,0,0,0,0,0,0,23.89,0,0,0,46.2,0,7.16,18.28,73.78,0.78,4.09,33.79,29.62,15.4,9.43,4.76,2.49,0.26,0,0,0
0,0,0,222,8,10,2005,0,0,0,1.32,2.82,2.06,0.238,0.334,19.3,11.9,15.6,17.5,0.602,1.994037888,0,0,0,0,0,0,0,16.98,0,0,0,0,60.38,18.13,3.73,0,0,0,29.14,0,0,0,0,0,0,0,0,0,0,0,0,23.89,0,0,0,46.2,0,7.16,18.28,73.78,0.78,4.09,33.79,29.62,15.4,9.43,4.76,2.49,0.26,0,0,0
0,0,0,223,8,11,2005,0.135,0,0,0.904,1.91,1.92,0.229,0.334,18.1,10.7,14.4,14.2,0.606,1.861102029,0,0,0,0,0,0,0,16.98,0,0,0,0,60.38,18.13,3.73,0,0,0,29.14,0,0,0,0,0,0,0,0,0,0,0,0,23.89,0,0,0,46.2,0,7.16,18.28,73.78,0.78,4.09,33.79,29.62,15.4,9.43,4.76,2.49,0.26,0,0,0
0,0,0,224,8,12,2005,18.9,0,0,1.22,2.56,3.14,0.262,0.334,17.4,9.97,13.7,18,0.61,3.506183287,0,0,0,0,0,0,0,16.98,0,0,0,0,60.38,18.13,3.73,0,0,0,29.14,0,0,0,0,0,0,0,0,0,0,0,0,23.89,0,0,0,46.2,0,7.16,18.28,73.78,0.78,4.09,33.79,29.62,15.4,9.43,4.76,2.49,0.26,0,0,0
0,0,0,225,8,13,2005,13.4,0,0,0.593,1.22,3.43,0.295,0.334,17.5,10.1,13.8,6.35,0.615,3.622502164,0,0,0,0,0,0,0,16.98,0,0,0,0,60.38,18.13,3.73,0,0,0,29.14,0,0,0,0,0,0,0,0,0,0,0,0,23.89,0,0,0,46.2,0,7.16,18.28,73.78,0.78,4.09,33.79,29.62,15.4,9.43,4.76,2.49,0.26,0,0,0
0,0,0,226,8,14,2005,3.18E-02,0,0,0.829,1.74,2.73,0.283,0.334,17.9,10.4,14.2,10.4,0.619,2.62548322,0,0,0,0,0,0,0,16.98,0,0,0,0,60.38,18.13,3.73,0,0,0,29.14,0,0,0,0,0,0,0,0,0,0,0,0,23.89,0,0,0,46.2,0,7.16,18.28,73.78,0.78,4.09,33.79,29.62,15.4,9.43,4.76,2.49,0.26,0,0,0
0,0,0,227,8,15,2005,3.73E-02,0,0,1.28,2.68,2.55,0.271,0.334,17.1,9.69,13.4,19.7,0.623,2.459313396,0,0,0,0,0,0,0,16.98,0,0,0,0,60.38,18.13,3.73,0,0,0,29.14,0,0,0,0,0,0,0,0,0,0,0,0,23.89,0,0,0,46.2,0,7.16,18.28,73.78,0.78,4.09,33.79,29.62,15.4,9.43,4.76,2.49,0.26,0,0,0
0,0,0,228,8,16,2005,0,0,0,0.531,1.15,2.4,0.26,0.334,19.1,11.7,15.4,6.24,0.628,2.326377536,0,0,0,0,0,0,0,16.98,0,0,0,0,60.38,18.13,3.73,0,0,0,29.14,0,0,0,0,0,0,0,0,0,0,0,0,23.89,0,0,0,46.2,0,7.16,18.28,73.78,0.78,4.09,33.79,29.62,15.4,9.43,4.76,2.49,0.26,0,0,0
0,0,0,229,8,17,2005,0,0,0,1.66,3.5,2.25,0.25,0.334,19,11.6,15.3,22.9,0.633,2.193441677,0,0,0,0,0,0,0,16.98,0,0,0,0,60.38,18.13,3.73,0,0,0,29.14,0,0,0,0,0,0,0,0,0,0,0,0,23.89,0,0,0,46.2,0,7.16,18.28,73.78,0.78,4.09,33.79,29.62,15.4,9.43,4.76,2.49,0.26,0,0,0
0,0,0,230,8,18,2005,0.189,0,0,0.842,1.78,2.1,0.24,0.334,18,10.6,14.3,11.5,0.637,2.060505818,0,0,0,0,0,0,0,16.98,0,0,0,0,60.38,18.13,3.73,0,0,0,29.14,0,0,0,0,0,0,0,0,0,0,0,0,23.89,0,0,0,46.2,0,7.16,18.28,73.78,0.78,4.09,33.79,29.62,15.4,9.43,4.76,2.49,0.26,0,0,0
0,0,0,231,8,19,2005,1.77,0,0,1.36,2.83,1.97,0.231,0.334,17.3,9.88,13.6,19,0.641,1.977420906,0,0,0,0,0,0,0,16.98,0,0,0,0,60.38,18.13,3.73,0,0,0,29.14,0,0,0,0,0,0,0,0,0,0,0,0,23.89,0,0,0,46.2,0,7.16,18.28,73.78,0.78,4.09,33.79,29.62,15.4,9.43,4.76,2.49,0.26,0,0,0
0,0,0,232,8,20,2005,0,0,0,1.43,3,1.83,0.222,0.334,17.6,10.2,13.9,21.5,0.646,1.794634099,0,0,0,0,0,0,0,16.98,0,0,0,0,60.38,18.13,3.73,0,0,0,29.14,0,0,0,0,0,0,0,0,0,0,0,0,23.89,0,0,0,46.2,0,7.16,18.28,73.78,0.78,4.09,33.79,29.62,15.4,9.43,4.76,2.49,0.26,0,0,0
0,0,0,233,8,21,2005,33.9,0,0,1.24,2.57,5.64,0.306,0.334,17.4,10,13.7,16.8,0.65,6.264602366,0,0,0,0,0,0,0,16.98,0,0,0,0,60.38,18.13,3.73,0,0,0,29.14,0,0,0,0,0,0,0,0,0,0,0,0,23.89,0,0,0,46.2,0,7.16,18.28,73.78,0.78,4.09,33.79,29.62,15.4,9.43,4.76,2.49,0.26,0,0,0
0,0,0,234,8,22,2005,0,0,0,1.07,2.25,3.02,0.294,0.334,17.8,10.4,14.1,15.1,0.654,2.90797192,0,0,0,0,0,0,0,16.98,0,0,0,0,60.38,18.13,3.73,0,0,0,29.14,0,0,0,0,0,0,0,0,0,0,0,0,23.89,0,0,0,46.2,0,7.16,18.28,73.78,0.78,4.09,33.79,29.62,15.4,9.43,4.76,2.49,0.26,0,0,0
0,0,0,235,8,23,2005,35.4,0,0,1.36,2.82,8.76,0.383,0.334,16.6,9.13,12.8,17.4,0.658,9.255659198,0,0,0,0,0,0,0,16.98,0,0,0,0,60.38,18.13,3.73,0,0,0,29.14,0,0,0,0,0,0,0,0,0,0,0,0,23.89,0,0,0,46.2,0,7.16,18.28,73.78,0.78,4.09,33.79,29.62,15.4,9.43,4.76,2.49,0.26,0,0,0
0,0,0,236,8,24,2005,1.98,0,0,0.633,1.3,4.34,0.37,0.334,17.4,10,13.7,5.58,0.663,4.187479565,0,0,0,0,0,0,0,16.98,0,0,0,0,60.38,18.13,3.73,0,0,0,29.14,0,0,0,0,0,0,0,0,0,0,0,0,23.89,0,0,0,46.2,0,7.16,18.28,73.78,0.78,4.09,33.79,29.62,15.4,9.43,4.76,2.49,0.26,0,0,0
0,0,0,237,8,25,2005,2.24,0,0,0.903,1.85,4.06,0.358,0.334,15,7.61,11.3,16.6,0.666,3.954841812,0,0,0,0,0,0,0,16.98,0,0,0,0,60.38,18.13,3.73,0,0,0,29.14,0,0,0,0,0,0,0,0,0,0,0,0,23.89,0,0,0,46.2,0,7.16,18.28,73.78,0.78,4.09,33.79,29.62,15.4,9.43,4.76,2.49,0.26,0,0,0
0,0,0,238,8,26,2005,0.23,0,0,1.3,2.7,3.81,0.341,0.334,15.7,8.28,12,11.2,0.67,3.672353111,0,0,0,0,0,0,0,16.98,0,0,0,0,60.38,18.13,3.73,0,0,0,29.14,0,0,0,0,0,0,0,0,0,0,0,0,23.89,0,0,0,46.2,0,7.16,18.28,73.78,0.78,4.09,33.79,29.62,15.4,9.43,4.76,2.49,0.26,0,0,0
0,0,0,239,8,27,2005,1.88E-02,0,0,0.515,1.09,3.58,0.326,0.334,17.5,10.1,13.8,5.25,0.674,3.45633234,0,0,0,0,0,0,0,16.98,0,0,0,0,60.38,18.13,3.73,0,0,0,29.14,0,0,0,0,0,0,0,0,0,0,0,0,23.89,0,0,0,46.2,0,7.16,18.28,73.78,0.78,4.09,33.79,29.62,15.4,9.43,4.76,2.49,0.26,0,0,0
0,0,0,240,8,28,2005,9.83,0,0,1.19,2.45,4.06,0.337,0.334,18.3,10.9,14.6,13.1,0.679,4.170862583,0,0,0,0,0,0,0,16.98,0,0,0,0,60.38,18.13,3.73,0,0,0,29.14,0,0,0,0,0,0,0,0,0,0,0,0,23.89,0,0,0,46.2,0,7.16,18.28,73.78,0.78,4.09,33.79,29.62,15.4,9.43,4.76,2.49,0.26,0,0,0
0,0,0,241,8,29,2005,1.29,0,0,0.464,0.945,3.54,0.326,0.334,18.4,11,14.7,4.4,0.683,3.472949322,0,0,0,0,0,0,0,16.98,0,0,0,0,60.38,18.13,3.73,0,0,0,29.14,0,0,0,0,0,0,0,0,0,0,0,0,23.89,0,0,0,46.2,0,7.16,18.28,73.78,0.78,4.09,33.79,29.62,15.4,9.43,4.76,2.49,0.26,0,0,0
0,0,0,242,8,30,2005,0,0,0,1.3,2.73,3.31,0.312,0.334,19.6,12.1,15.8,18.2,0.688,3.207077604,0,0,0,0,0,0,0,16.98,0,0,0,0,60.38,18.13,3.73,0,0,0,29.14,0,0,0,0,0,0,0,0,0,0,0,0,23.89,0,0,0,46.2,0,7.16,18.28,73.78,0.78,4.09,33.79,29.62,15.4,9.43,4.76,2.49,0.26,0,0,0
0,0,0,243,8,31,2005,3.79,0,0,1.07,2.24,3.23,0.306,0.334,20.3,12.8,16.6,7.92,0.693,3.240311568,0,0,0,0,0,0,0,16.98,0,0,0,0,60.38,18.13,3.73,0,0,0,29.14,0,0,0,0,0,0,0,0,0,0,0,0,23.89,0,0,0,46.2,0,7.16,18.28,73.78,0.78,4.09,33.79,29.62,15.4,9.43,4.76,2.49,0.26,0,0,0
0,0,0,244,9,1,2005,0.441,0,0,1.08,2.24,2.98,0.293,0.334,16.9,10.5,13.7,16.2,0.698,2.941205885,0,0,0,0,0,0,0,16.98,0,0,0,0,60.38,18.13,3.73,0,0,0,29.14,0,0,0,0,0,0,0,0,0,0,0,0,23.89,0,0,0,46.2,0,7.16,18.28,73.78,0.78,4.09,33.79,29.62,15.4,9.43,4.76,2.49,0.26,0,0,0
0,0,0,245,9,2,2005,0,0,0,1.27,2.67,2.78,0.281,0.334,15.7,9.26,12.5,19.4,0.701,2.741802096,0,0,0,0,0,0,0,16.98,0,0,0,0,60.38,18.13,3.73,0,0,0,29.14,0,0,0,0,0,0,0,0,0,0,0,0,23.89,0,0,0,46.2,0,7.16,18.28,73.78,0.78,4.09,33.79,29.62,15.4,9.43,4.76,2.49,0.26,0,0,0
0,0,0,246,9,3,2005,0,0,0,1.76,3.71,2.58,0.269,0.334,18.3,11.9,15.1,18.3,0.706,2.525781325,0,0,0,0,0,0,0,16.98,0,0,0,0,60.38,18.13,3.73,0,0,0,29.14,0,0,0,0,0,0,0,0,0,0,0,0,23.89,0,0,0,46.2,0,7.16,18.28,73.78,0.78,4.09,33.79,29.62,15.4,9.43,4.76,2.49,0.26,0,0,0
0,0,0,247,9,4,2005,16.2,0,0,1.35,2.85,3.73,0.298,0.334,21.1,14.7,17.9,10.1,0.712,4.021309741,0,0,0,0,0,0,0,16.98,0,0,0,0,60.38,18.13,3.73,0,0,0,29.14,0,0,0,0,0,0,0,0,0,0,0,0,23.89,0,0,0,46.2,0,7.16,18.28,73.78,0.78,4.09,33.79,29.62,15.4,9.43,4.76,2.49,0.26,0,0,0
0,0,0,248,9,5,2005,0,0,0,1.08,2.28,2.83,0.286,0.334,19.4,13,16.2,15.5,0.717,2.758419079,0,0,0,0,0,0,0,16.98,0,0,0,0,60.38,18.13,3.73,0,0,0,29.14,0,0,0,0,0,0,0,0,0,0,0,0,23.89,0,0,0,46.2,0,7.16,18.28,73.78,0.78,4.09,33.79,29.62,15.4,9.43,4.76,2.49,0.26,0,0,0
0,0,0,249,9,6,2005,0,0,0,1.19,2.52,2.62,0.275,0.334,17.7,11.3,14.5,17.4,0.721,2.55901529,0,0,0,0,0,0,0,16.98,0,0,0,0,60.38,18.13,3.73,0,0,0,29.14,0,0,0,0,0,0,0,0,0,0,0,0,23.89,0,0,0,46.2,0,7.16,18.28,73.78,0.78,4.09,33.79,29.62,15.4,9.43,4.76,2.49,0.26,0,0,0
0,0,0,250,9,7,2005,11.2,0,0,0.689,1.41,3.26,0.293,0.334,18,11.6,14.8,5.74,0.726,3.45633234,0,0,0,0,0,0,0,16.98,0,0,0,0,60.38,18.13,3.73,0,0,0,29.14,0,0,0,0,0,0,0,0,0,0,0,0,23.89,0,0,0,46.2,0,7.16,18.28,73.78,0.78,4.09,33.79,29.62,15.4,9.43,4.76,2.49,0.26,0,0,0
0,0,0,251,9,8,2005,9.56,0,0,0.154,0.299,3.43,0.314,0.334,18.3,11.9,15.1,1.65,0.73,3.589268199,0,0,0,0,0,0,0,16.98,0,0,0,0,60.38,18.13,3.73,0,0,0,29.14,0,0,0,0,0,0,0,0,0,0,0,0,23.89,0,0,0,46.2,0,7.16,18.28,73.78,0.78,4.09,33.79,29.62,15.4,9.43,4.76,2.49,0.26,0,0,0
0,0,0,252,9,9,2005,3.37,0,0,0.129,0.245,3.14,0.313,0.334,17.6,11.2,14.4,1.44,0.735,3.157226656,0,0,0,0,0,0,0,16.98,0,0,0,0,60.38,18.13,3.73,0,0,0,29.14,0,0,0,0,0,0,0,0,0,0,0,0,23.89,0,0,0,46.2,0,7.16,18.28,73.78,0.78,4.09,33.79,29.62,15.4,9.43,4.76,2.49,0.26,0,0,0
0,0,0,253,9,10,2005,0.14,0,0,0.258,0.527,2.93,0.301,0.334,18.1,11.7,14.9,3.41,0.74,2.874737956,0,0,0,0,0,0,0,16.98,0,0,0,0,60.38,18.13,3.73,0,0,0,29.14,0,0,0,0,0,0,0,0,0,0,0,0,23.89,0,0,0,46.2,0,7.16,18.28,73.78,0.78,4.09,33.79,29.62,15.4,9.43,4.76,2.49,0.26,0,0,0
0,0,0,254,9,11,2005,0,0,0,0.776,1.64,2.76,0.289,0.334,16.8,10.4,13.6,10.8,0.744,2.708568132,0,0,0,0,0,0,0,16.98,0,0,0,0,60.38,18.13,3.73,0,0,0,29.14,0,0,0,0,0,0,0,0,0,0,0,0,23.89,0,0,0,46.2,0,7.16,18.28,73.78,0.78,4.09,33.79,29.62,15.4,9.43,4.76,2.49,0.26,0,0,0
0,0,0,255,9,12,2005,0,0,0,0.726,1.53,2.59,0.278,0.334,16.5,10.1,13.3,12.1,0.748,2.542398308,0,0,0,0,0,0,0,16.98,0,0,0,0,60.38,18.13,3.73,0,0,0,29.14,0,0,0,0,0,0,0,0,0,0,0,0,23.89,0,0,0,46.2,0,7.16,18.28,73.78,0.78,4.09,33.79,29.62,15.4,9.43,4.76,2.49,0.26,0,0,0
0,0,0,256,9,13,2005,1.87,0,0,0.758,1.56,2.44,0.269,0.334,17.4,11,14.2,5.16,0.752,2.459313396,0,0,0,0,0,0,0,16.98,0,0,0,0,60.38,18.13,3.73,0,0,0,29.14,0,0,0,0,0,0,0,0,0,0,0,0,23.89,0,0,0,46.2,0,7.16,18.28,73.78,0.78,4.09,33.79,29.62,15.4,9.43,4.76,2.49,0.26,0,0,0
0,0,0,257,9,14,2005,9.28,0,0,0.659,1.34,2.97,0.287,0.334,17.8,11.4,14.6,7.47,0.757,3.157226656,0,0,0,0,0,0,0,16.98,0,0,0,0,60.38,18.13,3.73,0,0,0,29.14,0,0,0,0,0,0,0,0,0,0,0,0,23.89,0,0,0,46.2,0,7.16,18.28,73.78,0.78,4.09,33.79,29.62,15.4,9.43,4.76,2.49,0.26,0,0,0
0,0,0,258,9,15,2005,3.71,0,0,0.115,0.218,2.74,0.289,0.334,16.1,9.68,12.9,0.894,0.761,2.791653044,0,0,0,0,0,0,0,16.98,0,0,0,0,60.38,18.13,3.73,0,0,0,29.14,0,0,0,0,0,0,0,0,0,0,0,0,23.89,0,0,0,46.2,0,7.16,18.28,73.78,0.78,4.09,33.79,29.62,15.4,9.43,4.76,2.49,0.26,0,0,0
0,0,0,259,9,16,2005,1.38,0,0,0.885,1.83,2.56,0.281,0.334,12,5.55,8.75,7.83,0.764,2.542398308,0,0,0,0,0,0,0,16.98,0,0,0,0,60.38,18.13,3.73,0,0,0,29.14,0,0,0,0,0,0,0,0,0,0,0,0,23.89,0,0,0,46.2,0,7.16,18.28,73.78,0.78,4.09,33.79,29.62,15.4,9.43,4.76,2.49,0.26,0,0,0
0,0,0,260,9,17,2005,0,0,0,0.779,1.65,2.4,0.271,0.334,12.5,6.12,9.32,7.89,0.766,2.359611501,0,0,0,0,0,0,0,16.98,0,0,0,0,60.38,18.13,3.73,0,0,0,29.14,0,0,0,0,0,0,0,0,0,0,0,0,23.89,0,0,0,46.2,0,7.16,18.28,73.78,0.78,4.09,33.79,29.62,15.4,9.43,4.76,2.49,0.26,0,0,0
0,0,0,261,9,18,2005,0,0,0,0.542,1.16,2.25,0.261,0.334,15.3,8.88,12.1,5.2,0.77,2.210058659,0,0,0,0,0,0,0,16.98,0,0,0,0,60.38,18.13,3.73,0,0,0,29.14,0,0,0,0,0,0,0,0,0,0,0,0,23.89,0,0,0,46.2,0,7.16,18.28,73.78,0.78,4.09,33.79,29.62,15.4,9.43,4.76,2.49,0.26,0,0,0
0,0,0,262,9,19,2005,6.03,0,0,0.919,1.89,2.46,0.266,0.334,15.9,9.46,12.7,8.45,0.774,2.55901529,0,0,0,0,0,0,0,16.98,0,0,0,0,60.38,18.13,3.73,0,0,0,29.14,0,0,0,0,0,0,0,0,0,0,0,0,23.89,0,0,0,46.2,0,7.16,18.28,73.78,0.78,4.09,33.79,29.62,15.4,9.43,4.76,2.49,0.26,0,0,0
0,0,0,263,9,20,2005,0,0,0,0.799,1.68,2.16,0.256,0.334,16.2,9.79,13,12,0.778,2.126973747,0,0,0,0,0,0,0,16.98,0,0,0,0,60.38,18.13,3.73,0,0,0,29.14,0,0,0,0,0,0,0,0,0,0,0,0,23.89,0,0,0,46.2,0,7.16,18.28,73.78,0.78,4.09,33.79,29.62,15.4,9.43,4.76,2.49,0.26,0,0,0
0,0,0,264,9,21,2005,5.25,0,0,0.625,1.28,2.3,0.262,0.334,15.9,9.49,12.7,6.78,0.782,2.376228484,0,0,0,0,0,0,0,16.98,0,0,0,0,60.38,18.13,3.73,0,0,0,29.14,0,0,0,0,0,0,0,0,0,0,0,0,23.89,0,0,0,46.2,0,7.16,18.28,73.78,0.78,4.09,33.79,29.62,15.4,9.43,4.76,2.49,0.26,0,0,0
0,0,0,265,9,22,2005,5.8,0,0,1.17,2.41,2.41,0.269,0.334,17.3,10.9,14.1,12.7,0.786,2.459313396,0,0,0,0,0,0,0,16.98,0,0,0,0,60.38,18.13,3.73,0,0,0,29.14,0,0,0,0,0,0,0,0,0,0,0,0,23.89,0,0,0,46.2,0,7.16,18.28,73.78,0.78,4.09,33.79,29.62,15.4,9.43,4.76,2.49,0.26,0,0,0
0,0,0,266,9,23,2005,0.846,0,0,0.684,1.4,2.19,0.261,0.334,15.5,9.12,12.3,2.44,0.79,2.126973747,0,0,0,0,0,0,0,16.98,0,0,0,0,60.38,18.13,3.73,0,0,0,29.14,0,0,0,0,0,0,0,0,0,0,0,0,23.89,0,0,0,46.2,0,7.16,18.28,73.78,0.78,4.09,33.79,29.62,15.4,9.43,4.76,2.49,0.26,0,0,0
0,0,0,267,9,24,2005,5.24,0,0,1.05,2.17,2.35,0.267,0.334,12.2,5.79,8.99,14,0.793,2.392845466,0,0,0,0,0,0,0,16.98,0,0,0,0,60.38,18.13,3.73,0,0,0,29.14,0,0,0,0,0,0,0,0,0,0,0,0,23.89,0,0,0,46.2,0,7.16,18.28,73.78,0.78,4.09,33.79,29.62,15.4,9.43,4.76,2.49,0.26,0,0,0
0,0,0,268,9,25,2005,2.24E-02,0,0,0.403,0.837,2.13,0.257,0.334,15.7,9.34,12.5,5.47,0.797,2.060505818,0,0,0,0,0,0,0,16.98,0,0,0,0,60.38,18.13,3.73,0,0,0,29.14,0,0,0,0,0,0,0,0,0,0,0,0,23.89,0,0,0,46.2,0,7.16,18.28,73.78,0.78,4.09,33.79,29.62,15.4,9.43,4.76,2.49,0.26,0,0,0
0,0,0,269,9,26,2005,16.3,0,0,0.523,1.06,3.62,0.3,0.334,15.8,9.36,12.6,2.31,0.801,3.904990865,0,0,0,0,0,0,0,16.98,0,0,0,0,60.38,18.13,3.73,0,0,0,29.14,0,0,0,0,0,0,0,0,0,0,0,0,23.89,0,0,0,46.2,0,7.16,18.28,73.78,0.78,4.09,33.79,29.62,15.4,9.43,4.76,2.49,0.26,0,0,0
0,0,0,270,9,27,2005,2.16E-02,0,0,1.31,2.73,2.66,0.288,0.334,15.2,8.75,11.9,12.5,0.805,2.55901529,0,0,0,0,0,0,0,16.98,0,0,0,0,60.38,18.13,3.73,0,0,0,29.14,0,0,0,0,0,0,0,0,0,0,0,0,23.89,0,0,0,46.2,0,7.16,18.28,73.78,0.78,4.09,33.79,29.62,15.4,9.43,4.76,2.49,0.26,0,0,0
0,0,0,271,9,28,2005,25.4,0,0,0.708,1.44,5.96,0.352,0.334,13.1,6.71,9.91,3.37,0.808,6.36430426,0,0,0,0,0,0,0,16.98,0,0,0,0,60.38,18.13,3.73,0,0,0,29.14,0,0,0,0,0,0,0,0,0,0,0,0,23.89,0,0,0,46.2,0,7.16,18.28,73.78,0.78,4.09,33.79,29.62,15.4,9.43,4.76,2.49,0.26,0,0,0
0,0,0,272,9,29,2005,28.5,0,0,0.927,1.9,8.99,0.42,0.334,13.5,7.13,10.3,6.74,0.811,9.305510145,0,0,0,0,0,0,0,16.98,0,0,0,0,60.38,18.13,3.73,0,0,0,29.14,0,0,0,0,0,0,0,0,0,0,0,0,23.89,0,0,0,46.2,0,7.16,18.28,73.78,0.78,4.09,33.79,29.62,15.4,9.43,4.76,2.49,0.26,0,0,0
0,0,0,273,9,30,2005,8.84,0,0,0.272,0.535,5.62,0.428,0.334,16.8,10.4,13.6,1.37,0.815,5.59992307,0,0,0,0,0,0,0,16.98,0,0,0,0,60.38,18.13,3.73,0,0,0,29.14,0,0,0,0,0,0,0,0,0,0,0,0,23.89,0,0,0,46.2,0,7.16,18.28,73.78,0.78,4.09,33.79,29.62,15.4,9.43,4.76,2.49,0.26,0,0,0
0,0,0,274,10,1,2005,5.15,0,0,0.494,0.997,5.14,0.424,0.334,12.6,7.74,10.2,2.85,0.818,5.05156265,0,0,0,0,0,0,0,16.98,0,0,0,0,60.38,18.13,3.73,0,0,0,29.14,0,0,0,0,0,0,0,0,0,0,0,0,23.89,0,0,0,46.2,0,7.16,18.28,73.78,0.78,4.09,33.79,29.62,15.4,9.43,4.76,2.49,0.26,0,0,0
0,0,0,275,10,2,2005,9.37E-02,0,0,0.535,1.11,4.66,0.404,0.334,12.9,8.1,10.5,3.19,0.822,4.486585249,0,0,0,0,0,0,0,16.98,0,0,0,0,60.38,18.13,3.73,0,0,0,29.14,0,0,0,0,0,0,0,0,0,0,0,0,23.89,0,0,0,46.2,0,7.16,18.28,73.78,0.78,4.09,33.79,29.62,15.4,9.43,4.76,2.49,0.26,0,0,0
0,0,0,276,10,3,2005,3.18E-02,0,0,0.186,0.401,4.38,0.386,0.334,13.1,8.23,10.7,2.91,0.825,4.22071353,0,0,0,0,0,0,0,16.98,0,0,0,0,60.38,18.13,3.73,0,0,0,29.14,0,0,0,0,0,0,0,0,0,0,0,0,23.89,0,0,0,46.2,0,7.16,18.28,73.78,0.78,4.09,33.79,29.62,15.4,9.43,4.76,2.49,0.26,0,0,0
0,0,0,277,10,4,2005,0,0,0,0.127,0.289,4.1,0.369,0.334,12.7,7.88,10.3,1.89,0.828,3.971458794,0,0,0,0,0,0,0,16.98,0,0,0,0,60.38,18.13,3.73,0,0,0,29.14,0,0,0,0,0,0,0,0,0,0,0,0,23.89,0,0,0,46.2,0,7.16,18.28,73.78,0.78,4.09,33.79,29.62,15.4,9.43,4.76,2.49,0.26,0,0,0
0,0,0,278,10,5,2005,0,0,0,0.537,1.13,3.82,0.354,0.334,12.2,7.34,9.77,12.1,0.831,3.722204058,0,0,0,0,0,0,0,16.98,0,0,0,0,60.38,18.13,3.73,0,0,0,29.14,0,0,0,0,0,0,0,0,0,0,0,0,23.89,0,0,0,46.2,0,7.16,18.28,73.78,0.78,4.09,33.79,29.62,15.4,9.43,4.76,2.49,0.26,0,0,0
0,0,0,279,10,6,2005,0.18,0,0,0.235,0.475,3.56,0.339,0.334,13,8.16,10.6,4.42,0.834,3.489566304,0,0,0,0,0,0,0,16.98,0,0,0,0,60.38,18.13,3.73,0,0,0,29.14,0,0,0,0,0,0,0,0,0,0,0,0,23.89,0,0,0,46.2,0,7.16,18.28,73.78,0.78,4.09,33.79,29.62,15.4,9.43,4.76,2.49,0.26,0,0,0
0,0,0,280,10,7,2005,10.9,0,0,0.314,0.629,4.33,0.358,0.334,15,10.2,12.6,1.82,0.838,4.519819213,0,0,0,0,0,0,0,16.98,0,0,0,0,60.38,18.13,3.73,0,0,0,29.14,0,0,0,0,0,0,0,0,0,0,0,0,23.89,0,0,0,46.2,0,7.16,18.28,73.78,0.78,4.09,33.79,29.62,15.4,9.43,4.76,2.49,0.26,0,0,0
0,0,0,281,10,8,2005,0.146,0,0,0.476,0.977,3.56,0.344,0.334,13.2,8.36,10.8,3.19,0.842,3.506183287,0,0,0,0,0,0,0,16.98,0,0,0,0,60.38,18.13,3.73,0,0,0,29.14,0,0,0,0,0,0,0,0,0,0,0,0,23.89,0,0,0,46.2,0,7.16,18.28,73.78,0.78,4.09,33.79,29.62,15.4,9.43,4.76,2.49,0.26,0,0,0
0,0,0,282,10,9,2005,0.211,0,0,0.897,1.85,3.3,0.33,0.334,12.2,7.32,9.74,3.35,0.845,3.256928551,0,0,0,0,0,0,0,16.98,0,0,0,0,60.38,18.13,3.73,0,0,0,29.14,0,0,0,0,0,0,0,0,0,0,0,0,23.89,0,0,0,46.2,0,7.16,18.28,73.78,0.78,4.09,33.79,29.62,15.4,9.43,4.76,2.49,0.26,0,0,0
0,0,0,283,10,10,2005,37.2,0,0,1.15,2.37,10.8,0.419,0.334,15.9,11.1,13.5,6.54,0.849,11.34939898,0,0,0,0,0,0,0,16.98,0,0,0,0,60.38,18.13,3.73,0,0,0,29.14,0,0,0,0,0,0,0,0,0,0,0,0,23.89,0,0,0,46.2,0,7.16,18.28,73.78,0.78,4.09,33.79,29.62,15.4,9.43,4.76,2.49,0.26,0,0,0
0,0,0,284,10,11,2005,77.6,0,0,8.19E-02,0.15,39.4,0.551,0.334,15.1,10.2,12.7,0.434,0.853,39.54841812,0,0,0,0,0,0,0,16.98,0,0,0,0,60.38,18.13,3.73,0,0,0,29.14,0,0,0,0,0,0,0,0,0,0,0,0,23.89,0,0,0,46.2,0,7.16,18.28,73.78,0.78,4.09,33.79,29.62,15.4,9.43,4.76,2.49,0.26,0,0,0
0,0,0,285,10,12,2005,0.169,0,0,0.148,0.29,7.82,0.52,0.334,13.5,8.67,11.1,1.8,0.856,7.560726993,0,0,0,0,0,0,0,16.98,0,0,0,0,60.38,18.13,3.73,0,0,0,29.14,0,0,0,0,0,0,0,0,0,0,0,0,23.89,0,0,0,46.2,0,7.16,18.28,73.78,0.78,4.09,33.79,29.62,15.4,9.43,4.76,2.49,0.26,0,0,0
0,0,0,286,10,13,2005,0,0,0,0.48,1,6.76,0.492,0.334,11.7,6.8,9.23,6.72,0.859,6.547091066,0,0,0,0,0,0,0,16.98,0,0,0,0,60.38,18.13,3.73,0,0,0,29.14,0,0,0,0,0,0,0,0,0,0,0,0,23.89,0,0,0,46.2,0,7.16,18.28,73.78,0.78,4.09,33.79,29.62,15.4,9.43,4.76,2.49,0.26,0,0,0
0,0,0,287,10,14,2005,0,0,0,0.408,0.856,6.23,0.467,0.334,11.7,6.88,9.31,7.22,0.862,6.048581594,0,0,0,0,0,0,0,16.98,0,0,0,0,60.38,18.13,3.73,0,0,0,29.14,0,0,0,0,0,0,0,0,0,0,0,0,23.89,0,0,0,46.2,0,7.16,18.28,73.78,0.78,4.09,33.79,29.62,15.4,9.43,4.76,2.49,0.26,0,0,0
0,0,0,288,10,15,2005,0,0,0,0.571,1.19,5.77,0.444,0.334,15.7,10.8,13.3,8.39,0.866,5.633157034,0,0,0,0,0,0,0,16.98,0,0,0,0,60.38,18.13,3.73,0,0,0,29.14,0,0,0,0,0,0,0,0,0,0,0,0,23.89,0,0,0,46.2,0,7.16,18.28,73.78,0.78,4.09,33.79,29.62,15.4,9.43,4.76,2.49,0.26,0,0,0
0,0,0,289,10,16,2005,2.8,0,0,0.568,1.15,5.43,0.428,0.334,14.8,9.92,12.3,8.34,0.87,5.383902298,0,0,0,0,0,0,0,16.98,0,0,0,0,60.38,18.13,3.73,0,0,0,29.14,0,0,0,0,0,0,0,0,0,0,0,0,23.89,0,0,0,46.2,0,7.16,18.28,73.78,0.78,4.09,33.79,29.62,15.4,9.43,4.76,2.49,0.26,0,0,0
0,0,0,290,10,17,2005,0,0,0,0.459,0.96,5,0.409,0.334,15.4,10.5,13,7.24,0.874,4.918626791,0,0,0,0,0,0,0,16.98,0,0,0,0,60.38,18.13,3.73,0,0,0,29.14,0,0,0,0,0,0,0,0,0,0,0,0,23.89,0,0,0,46.2,0,7.16,18.28,73.78,0.78,4.09,33.79,29.62,15.4,9.43,4.76,2.49,0.26,0,0,0
0,0,0,291,10,18,2005,42.6,0,0,0.325,0.649,16.5,0.5,0.334,12.8,7.98,10.4,1.5,0.877,16.94932205,0,0,0,0,0,0,0,16.98,0,0,0,0,60.38,18.13,3.73,0,0,0,29.14,0,0,0,0,0,0,0,0,0,0,0,0,23.89,0,0,0,46.2,0,7.16,18.28,73.78,0.78,4.09,33.79,29.62,15.4,9.43,4.76,2.49,0.26,0,0,0
0,0,0,292,10,19,2005,21.5,0,0,0.104,0.196,12.2,0.531,0.334,12,7.18,9.61,1.85,0.88,12.32980094,0,0,0,0,0,0,0,16.98,0,0,0,0,60.38,18.13,3.73,0,0,0,29.14,0,0,0,0,0,0,0,0,0,0,0,0,23.89,0,0,0,46.2,0,7.16,18.28,73.78,0.78,4.09,33.79,29.62,15.4,9.43,4.76,2.49,0.26,0,0,0
0,0,0,293,10,20,2005,9.28,0,0,0.404,0.812,8.31,0.531,0.334,12.4,7.53,9.96,2.97,0.883,8.325108183,0,0,0,0,0,0,0,16.98,0,0,0,0,60.38,18.13,3.73,0,0,0,29.14,0,0,0,0,0,0,0,0,0,0,0,0,23.89,0,0,0,46.2,0,7.16,18.28,73.78,0.78,4.09,33.79,29.62,15.4,9.43,4.76,2.49,0.26,0,0,0
0,0,0,294,10,21,2005,27.1,0,0,0.21,0.41,16,0.567,0.334,12.6,7.75,10.2,1.95,0.886,16.15170689,0,0,0,0,0,0,0,16.98,0,0,0,0,60.38,18.13,3.73,0,0,0,29.14,0,0,0,0,0,0,0,0,0,0,0,0,23.89,0,0,0,46.2,0,7.16,18.28,73.78,0.78,4.09,33.79,29.62,15.4,9.43,4.76,2.49,0.26,0,0,0
0,0,0,295,10,22,2005,4.5,0,0,0.267,0.529,8.08,0.55,0.334,12,7.1,9.53,7.42,0.889,7.992768535,0,0,0,0,0,0,0,16.98,0,0,0,0,60.38,18.13,3.73,0,0,0,29.14,0,0,0,0,0,0,0,0,0,0,0,0,23.89,0,0,0,46.2,0,7.16,18.28,73.78,0.78,4.09,33.79,29.62,15.4,9.43,4.76,2.49,0.26,0,0,0
0,0,0,296,10,23,2005,58.1,0,0,0.3,0.596,38.3,0.614,0.334,12,7.15,9.58,7.89,0.892,38.0528897,0,0,0,0,0,0,0,16.98,0,0,0,0,60.38,18.13,3.73,0,0,0,29.14,0,0,0,0,0,0,0,0,0,0,0,0,23.89,0,0,0,46.2,0,7.16,18.28,73.78,0.78,4.09,33.79,29.62,15.4,9.43,4.76,2.49,0.26,0,0,0
0,0,0,297,10,24,2005,32.8,0,0,0.17,0.326,25.7,0.635,0.334,15.4,10.5,13,0.602,0.896,25.42398308,0,0,0,0,0,0,0,16.98,0,0,0,0,60.38,18.13,3.73,0,0,0,29.14,0,0,0,0,0,0,0,0,0,0,0,0,23.89,0,0,0,46.2,0,7.16,18.28,73.78,0.78,4.09,33.79,29.62,15.4,9.43,4.76,2.49,0.26,0,0,0
0,0,0,298,10,25,2005,3.18,0,0,0.607,1.22,9.97,0.605,0.334,14,9.1,11.5,7.16,0.9,9.770785652,0,0,0,0,0,0,0,16.98,0,0,0,0,60.38,18.13,3.73,0,0,0,29.14,0,0,0,0,0,0,0,0,0,0,0,0,23.89,0,0,0,46.2,0,7.16,18.28,73.78,0.78,4.09,33.79,29.62,15.4,9.43,4.76,2.49,0.26,0,0,0
0,0,0,299,10,26,2005,19.4,0,0,0.362,0.723,15.7,0.614,0.334,15.4,10.6,13,0.863,0.904,15.66981441,0,0,0,0,0,0,0,16.98,0,0,0,0,60.38,18.13,3.73,0,0,0,29.14,0,0,0,0,0,0,0,0,0,0,0,0,23.89,0,0,0,46.2,0,7.16,18.28,73.78,0.78,4.09,33.79,29.62,15.4,9.43,4.76,2.49,0.26,0,0,0
0,0,0,300,10,27,2005,0.51,0,0,0.811,1.66,9.12,0.578,0.334,17,12.1,14.5,7.36,0.909,8.906702568,0,0,0,0,0,0,0,16.98,0,0,0,0,60.38,18.13,3.73,0,0,0,29.14,0,0,0,0,0,0,0,0,0,0,0,0,23.89,0,0,0,46.2,0,7.16,18.28,73.78,0.78,4.09,33.79,29.62,15.4,9.43,4.76,2.49,0.26,0,0,0
0,0,0,301,10,28,2005,3.72,0,0,0.529,1.07,8.58,0.557,0.334,15.5,10.6,13,1.96,0.913,8.474661025,0,0,0,0,0,0,0,16.98,0,0,0,0,60.38,18.13,3.73,0,0,0,29.14,0,0,0,0,0,0,0,0,0,0,0,0,23.89,0,0,0,46.2,0,7.16,18.28,73.78,0.78,4.09,33.79,29.62,15.4,9.43,4.76,2.49,0.26,0,0,0
0,0,0,302,10,29,2005,14.1,0,0,0.37,0.736,11,0.567,0.334,15.6,10.7,13.1,1.81,0.917,11.10014424,0,0,0,0,0,0,0,16.98,0,0,0,0,60.38,18.13,3.73,0,0,0,29.14,0,0,0,0,0,0,0,0,0,0,0,0,23.89,0,0,0,46.2,0,7.16,18.28,73.78,0.78,4.09,33.79,29.62,15.4,9.43,4.76,2.49,0.26,0,0,0
0,0,0,303,10,30,2005,3.38,0,0,0.791,1.6,8.07,0.546,0.334,16,11.1,13.5,6.14,0.921,8.009385518,0,0,0,0,0,0,0,16.98,0,0,0,0,60.38,18.13,3.73,0,0,0,29.14,0,0,0,0,0,0,0,0,0,0,0,0,23.89,0,0,0,46.2,0,7.16,18.28,73.78,0.78,4.09,33.79,29.62,15.4,9.43,4.76,2.49,0.26,0,0,0
0,0,0,304,10,31,2005,12.6,0,0,0.545,1.1,10.1,0.552,0.334,13.2,8.4,10.8,3.98,0.924,10.18621021,0,0,0,0,0,0,0,16.98,0,0,0,0,60.38,18.13,3.73,0,0,0,29.14,0,0,0,0,0,0,0,0,0,0,0,0,23.89,0,0,0,46.2,0,7.16,18.28,73.78,0.78,4.09,33.79,29.62,15.4,9.43,4.76,2.49,0.26,0,0,0
0,0,0,305,11,1,2005,19.3,0,0,0.581,1.18,13,0.572,0.334,11.4,6.1,8.73,7.19,0.927,13.1274161,0,0,0,0,0,0,0,16.98,0,0,0,0,60.38,18.13,3.73,0,0,0,29.14,0,0,0,0,0,0,0,0,0,0,0,0,23.89,0,0,0,46.2,0,7.16,18.28,73.78,0.78,4.09,33.79,29.62,15.4,9.43,4.76,2.49,0.26,0,0,0
0,0,0,306,11,2,2005,23.8,0,0,0.281,0.551,16.4,0.595,0.334,15.5,10.3,12.9,2.09,0.931,16.55051447,0,0,0,0,0,0,0,16.98,0,0,0,0,60.38,18.13,3.73,0,0,0,29.14,0,0,0,0,0,0,0,0,0,0,0,0,23.89,0,0,0,46.2,0,7.16,18.28,73.78,0.78,4.09,33.79,29.62,15.4,9.43,4.76,2.49,0.26,0,0,0
0,0,0,307,11,3,2005,34.4,0,0,0.302,0.592,24.8,0.624,0.334,14.5,9.26,11.9,0.865,0.935,24.75930378,0,0,0,0,0,0,0,16.98,0,0,0,0,60.38,18.13,3.73,0,0,0,29.14,0,0,0,0,0,0,0,0,0,0,0,0,23.89,0,0,0,46.2,0,7.16,18.28,73.78,0.78,4.09,33.79,29.62,15.4,9.43,4.76,2.49,0.26,0,0,0
0,0,0,308,11,4,2005,10.1,0,0,0.399,0.795,11.8,0.613,0.334,10.6,5.35,7.98,1.61,0.937,11.76482354,0,0,0,0,0,0,0,16.98,0,0,0,0,60.38,18.13,3.73,0,0,0,29.14,0,0,0,0,0,0,0,0,0,0,0,0,23.89,0,0,0,46.2,0,7.16,18.28,73.78,0.78,4.09,33.79,29.62,15.4,9.43,4.76,2.49,0.26,0,0,0
0,0,0,309,11,5,2005,32.9,0,0,0.206,0.402,25.1,0.636,0.334,11.8,6.6,9.22,0.331,0.94,24.9254736,0,0,0,0,0,0,0,16.98,0,0,0,0,60.38,18.13,3.73,0,0,0,29.14,0,0,0,0,0,0,0,0,0,0,0,0,23.89,0,0,0,46.2,0,7.16,18.28,73.78,0.78,4.09,33.79,29.62,15.4,9.43,4.76,2.49,0.26,0,0,0
0,0,0,310,11,6,2005,5.68,0,0,0.565,1.14,10.6,0.613,0.334,13.2,7.92,10.5,5.4,0.943,10.55178383,0,0,0,0,0,0,0,16.98,0,0,0,0,60.38,18.13,3.73,0,0,0,29.14,0,0,0,0,0,0,0,0,0,0,0,0,23.89,0,0,0,46.2,0,7.16,18.28,73.78,0.78,4.09,33.79,29.62,15.4,9.43,4.76,2.49,0.26,0,0,0
0,0,0,311,11,7,2005,55.2,0,0,0.756,1.53,42.6,0.65,0.334,11.9,6.6,9.23,5.93,0.946,42.2071353,0,0,0,0,0,0,0,16.98,0,0,0,0,60.38,18.13,3.73,0,0,0,29.14,0,0,0,0,0,0,0,0,0,0,0,0,23.89,0,0,0,46.2,0,7.16,18.28,73.78,0.78,4.09,33.79,29.62,15.4,9.43,4.76,2.49,0.26,0,0,0
0,0,0,312,11,8,2005,18.1,0,0,0.144,0.278,17.9,0.647,0.334,11,5.71,8.33,0.653,0.949,17.78017117,0,0,0,0,0,0,0,16.98,0,0,0,0,60.38,18.13,3.73,0,0,0,29.14,0,0,0,0,0,0,0,0,0,0,0,0,23.89,0,0,0,46.2,0,7.16,18.28,73.78,0.78,4.09,33.79,29.62,15.4,9.43,4.76,2.49,0.26,0,0,0
0,0,0,313,11,9,2005,20.2,0,0,0.383,0.77,19,0.648,0.334,9.7,4.45,7.08,6.09,0.951,18.77719011,0,0,0,0,0,0,0,16.98,0,0,0,0,60.38,18.13,3.73,0,0,0,29.14,0,0,0,0,0,0,0,0,0,0,0,0,23.89,0,0,0,46.2,0,7.16,18.28,73.78,0.78,4.09,33.79,29.62,15.4,9.43,4.76,2.49,0.26,0,0,0
0,0,0,314,11,10,2005,8.01,0,0,0.153,0.29,12.1,0.63,0.334,14.2,8.98,11.6,0.509,0.954,11.96422733,0,0,0,0,0,0,0,16.98,0,0,0,0,60.38,18.13,3.73,0,0,0,29.14,0,0,0,0,0,0,0,0,0,0,0,0,23.89,0,0,0,46.2,0,7.16,18.28,73.78,0.78,4.09,33.79,29.62,15.4,9.43,4.76,2.49,0.26,0,0,0
0,0,0,315,11,11,2005,8.96,0,0,0.563,1.13,11.8,0.617,0.334,12.6,7.37,9.99,0.262,0.958,11.74820656,0,0,0,0,0,0,0,16.98,0,0,0,0,60.38,18.13,3.73,0,0,0,29.14,0,0,0,0,0,0,0,0,0,0,0,0,23.89,0,0,0,46.2,0,7.16,18.28,73.78,0.78,4.09,33.79,29.62,15.4,9.43,4.76,2.49,0.26,0,0,0
0,0,0,316,11,12,2005,7.4,0,0,0.455,0.917,10.7,0.602,0.334,9.39,4.14,6.76,4.04,0.96,10.73457063,0,0,0,0,0,0,0,16.98,0,0,0,0,60.38,18.13,3.73,0,0,0,29.14,0,0,0,0,0,0,0,0,0,0,0,0,23.89,0,0,0,46.2,0,7.16,18.28,73.78,0.78,4.09,33.79,29.62,15.4,9.43,4.76,2.49,0.26,0,0,0
0,0,0,317,11,13,2005,0.152,0,0,0.131,0.269,8.87,0.569,0.334,7.42,2.17,4.79,5.58,0.961,8.757149726,0,0,0,0,0,0,0,16.98,0,0,0,0,60.38,18.13,3.73,0,0,0,29.14,0,0,0,0,0,0,0,0,0,0,0,0,23.89,0,0,0,46.2,0,7.16,18.28,73.78,0.78,4.09,33.79,29.62,15.4,9.43,4.76,2.49,0.26,0,0,0
0,0,0,318,11,14,2005,8.07,0,0,0.226,0.444,9.41,0.564,0.334,8.82,3.57,6.19,3.11,0.963,9.504913934,0,0,0,0,0,0,0,16.98,0,0,0,0,60.38,18.13,3.73,0,0,0,29.14,0,0,0,0,0,0,0,0,0,0,0,0,23.89,0,0,0,46.2,0,7.16,18.28,73.78,0.78,4.09,33.79,29.62,15.4,9.43,4.76,2.49,0.26,0,0,0
0,0,0,319,11,15,2005,0.77,0,0,0.245,0.483,7.78,0.537,0.334,11.5,6.23,8.85,0.725,0.966,7.760130782,0,0,0,0,0,0,0,16.98,0,0,0,0,60.38,18.13,3.73,0,0,0,29.14,0,0,0,0,0,0,0,0,0,0,0,0,23.89,0,0,0,46.2,0,7.16,18.28,73.78,0.78,4.09,33.79,29.62,15.4,9.43,4.76,2.49,0.26,0,0,0
0,0,0,320,11,16,2005,0,0,0,0.291,0.616,7.07,0.511,0.334,6.48,1.23,3.86,4.22,0.967,7.078834503,0,0,0,0,0,0,0,16.98,0,0,0,0,60.38,18.13,3.73,0,0,0,29.14,0,0,0,0,0,0,0,0,0,0,0,0,23.89,0,0,0,46.2,0,7.16,18.28,73.78,0.78,4.09,33.79,29.62,15.4,9.43,4.76,2.49,0.26,0,0,0
0,0,0,321,11,17,2005,0.15,9.14E-02,9.14E-02,6.51E-02,0.139,6.46,0.487,0.334,3.41,-1.84,0.788,5.21,0.967,6.497240119,0,0,0,0,0,0,0,16.98,0,0,0,0,60.38,18.13,3.73,0,0,0,29.14,0,0,0,0,0,0,0,0,0,0,0,0,23.89,0,0,0,46.2,0,7.16,18.28,73.78,0.78,4.09,33.79,29.62,15.4,9.43,4.76,2.49,0.26,0,0,0
0,0,0,322,11,18,2005,0,0,0,0.129,0.277,5.9,0.466,0.334,3.66,-1.59,1.03,5.14,0.968,5.982113665,0,0,0,0,0,0,0,16.98,0,0,0,0,60.38,18.13,3.73,0,0,0,29.14,0,0,0,0,0,0,0,0,0,0,0,0,23.89,0,0,0,46.2,0,7.16,18.28,73.78,0.78,4.09,33.79,29.62,15.4,9.43,4.76,2.49,0.26,0,0,0
0,0,0,323,11,19,2005,0,0,0,2.22E-02,0.103,5.4,0.446,0.334,3,-2.25,0.378,5.11,0.968,5.500221175,0,0,0,0,0,0,0,16.98,0,0,0,0,60.38,18.13,3.73,0,0,0,29.14,0,0,0,0,0,0,0,0,0,0,0,0,23.89,0,0,0,46.2,0,7.16,18.28,73.78,0.78,4.09,33.79,29.62,15.4,9.43,4.76,2.49,0.26,0,0,0
0,0,0,324,11,20,2005,0.123,5.97E-02,3.41E-02,2.42E-02,7.40E-02,4.96,0.427,0.334,2.98,-2.27,0.358,4.84,0.968,5.084796615,0,0,0,0,0,0,0,16.98,0,0,0,0,60.38,18.13,3.73,0,0,0,29.14,0,0,0,0,0,0,0,0,0,0,0,0,23.89,0,0,0,46.2,0,7.16,18.28,73.78,0.78,4.09,33.79,29.62,15.4,9.43,4.76,2.49,0.26,0,0,0
0,0,0,325,11,21,2005,0,0,2.56E-02,6.83E-03,3.16E-02,4.56,0.41,0.334,3.63,-1.62,1,4.87,0.968,4.70260602,0,0,0,0,0,0,0,16.98,0,0,0,0,60.38,18.13,3.73,0,0,0,29.14,0,0,0,0,0,0,0,0,0,0,0,0,23.89,0,0,0,46.2,0,7.16,18.28,73.78,0.78,4.09,33.79,29.62,15.4,9.43,4.76,2.49,0.26,0,0,0
0,0,0,326,11,22,2005,0.289,0.142,0.142,3.48E-02,0.121,4.2,0.395,0.334,3.83,-1.42,1.21,4.86,0.969,4.386883354,0,0,0,0,0,0,0,16.98,0,0,0,0,60.38,18.13,3.73,0,0,0,29.14,0,0,0,0,0,0,0,0,0,0,0,0,23.89,0,0,0,46.2,0,7.16,18.28,73.78,0.78,4.09,33.79,29.62,15.4,9.43,4.76,2.49,0.26,0,0,0
0,0,0,327,11,23,2005,0.786,0,0,2.18E-02,6.18E-02,3.91,0.382,0.334,5.04,-0.207,2.42,4.67,0.97,4.104394653,0,0,0,0,0,0,0,16.98,0,0,0,0,60.38,18.13,3.73,0,0,0,29.14,0,0,0,0,0,0,0,0,0,0,0,0,23.89,0,0,0,46.2,0,7.16,18.28,73.78,0.78,4.09,33.79,29.62,15.4,9.43,4.76,2.49,0.26,0,0,0
0,0,0,328,11,24,2005,9.34,0,0,0.251,0.774,4.86,0.397,0.334,8.1,2.85,5.47,0.628,0.971,5.250966439,0,0,0,0,0,0,0,16.98,0,0,0,0,60.38,18.13,3.73,0,0,0,29.14,0,0,0,0,0,0,0,0,0,0,0,0,23.89,0,0,0,46.2,0,7.16,18.28,73.78,0.78,4.09,33.79,29.62,15.4,9.43,4.76,2.49,0.26,0,0,0
0,0,0,329,11,25,2005,19.5,12,2.4,0.263,0.541,5.9,0.41,0.334,3.9,-1.35,1.27,2.53,0.972,6.530474084,0,0,0,0,0,0,0,16.98,0,0,0,0,60.38,18.13,3.73,0,0,0,29.14,0,0,0,0,0,0,0,0,0,0,0,0,23.89,0,0,0,46.2,0,7.16,18.28,73.78,0.78,4.09,33.79,29.62,15.4,9.43,4.76,2.49,0.26,0,0,0
0,0,0,330,11,26,2005,6.17,0,7.21,0.12,0.265,6.02,0.436,0.334,5.99,0.741,3.37,0.677,0.973,6.247985383,0,0,0,0,0,0,0,16.98,0,0,0,0,60.38,18.13,3.73,0,0,0,29.14,0,0,0,0,0,0,0,0,0,0,0,0,23.89,0,0,0,46.2,0,7.16,18.28,73.78,0.78,4.09,33.79,29.62,15.4,9.43,4.76,2.49,0.26,0,0,0
0,0,0,331,11,27,2005,0.879,0,2.21,3.02E-02,9.54E-02,4.62,0.429,0.334,4.97,-0.282,2.34,2.36,0.973,4.769073949,0,0,0,0,0,0,0,16.98,0,0,0,0,60.38,18.13,3.73,0,0,0,29.14,0,0,0,0,0,0,0,0,0,0,0,0,23.89,0,0,0,46.2,0,7.16,18.28,73.78,0.78,4.09,33.79,29.62,15.4,9.43,4.76,2.49,0.26,0,0,0
0,0,0,332,11,28,2005,1.42,0.655,0.464,6.59E-02,0.145,4.3,0.416,0.334,3.2,-2.05,0.579,3.41,0.974,4.469968266,0,0,0,0,0,0,0,16.98,0,0,0,0,60.38,18.13,3.73,0,0,0,29.14,0,0,0,0,0,0,0,0,0,0,0,0,23.89,0,0,0,46.2,0,7.16,18.28,73.78,0.78,4.09,33.79,29.62,15.4,9.43,4.76,2.49,0.26,0,0,0
0,0,0,333,11,29,2005,5.14,2.51,1.81,6.57E-02,0.149,4.66,0.413,0.334,3.74,-1.51,1.11,0.676,0.974,4.918626791,0,0,0,0,0,0,0,16.98,0,0,0,0,60.38,18.13,3.73,0,0,0,29.14,0,0,0,0,0,0,0,0,0,0,0,0,23.89,0,0,0,46.2,0,7.16,18.28,73.78,0.78,4.09,33.79,29.62,15.4,9.43,4.76,2.49,0.26,0,0,0
0,0,0,334,11,30,2005,1.72,0,0.896,2.88E-02,8.59E-02,4.17,0.406,0.334,7.64,2.39,5.02,2.11,0.976,4.353649389,0,0,0,0,0,0,0,16.98,0,0,0,0,60.38,18.13,3.73,0,0,0,29.14,0,0,0,0,0,0,0,0,0,0,0,0,23.89,0,0,0,46.2,0,7.16,18.28,73.78,0.78,4.09,33.79,29.62,15.4,9.43,4.76,2.49,0.26,0,0,0
0,0,0,335,12,1,2005,7.89,0,0,0.146,0.412,5.04,0.415,0.334,8.88,4.68,6.78,0.252,0.978,5.350668333,0,0,0,0,0,0,0,16.98,0,0,0,0,60.38,18.13,3.73,0,0,0,29.14,0,0,0,0,0,0,0,0,0,0,0,0,23.89,0,0,0,46.2,0,7.16,18.28,73.78,0.78,4.09,33.79,29.62,15.4,9.43,4.76,2.49,0.26,0,0,0
0,0,0,336,12,2,2005,6.84,0,0,0.143,0.405,4.97,0.42,0.334,7.98,3.78,5.88,1.2,0.979,5.250966439,0,0,0,0,0,0,0,16.98,0,0,0,0,60.38,18.13,3.73,0,0,0,29.14,0,0,0,0,0,0,0,0,0,0,0,0,23.89,0,0,0,46.2,0,7.16,18.28,73.78,0.78,4.09,33.79,29.62,15.4,9.43,4.76,2.49,0.26,0,0,0
0,0,0,337,12,3,2005,15.6,0,0,6.59E-02,0.172,6.91,0.45,0.334,7.89,3.7,5.8,0.557,0.981,7.328089239,0,0,0,0,0,0,0,16.98,0,0,0,0,60.38,18.13,3.73,0,0,0,29.14,0,0,0,0,0,0,0,0,0,0,0,0,23.89,0,0,0,46.2,0,7.16,18.28,73.78,0.78,4.09,33.79,29.62,15.4,9.43,4.76,2.49,0.26,0,0,0
0,0,0,338,12,4,2005,8.72,0,0,8.36E-02,0.228,6.01,0.458,0.334,8.1,3.91,6.01,0.961,0.983,6.264602366,0,0,0,0,0,0,0,16.98,0,0,0,0,60.38,18.13,3.73,0,0,0,29.14,0,0,0,0,0,0,0,0,0,0,0,0,23.89,0,0,0,46.2,0,7.16,18.28,73.78,0.78,4.09,33.79,29.62,15.4,9.43,4.76,2.49,0.26,0,0,0
0,0,0,339,12,5,2005,11,0,0,9.82E-02,0.268,6.69,0.472,0.334,7.45,3.25,5.35,0.673,0.985,6.979132609,0,0,0,0,0,0,0,16.98,0,0,0,0,60.38,18.13,3.73,0,0,0,29.14,0,0,0,0,0,0,0,0,0,0,0,0,23.89,0,0,0,46.2,0,7.16,18.28,73.78,0.78,4.09,33.79,29.62,15.4,9.43,4.76,2.49,0.26,0,0,0
0,0,0,340,12,6,2005,0.114,0,0,2.87E-02,8.73E-02,5.01,0.451,0.334,5.78,1.59,3.69,2.99,0.986,5.084796615,0,0,0,0,0,0,0,16.98,0,0,0,0,60.38,18.13,3.73,0,0,0,29.14,0,0,0,0,0,0,0,0,0,0,0,0,23.89,0,0,0,46.2,0,7.16,18.28,73.78,0.78,4.09,33.79,29.62,15.4,9.43,4.76,2.49,0.26,0,0,0
0,0,0,341,12,7,2005,19.8,0,0,4.38E-02,0.106,9,0.489,0.334,4.63,0.437,2.53,1.95,0.987,9.421829022,0,0,0,0,0,0,0,16.98,0,0,0,0,60.38,18.13,3.73,0,0,0,29.14,0,0,0,0,0,0,0,0,0,0,0,0,23.89,0,0,0,46.2,0,7.16,18.28,73.78,0.78,4.09,33.79,29.62,15.4,9.43,4.76,2.49,0.26,0,0,0
0,0,0,342,12,8,2005,0,0,0,2.21E-02,9.18E-02,5.46,0.466,0.334,6.99,2.79,4.89,2.4,0.988,5.500221175,0,0,0,0,0,0,0,16.98,0,0,0,0,60.38,18.13,3.73,0,0,0,29.14,0,0,0,0,0,0,0,0,0,0,0,0,23.89,0,0,0,46.2,0,7.16,18.28,73.78,0.78,4.09,33.79,29.62,15.4,9.43,4.76,2.49,0.26,0,0,0
0,0,0,343,12,9,2005,9.66,0,0,0.118,0.324,6.59,0.475,0.334,8.35,4.16,6.25,0.47,0.99,6.84619675,0,0,0,0,0,0,0,16.98,0,0,0,0,60.38,18.13,3.73,0,0,0,29.14,0,0,0,0,0,0,0,0,0,0,0,0,23.89,0,0,0,46.2,0,7.16,18.28,73.78,0.78,4.09,33.79,29.62,15.4,9.43,4.76,2.49,0.26,0,0,0
0,0,0,344,12,10,2005,0.368,0,0,5.98E-02,0.151,5.22,0.455,0.334,10.2,6.02,8.12,0.507,0.993,5.284200404,0,0,0,0,0,0,0,16.98,0,0,0,0,60.38,18.13,3.73,0,0,0,29.14,0,0,0,0,0,0,0,0,0,0,0,0,23.89,0,0,0,46.2,0,7.16,18.28,73.78,0.78,4.09,33.79,29.62,15.4,9.43,4.76,2.49,0.26,0,0,0
0,0,0,345,12,11,2005,2.51,0,0,1.81E-02,4.21E-02,5.03,0.444,0.334,8.29,4.1,6.2,3.39,0.995,5.167881527,0,0,0,0,0,0,0,16.98,0,0,0,0,60.38,18.13,3.73,0,0,0,29.14,0,0,0,0,0,0,0,0,0,0,0,0,23.89,0,0,0,46.2,0,7.16,18.28,73.78,0.78,4.09,33.79,29.62,15.4,9.43,4.76,2.49,0.26,0,0,0
0,0,0,346,12,12,2005,0,0,0,2.24E-02,9.14E-02,4.64,0.425,0.334,5.28,1.09,3.19,3.63,0.996,4.735839985,0,0,0,0,0,0,0,16.98,0,0,0,0,60.38,18.13,3.73,0,0,0,29.14,0,0,0,0,0,0,0,0,0,0,0,0,23.89,0,0,0,46.2,0,7.16,18.28,73.78,0.78,4.09,33.79,29.62,15.4,9.43,4.76,2.49,0.26,0,0,0
0,0,0,347,12,13,2005,0.421,0,0,3.24E-02,9.94E-02,4.34,0.41,0.334,4.83,0.636,2.73,2.67,0.996,4.469968266,0,0,0,0,0,0,0,16.98,0,0,0,0,60.38,18.13,3.73,0,0,0,29.14,0,0,0,0,0,0,0,0,0,0,0,0,23.89,0,0,0,46.2,0,7.16,18.28,73.78,0.78,4.09,33.79,29.62,15.4,9.43,4.76,2.49,0.26,0,0,0
0,0,0,348,12,14,2005,0.447,0,0,7.83E-02,0.214,4.06,0.395,0.334,8.88,4.69,6.78,0.649,0.999,4.204096548,0,0,0,0,0,0,0,16.98,0,0,0,0,60.38,18.13,3.73,0,0,0,29.14,0,0,0,0,0,0,0,0,0,0,0,0,23.89,0,0,0,46.2,0,7.16,18.28,73.78,0.78,4.09,33.79,29.62,15.4,9.43,4.76,2.49,0.26,0,0,0
0,0,0,349,12,15,2005,1.44,0,0,0.155,0.424,3.86,0.385,0.334,10.4,6.25,8.35,0.871,1,4.037926724,0,0,0,0,0,0,0,16.98,0,0,0,0,60.38,18.13,3.73,0,0,0,29.14,0,0,0,0,0,0,0,0,0,0,0,0,23.89,0,0,0,46.2,0,7.16,18.28,73.78,0.78,4.09,33.79,29.62,15.4,9.43,4.76,2.49,0.26,0,0,0
0,0,0,350,12,16,2005,3.71,0,0,0.299,0.868,3.91,0.382,0.334,9.14,4.95,7.04,0.463,1,4.121011636,0,0,0,0,0,0,0,16.98,0,0,0,0,60.38,18.13,3.73,0,0,0,29.14,0,0,0,0,0,0,0,0,0,0,0,0,23.89,0,0,0,46.2,0,7.16,18.28,73.78,0.78,4.09,33.79,29.62,15.4,9.43,4.76,2.49,0.26,0,0,0
0,0,0,351,12,17,2005,9.35E-04,0,0,0.188,0.641,3.5,0.368,0.334,3.81,-0.38,1.72,0.861,1,3.639119146,0,0,0,0,0,0,0,16.98,0,0,0,0,60.38,18.13,3.73,0,0,0,29.14,0,0,0,0,0,0,0,0,0,0,0,0,23.89,0,0,0,46.2,0,7.16,18.28,73.78,0.78,4.09,33.79,29.62,15.4,9.43,4.76,2.49,0.26,0,0,0
0,0,0,352,12,18,2005,16.5,0,0,0.11,0.301,5.93,0.404,0.334,5.23,1.03,3.13,0.851,1,6.397538225,0,0,0,0,0,0,0,16.98,0,0,0,0,60.38,18.13,3.73,0,0,0,29.14,0,0,0,0,0,0,0,0,0,0,0,0,23.89,0,0,0,46.2,0,7.16,18.28,73.78,0.78,4.09,33.79,29.62,15.4,9.43,4.76,2.49,0.26,0,0,0
0,0,0,353,12,19,2005,2.23,0,0,7.59E-02,0.229,4.1,0.396,0.334,7.33,3.14,5.23,2.79,1.01,4.253947495,0,0,0,0,0,0,0,16.98,0,0,0,0,60.38,18.13,3.73,0,0,0,29.14,0,0,0,0,0,0,0,0,0,0,0,0,23.89,0,0,0,46.2,0,7.16,18.28,73.78,0.78,4.09,33.79,29.62,15.4,9.43,4.76,2.49,0.26,0,0,0
0,0,0,354,12,20,2005,8.93,0,0,7.05E-02,0.189,5.01,0.409,0.334,8.41,4.22,6.32,0.918,1.01,5.284200404,0,0,0,0,0,0,0,16.98,0,0,0,0,60.38,18.13,3.73,0,0,0,29.14,0,0,0,0,0,0,0,0,0,0,0,0,23.89,0,0,0,46.2,0,7.16,18.28,73.78,0.78,4.09,33.79,29.62,15.4,9.43,4.76,2.49,0.26,0,0,0
0,0,0,355,12,21,2005,6.12,0,0,0.113,0.299,4.65,0.413,0.334,9.84,5.64,7.74,0.434,1.01,4.868775844,0,0,0,0,0,0,0,16.98,0,0,0,0,60.38,18.13,3.73,0,0,0,29.14,0,0,0,0,0,0,0,0,0,0,0,0,23.89,0,0,0,46.2,0,7.16,18.28,73.78,0.78,4.09,33.79,29.62,15.4,9.43,4.76,2.49,0.26,0,0,0
0,0,0,356,12,22,2005,0.46,0,0,0.174,0.47,3.96,0.397,0.334,9.79,5.6,7.69,0.257,1.01,4.054543706,0,0,0,0,0,0,0,16.98,0,0,0,0,60.38,18.13,3.73,0,0,0,29.14,0,0,0,0,0,0,0,0,0,0,0,0,23.89,0,0,0,46.2,0,7.16,18.28,73.78,0.78,4.09,33.79,29.62,15.4,9.43,4.76,2.49,0.26,0,0,0
0,0,0,357,12,23,2005,2.86,0,0,0.122,0.326,3.93,0.391,0.334,10.1,5.94,8.04,0.798,1.02,4.087777671,0,0,0,0,0,0,0,16.98,0,0,0,0,60.38,18.13,3.73,0,0,0,29.14,0,0,0,0,0,0,0,0,0,0,0,0,23.89,0,0,0,46.2,0,7.16,18.28,73.78,0.78,4.09,33.79,29.62,15.4,9.43,4.76,2.49,0.26,0,0,0
0,0,0,358,12,24,2005,0.113,0,0,1.61E-02,3.20E-02,3.62,0.377,0.334,7.71,3.52,5.62,0.586,1.02,3.722204058,0,0,0,0,0,0,0,16.98,0,0,0,0,60.38,18.13,3.73,0,0,0,29.14,0,0,0,0,0,0,0,0,0,0,0,0,23.89,0,0,0,46.2,0,7.16,18.28,73.78,0.78,4.09,33.79,29.62,15.4,9.43,4.76,2.49,0.26,0,0,0
0,0,0,359,12,25,2005,3.73E-02,2.56E-02,2.56E-02,1.96E-02,5.59E-02,3.4,0.363,0.334,3.51,-0.684,1.41,1.78,1.02,3.506183287,0,0,0,0,0,0,0,16.98,0,0,0,0,60.38,18.13,3.73,0,0,0,29.14,0,0,0,0,0,0,0,0,0,0,0,0,23.89,0,0,0,46.2,0,7.16,18.28,73.78,0.78,4.09,33.79,29.62,15.4,9.43,4.76,2.49,0.26,0,0,0
0,0,0,360,12,26,2005,4.58E-02,0,0,4.05E-02,0.151,3.18,0.35,0.334,3.7,-0.495,1.6,1.05,1.02,3.306779498,0,0,0,0,0,0,0,16.98,0,0,0,0,60.38,18.13,3.73,0,0,0,29.14,0,0,0,0,0,0,0,0,0,0,0,0,23.89,0,0,0,46.2,0,7.16,18.28,73.78,0.78,4.09,33.79,29.62,15.4,9.43,4.76,2.49,0.26,0,0,0
0,0,0,361,12,27,2005,0,0,0,0.112,0.336,2.97,0.338,0.334,2.1,-2.09,2.20E-03,2.25,1.02,3.057524762,0,0,0,0,0,0,0,16.98,0,0,0,0,60.38,18.13,3.73,0,0,0,29.14,0,0,0,0,0,0,0,0,0,0,0,0,23.89,0,0,0,46.2,0,7.16,18.28,73.78,0.78,4.09,33.79,29.62,15.4,9.43,4.76,2.49,0.26,0,0,0
0,0,0,362,12,28,2005,4.58E-02,2.47E-02,0,1.32E-02,4.98E-02,2.78,0.326,0.334,-0.392,-4.58,-2.49,3.6,1.02,2.874737956,0,0,0,0,0,0,0,16.98,0,0,0,0,60.38,18.13,3.73,0,0,0,29.14,0,0,0,0,0,0,0,0,0,0,0,0,23.89,0,0,0,46.2,0,7.16,18.28,73.78,0.78,4.09,33.79,29.62,15.4,9.43,4.76,2.49,0.26,0,0,0
0,0,0,363,12,29,2005,20.7,20.7,1.74E-02,0.226,0.382,2.6,0.316,0.334,0.106,-4.09,-1.99,1.15,1.02,3.240311568,0,0,0,0,0,0,0,16.98,0,0,0,0,60.38,18.13,3.73,0,0,0,29.14,0,0,0,0,0,0,0,0,0,0,0,0,23.89,0,0,0,46.2,0,7.16,18.28,73.78,0.78,4.09,33.79,29.62,15.4,9.43,4.76,2.49,0.26,0,0,0
0,0,0,364,12,30,2005,4.75,0,18.9,0.125,0.236,6.7,0.373,0.334,7.4,3.21,5.31,1.08,1.02,6.746494855,0,0,0,0,0,0,0,16.98,0,0,0,0,60.38,18.13,3.73,0,0,0,29.14,0,0,0,0,0,0,0,0,0,0,0,0,23.89,0,0,0,46.2,0,7.16,18.28,73.78,0.78,4.09,33.79,29.62,15.4,9.43,4.76,2.49,0.26,0,0,0
0,0,0,365,12,31,2005,13,0,1.76,0.21,0.555,5.68,0.408,0.334,8.22,4.03,6.12,1.07,1.02,5.932262718,0,0,0,0,0,0,0,16.98,0,0,0,0,60.38,18.13,3.73,0,0,0,29.14,0,0,0,0,0,0,0,0,0,0,0,0,23.89,0,0,0,46.2,0,7.16,18.28,73.78,0.78,4.09,33.79,29.62,15.4,9.43,4.76,2.49,0.26,0,0,0
