date,flow,
01/08/1967,0.272,
02/08/1967,0.227,
03/08/1967,0.289,
04/08/1967,0.252,
05/08/1967,0.221,
06/08/1967,0.224,
07/08/1967,0.187,
08/08/1967,0.173,
09/08/1967,0.17,
10/08/1967,0.289,
11/08/1967,0.221,
12/08/1967,0.309,
13/08/1967,0.419,
14/08/1967,1.252,
15/08/1967,0.702,
16/08/1967,0.566,
17/08/1967,0.589,
18/08/1967,4.191,
19/08/1967,2.095,
20/08/1967,1.167,
21/08/1967,0.827,
22/08/1967,0.648,
23/08/1967,0.544,
24/08/1967,0.467,
25/08/1967,0.419,
26/08/1967,0.371,
27/08/1967,0.334,
28/08/1967,0.311,
29/08/1967,0.283,
30/08/1967,0.269,
31/08/1967,0.345,
01/09/1967,0.292,
02/09/1967,0.289,
03/09/1967,1.09,
04/09/1967,2.03,
05/09/1967,4.556,
06/09/1967,3.053,
07/09/1967,1.637,
08/09/1967,1.147,
09/09/1967,0.858,
10/09/1967,0.736,
11/09/1967,1.153,
12/09/1967,1.025,
13/09/1967,0.799,
14/09/1967,0.711,
15/09/1967,0.646,
16/09/1967,0.583,
17/09/1967,0.535,
18/09/1967,0.501,
19/09/1967,0.589,
20/09/1967,0.719,
21/09/1967,0.538,
22/09/1967,0.473,
23/09/1967,0.496,
24/09/1967,0.985,
25/09/1967,1.229,
26/09/1967,3.033,
27/09/1967,1.756,
28/09/1967,2.033,
29/09/1967,4.143,
30/09/1967,3.5,
01/10/1967,3.627,
02/10/1967,5.632,
03/10/1967,11.05,
04/10/1967,6.453,
05/10/1967,2.953,
06/10/1967,2.248,
07/10/1967,1.94,
08/10/1967,2.764,
09/10/1967,8.841,
10/10/1967,5.516,
11/10/1967,2.735,
12/10/1967,1.88,
13/10/1967,1.809,
14/10/1967,4.531,
15/10/1967,5.278,
16/10/1967,19.27,
17/10/1967,10.19,
18/10/1967,3.636,
19/10/1967,2.775,
20/10/1967,1.821,
21/10/1967,1.368,
22/10/1967,1.136,
23/10/1967,1.076,
24/10/1967,0.903,
25/10/1967,1.492,
26/10/1967,1.498,
27/10/1967,3.327,
28/10/1967,2.823,
29/10/1967,2.013,
30/10/1967,3.33,
31/10/1967,3.576,
01/11/1967,6.703,
02/11/1967,5.935,
03/11/1967,4.477,
04/11/1967,2.608,
05/11/1967,2.166,
06/11/1967,1.64,
07/11/1967,1.371,
08/11/1967,1.124,
09/11/1967,1.036,
10/11/1967,0.881,
11/11/1967,1.002,
12/11/1967,0.824,
13/11/1967,0.776,
14/11/1967,0.75,
15/11/1967,0.867,
16/11/1967,0.782,
17/11/1967,0.716,
18/11/1967,0.674,
19/11/1967,0.631,
20/11/1967,0.58,
21/11/1967,0.538,
22/11/1967,0.496,
23/11/1967,0.45,
24/11/1967,0.436,
25/11/1967,0.513,
26/11/1967,0.462,
27/11/1967,0.617,
28/11/1967,0.912,
29/11/1967,0.915,
30/11/1967,0.833,
01/12/1967,0.77,
02/12/1967,0.728,
03/12/1967,0.691,
04/12/1967,0.646,
05/12/1967,0.626,
06/12/1967,0.629,
07/12/1967,0.592,
08/12/1967,0.58,
09/12/1967,0.583,
10/12/1967,0.524,
11/12/1967,0.929,
12/12/1967,2.58,
13/12/1967,3.174,
14/12/1967,2.656,
15/12/1967,2.418,
16/12/1967,1.88,
17/12/1967,1.416,
18/12/1967,1.402,
19/12/1967,1.339,
20/12/1967,1.045,
21/12/1967,1.133,
22/12/1967,10.42,
23/12/1967,18.65,
24/12/1967,8.22,
25/12/1967,5.341,
26/12/1967,2.812,
27/12/1967,2.741,
28/12/1967,2.178,
29/12/1967,1.753,
30/12/1967,1.775,
31/12/1967,1.501,
01/01/1968,3.542,
02/01/1968,3.608,
03/01/1968,2.628,
04/01/1968,1.92,
05/01/1968,5.774,
06/01/1968,3.087,
07/01/1968,1.977,
08/01/1968,1.458,
09/01/1968,1.396,
10/01/1968,1.147,
11/01/1968,0.85,
12/01/1968,0.753,
13/01/1968,14.8,
14/01/1968,21.25,
15/01/1968,5.117,
16/01/1968,10.96,
17/01/1968,6.272,
18/01/1968,3.472,
19/01/1968,2.132,
20/01/1968,1.555,
21/01/1968,1.254,
22/01/1968,1.031,
23/01/1968,0.881,
24/01/1968,0.779,
25/01/1968,0.699,
26/01/1968,0.64,
27/01/1968,0.869,
28/01/1968,0.708,
29/01/1968,0.699,
30/01/1968,0.912,
31/01/1968,1,
01/02/1968,1.093,
02/02/1968,1.07,
03/02/1968,0.983,
04/02/1968,1.773,
05/02/1968,1.354,
06/02/1968,1.178,
07/02/1968,1.002,
08/02/1968,0.875,
09/02/1968,0.824,
10/02/1968,0.77,
11/02/1968,0.733,
12/02/1968,0.75,
13/02/1968,1.104,
14/02/1968,1.124,
15/02/1968,0.98,
16/02/1968,0.906,
17/02/1968,0.83,
18/02/1968,0.779,
19/02/1968,0.719,
20/02/1968,0.651,
21/02/1968,0.606,
22/02/1968,0.564,
23/02/1968,0.518,
24/02/1968,0.524,
25/02/1968,0.476,
26/02/1968,0.436,
27/02/1968,0.422,
28/02/1968,0.385,
29/02/1968,0.362,
01/03/1968,0.348,
02/03/1968,0.345,
03/03/1968,0.334,
04/03/1968,0.343,
05/03/1968,0.651,
06/03/1968,0.589,
07/03/1968,0.439,
08/03/1968,0.391,
09/03/1968,0.385,
10/03/1968,0.391,
11/03/1968,0.382,
12/03/1968,0.357,
13/03/1968,0.411,
14/03/1968,0.416,
15/03/1968,0.476,
16/03/1968,1.102,
17/03/1968,0.838,
18/03/1968,0.671,
19/03/1968,19.59,
20/03/1968,9.58,
21/03/1968,3.37,
22/03/1968,2.71,
23/03/1968,25.94,
24/03/1968,18.43,
25/03/1968,4.256,
26/03/1968,2.186,
27/03/1968,1.521,
28/03/1968,1.175,
29/03/1968,0.96,
30/03/1968,0.83,
31/03/1968,0.748,
01/04/1968,1.136,
02/04/1968,1.039,
03/04/1968,0.991,
04/04/1968,0.968,
05/04/1968,0.915,
06/04/1968,0.878,
07/04/1968,0.821,
08/04/1968,0.762,
09/04/1968,0.725,
10/04/1968,0.637,
11/04/1968,0.575,
12/04/1968,0.535,
13/04/1968,0.501,
14/04/1968,0.459,
15/04/1968,0.43,
16/04/1968,0.445,
17/04/1968,0.428,
18/04/1968,0.408,
19/04/1968,0.422,
20/04/1968,0.394,
21/04/1968,0.883,
22/04/1968,0.572,
23/04/1968,0.527,
24/04/1968,0.462,
25/04/1968,0.436,
26/04/1968,0.408,
27/04/1968,0.564,
28/04/1968,0.651,
29/04/1968,1.153,
30/04/1968,1.713,
01/05/1968,1.096,
02/05/1968,0.98,
03/05/1968,0.841,
04/05/1968,0.807,
05/05/1968,0.765,
06/05/1968,0.739,
07/05/1968,0.711,
08/05/1968,0.648,
09/05/1968,0.92,
10/05/1968,2.492,
11/05/1968,2.5,
12/05/1968,2.84,
13/05/1968,2.633,
14/05/1968,1.9,
15/05/1968,1.506,
16/05/1968,1.153,
17/05/1968,1.048,
18/05/1968,0.94,
19/05/1968,0.818,
20/05/1968,0.756,
21/05/1968,0.691,
22/05/1968,0.657,
23/05/1968,0.572,
24/05/1968,0.53,
25/05/1968,2.549,
26/05/1968,1.402,
27/05/1968,1.107,
28/05/1968,0.949,
29/05/1968,0.818,
30/05/1968,0.725,
31/05/1968,0.657,
01/06/1968,0.631,
02/06/1968,0.592,
03/06/1968,1.167,
04/06/1968,0.663,
05/06/1968,0.564,
06/06/1968,0.518,
07/06/1968,0.493,
08/06/1968,0.45,
09/06/1968,0.402,
10/06/1968,0.36,
11/06/1968,0.328,
12/06/1968,0.314,
13/06/1968,0.292,
14/06/1968,0.272,
15/06/1968,0.261,
16/06/1968,0.252,
17/06/1968,0.241,
18/06/1968,0.235,
19/06/1968,0.269,
20/06/1968,0.261,
21/06/1968,0.255,
22/06/1968,0.705,
23/06/1968,0.697,
24/06/1968,0.391,
25/06/1968,0.524,
26/06/1968,1.206,
27/06/1968,1.591,
28/06/1968,0.932,
29/06/1968,0.753,
30/06/1968,0.648,
01/07/1968,0.739,
02/07/1968,6.034,
03/07/1968,3.092,
04/07/1968,1.787,
05/07/1968,1.314,
06/07/1968,0.988,
07/07/1968,0.889,
08/07/1968,0.864,
09/07/1968,0.682,
10/07/1968,0.6,
11/07/1968,0.544,
12/07/1968,0.473,
13/07/1968,0.462,
14/07/1968,3.715,
15/07/1968,1.906,
16/07/1968,1.433,
17/07/1968,1.059,
18/07/1968,0.858,
19/07/1968,0.739,
20/07/1968,0.665,
21/07/1968,0.586,
22/07/1968,0.527,
23/07/1968,0.479,
24/07/1968,0.445,
25/07/1968,0.413,
26/07/1968,0.368,
27/07/1968,0.337,
28/07/1968,0.323,
29/07/1968,0.303,
30/07/1968,0.286,
31/07/1968,0.272,
01/08/1968,0.255,
02/08/1968,0.244,
03/08/1968,0.244,
04/08/1968,0.232,
05/08/1968,0.221,
06/08/1968,0.224,
07/08/1968,0.218,
08/08/1968,0.207,
09/08/1968,0.201,
10/08/1968,0.19,
11/08/1968,0.184,
12/08/1968,0.178,
13/08/1968,0.184,
14/08/1968,0.198,
15/08/1968,0.266,
16/08/1968,0.255,
17/08/1968,0.249,
18/08/1968,0.215,
19/08/1968,0.725,
20/08/1968,0.606,
21/08/1968,0.34,
22/08/1968,0.28,
23/08/1968,0.501,
24/08/1968,1.181,
25/08/1968,0.552,
26/08/1968,0.428,
27/08/1968,0.374,
28/08/1968,0.351,
29/08/1968,0.314,
30/08/1968,0.294,
31/08/1968,,M
01/09/1968,0.275,
02/09/1968,0.49,
03/09/1968,0.725,
04/09/1968,0.462,
05/09/1968,0.462,
06/09/1968,0.515,
07/09/1968,0.521,
08/09/1968,0.436,
09/09/1968,0.408,
10/09/1968,0.382,
11/09/1968,0.98,
12/09/1968,0.597,
13/09/1968,0.518,
14/09/1968,0.473,
15/09/1968,0.45,
16/09/1968,0.413,
17/09/1968,0.425,
18/09/1968,0.362,
19/09/1968,0.328,
20/09/1968,1.419,
21/09/1968,10.65,
22/09/1968,3.69,
23/09/1968,3.324,
24/09/1968,5.168,
25/09/1968,2.908,
26/09/1968,2.282,
27/09/1968,2.246,
28/09/1968,4.635,
29/09/1968,8.756,
30/09/1968,5.842,
01/10/1968,12.98,
02/10/1968,12.41,
03/10/1968,8.43,
04/10/1968,5.641,
05/10/1968,4.038,
06/10/1968,3.109,
07/10/1968,2.58,
08/10/1968,2.217,
09/10/1968,4.998,
10/10/1968,5.08,
11/10/1968,6.032,
12/10/1968,5.904,
13/10/1968,6.858,
14/10/1968,5.256,
15/10/1968,6.281,
16/10/1968,4.879,
17/10/1968,4.301,
18/10/1968,4.678,
19/10/1968,3.862,
20/10/1968,4.703,
21/10/1968,3.622,
22/10/1968,3.092,
23/10/1968,2.699,
24/10/1968,2.356,
25/10/1968,2.115,
26/10/1968,1.883,
27/10/1968,4.366,
28/10/1968,8.382,
29/10/1968,6.272,
30/10/1968,5.321,
31/10/1968,7.966,
01/11/1968,2.484,
02/11/1968,4.245,
03/11/1968,2.527,
04/11/1968,1.785,
05/11/1968,1.341,
06/11/1968,1.072,
07/11/1968,0.945,
08/11/1968,0.834,
09/11/1968,0.727,
10/11/1968,0.769,
11/11/1968,0.735,
12/11/1968,0.645,
13/11/1968,0.591,
14/11/1968,0.554,
15/11/1968,0.515,
16/11/1968,0.489,
17/11/1968,0.464,
18/11/1968,0.449,
19/11/1968,0.424,
20/11/1968,0.424,
21/11/1968,0.441,
22/11/1968,0.529,
23/11/1968,0.979,
24/11/1968,0.724,
25/11/1968,0.973,
26/11/1968,3.441,
27/11/1968,3.82,
28/11/1968,2.247,
29/11/1968,1.638,
30/11/1968,1.369,
01/12/1968,1.208,
02/12/1968,1.01,
03/12/1968,0.894,
04/12/1968,0.823,
05/12/1968,0.764,
06/12/1968,0.707,
07/12/1968,0.667,
08/12/1968,0.622,
09/12/1968,0.574,
10/12/1968,0.54,
11/12/1968,0.509,
12/12/1968,0.5,
13/12/1968,0.475,
14/12/1968,0.413,
15/12/1968,0.571,
16/12/1968,0.495,
17/12/1968,0.97,
18/12/1968,1.103,
19/12/1968,1.256,
20/12/1968,9.112,
21/12/1968,6.226,
22/12/1968,9.271,
23/12/1968,4.315,
24/12/1968,2.462,
25/12/1968,1.765,
26/12/1968,1.273,
27/12/1968,1.047,
28/12/1968,0.922,
29/12/1968,0.865,
30/12/1968,0.849,
31/12/1968,0.826,
01/01/1969,0.88,
02/01/1969,1.301,
03/01/1969,1.191,
04/01/1969,1.42,
05/01/1969,1.398,
06/01/1969,1.188,
07/01/1969,1.992,
08/01/1969,2.623,
09/01/1969,1.93,
10/01/1969,1.564,
11/01/1969,1.301,
12/01/1969,1.751,
13/01/1969,1.525,
14/01/1969,1.406,
15/01/1969,1.279,
16/01/1969,1.134,
17/01/1969,2.054,
18/01/1969,4.27,
19/01/1969,2.365,
20/01/1969,5.009,
21/01/1969,4.644,
22/01/1969,2.767,
23/01/1969,2.012,
24/01/1969,1.59,
25/01/1969,1.304,
26/01/1969,1.132,
27/01/1969,1.044,
28/01/1969,0.891,
29/01/1969,0.798,
30/01/1969,0.727,
31/01/1969,0.687,
01/02/1969,,M
02/02/1969,,M
03/02/1969,,M
04/02/1969,,M
05/02/1969,,M
06/02/1969,,M
07/02/1969,,M
08/02/1969,,M
09/02/1969,,M
10/02/1969,,M
11/02/1969,,M
12/02/1969,,M
13/02/1969,,M
14/02/1969,,M
15/02/1969,,M
16/02/1969,,M
17/02/1969,,M
18/02/1969,,M
19/02/1969,,M
20/02/1969,,M
21/02/1969,,M
22/02/1969,,M
23/02/1969,,M
24/02/1969,,M
25/02/1969,,M
26/02/1969,,M
27/02/1969,,M
28/02/1969,,M
01/03/1969,,M
02/03/1969,,M
03/03/1969,,M
04/03/1969,,M
05/03/1969,,M
06/03/1969,,M
07/03/1969,,M
08/03/1969,,M
09/03/1969,,M
10/03/1969,,M
11/03/1969,,M
12/03/1969,,M
13/03/1969,,M
14/03/1969,,M
15/03/1969,,M
16/03/1969,,M
17/03/1969,,M
18/03/1969,,M
19/03/1969,,M
20/03/1969,,M
21/03/1969,,M
22/03/1969,,M
23/03/1969,,M
24/03/1969,,M
25/03/1969,,M
26/03/1969,,M
27/03/1969,,M
28/03/1969,,M
29/03/1969,,M
30/03/1969,,M
31/03/1969,,M
01/04/1969,1.966,
02/04/1969,1.33,
03/04/1969,1.069,
04/04/1969,0.916,
05/04/1969,0.812,
06/04/1969,0.741,
07/04/1969,0.701,
08/04/1969,0.665,
09/04/1969,0.662,
10/04/1969,0.953,
11/04/1969,1.446,
12/04/1969,0.948,
13/04/1969,0.789,
14/04/1969,0.764,
15/04/1969,1.443,
16/04/1969,0.922,
17/04/1969,0.826,
18/04/1969,0.752,
19/04/1969,0.69,
20/04/1969,0.636,
21/04/1969,0.832,
22/04/1969,0.673,
23/04/1969,0.696,
24/04/1969,0.956,
25/04/1969,1.443,
26/04/1969,2.402,
27/04/1969,1.898,
28/04/1969,1.562,
29/04/1969,1.256,
30/04/1969,1.038,
01/05/1969,0.868,
02/05/1969,0.795,
03/05/1969,0.894,
04/05/1969,1.632,
05/05/1969,1.098,
06/05/1969,3.254,
07/05/1969,2.447,
08/05/1969,2.037,
09/05/1969,1.833,
10/05/1969,1.751,
11/05/1969,1.559,
12/05/1969,1.378,
13/05/1969,1.25,
14/05/1969,1.429,
15/05/1969,1.426,
16/05/1969,1.143,
17/05/1969,1.284,
18/05/1969,1.199,
19/05/1969,1.027,
20/05/1969,0.922,
21/05/1969,0.837,
22/05/1969,0.752,
23/05/1969,0.701,
24/05/1969,0.775,
25/05/1969,1.332,
26/05/1969,2.716,
27/05/1969,1.89,
28/05/1969,1.511,
29/05/1969,1.975,
30/05/1969,3.248,
31/05/1969,2.133,
01/06/1969,1.508,
02/06/1969,1.335,
03/06/1969,1.18,
04/06/1969,0.922,
05/06/1969,0.806,
06/06/1969,0.73,
07/06/1969,0.676,
08/06/1969,0.614,
09/06/1969,0.546,
10/06/1969,0.489,
11/06/1969,0.438,
12/06/1969,0.382,
13/06/1969,0.359,
14/06/1969,0.35,
15/06/1969,0.353,
16/06/1969,0.413,
17/06/1969,2.844,
18/06/1969,1.808,
19/06/1969,1.216,
20/06/1969,1.202,
21/06/1969,0.996,
22/06/1969,1.134,
23/06/1969,0.953,
24/06/1969,0.815,
25/06/1969,0.724,
26/06/1969,0.679,
27/06/1969,0.608,
28/06/1969,0.532,
29/06/1969,0.472,
30/06/1969,0.438,
01/07/1969,0.413,
02/07/1969,0.39,
03/07/1969,0.359,
04/07/1969,0.331,
05/07/1969,0.316,
06/07/1969,0.299,
07/07/1969,0.297,
08/07/1969,0.288,
09/07/1969,0.266,
10/07/1969,0.257,
11/07/1969,0.243,
12/07/1969,0.232,
13/07/1969,0.217,
14/07/1969,0.203,
15/07/1969,0.192,
16/07/1969,0.181,
17/07/1969,0.169,
18/07/1969,0.169,
19/07/1969,0.195,
20/07/1969,0.175,
21/07/1969,0.164,
22/07/1969,0.158,
23/07/1969,0.155,
24/07/1969,0.149,
25/07/1969,0.144,
26/07/1969,0.144,
27/07/1969,0.141,
28/07/1969,0.305,
29/07/1969,0.331,
30/07/1969,0.192,
31/07/1969,0.169,
01/08/1969,0.155,
02/08/1969,0.166,
03/08/1969,0.169,
04/08/1969,0.195,
05/08/1969,0.161,
06/08/1969,0.149,
07/08/1969,0.141,
08/08/1969,0.133,
09/08/1969,0.13,
10/08/1969,0.127,
11/08/1969,0.144,
12/08/1969,0.639,
13/08/1969,0.39,
14/08/1969,0.26,
15/08/1969,0.229,
16/08/1969,0.203,
17/08/1969,0.186,
18/08/1969,0.206,
19/08/1969,0.203,
20/08/1969,0.266,
21/08/1969,0.243,
22/08/1969,0.277,
23/08/1969,0.509,
24/08/1969,0.314,
25/08/1969,0.277,
26/08/1969,0.268,
27/08/1969,0.246,
28/08/1969,0.229,
29/08/1969,0.215,
30/08/1969,0.206,
31/08/1969,0.198,
01/09/1969,0.195,
02/09/1969,0.192,
03/09/1969,0.181,
04/09/1969,0.166,
05/09/1969,0.164,
06/09/1969,0.161,
07/09/1969,0.155,
08/09/1969,0.152,
09/09/1969,0.149,
10/09/1969,0.152,
11/09/1969,0.772,
12/09/1969,0.353,
13/09/1969,0.356,
14/09/1969,0.302,
15/09/1969,0.274,
16/09/1969,0.266,
17/09/1969,0.257,
18/09/1969,0.24,
19/09/1969,0.229,
20/09/1969,0.226,
21/09/1969,0.302,
22/09/1969,0.311,
23/09/1969,0.26,
24/09/1969,0.243,
25/09/1969,0.243,
26/09/1969,0.251,
27/09/1969,0.254,
28/09/1969,0.26,
29/09/1969,0.249,
30/09/1969,0.24,
01/10/1969,0.209,
02/10/1969,0.212,
03/10/1969,0.251,
04/10/1969,0.223,
05/10/1969,0.209,
06/10/1969,0.195,
07/10/1969,0.367,
08/10/1969,0.489,
09/10/1969,0.359,
10/10/1969,0.314,
11/10/1969,0.299,
12/10/1969,0.288,
13/10/1969,0.291,
14/10/1969,0.339,
15/10/1969,0.28,
16/10/1969,0.26,
17/10/1969,0.251,
18/10/1969,0.246,
19/10/1969,0.305,
20/10/1969,0.316,
21/10/1969,0.271,
22/10/1969,0.257,
23/10/1969,0.266,
24/10/1969,0.297,
25/10/1969,0.283,
26/10/1969,0.28,
27/10/1969,0.266,
28/10/1969,0.263,
29/10/1969,0.257,
30/10/1969,0.243,
31/10/1969,0.237,
01/11/1969,0.243,
02/11/1969,0.365,
03/11/1969,2.654,
04/11/1969,2.614,
05/11/1969,1.454,
06/11/1969,1.146,
07/11/1969,0.976,
08/11/1969,0.948,
09/11/1969,2.13,
10/11/1969,4.966,
11/11/1969,13.8,
12/11/1969,6.09,
13/11/1969,3.418,
14/11/1969,2.504,
15/11/1969,2.255,
16/11/1969,1.847,
17/11/1969,1.542,
18/11/1969,8.775,
19/11/1969,5.716,
20/11/1969,3.011,
21/11/1969,2.139,
22/11/1969,1.709,
23/11/1969,1.313,
24/11/1969,1.103,
25/11/1969,0.936,
26/11/1969,0.795,
27/11/1969,0.806,
28/11/1969,0.758,
29/11/1969,0.653,
30/11/1969,0.616,
01/12/1969,0.707,
02/12/1969,0.735,
03/12/1969,0.823,
04/12/1969,0.761,
05/12/1969,0.735,
06/12/1969,0.815,
07/12/1969,0.724,
08/12/1969,0.673,
09/12/1969,0.639,
10/12/1969,0.648,
11/12/1969,0.795,
12/12/1969,0.665,
13/12/1969,1.816,
14/12/1969,11.71,
15/12/1969,4.208,
16/12/1969,2.397,
17/12/1969,1.607,
18/12/1969,1.256,
19/12/1969,1.112,
20/12/1969,3.588,
21/12/1969,13.28,
22/12/1969,6.339,
23/12/1969,2.929,
24/12/1969,2.354,
25/12/1969,1.664,
26/12/1969,1.349,
27/12/1969,1.137,
28/12/1969,0.97,
29/12/1969,0.826,
30/12/1969,0.735,
31/12/1969,0.667,
01/01/1970,0.634,
02/01/1970,0.64,
03/01/1970,0.597,
04/01/1970,0.548,
05/01/1970,0.698,
06/01/1970,0.532,
07/01/1970,1.445,
08/01/1970,1.179,
09/01/1970,1.691,
10/01/1970,1.935,
11/01/1970,2.003,
12/01/1970,2.126,
13/01/1970,1.827,
14/01/1970,2.542,
15/01/1970,3.14,
16/01/1970,2.723,
17/01/1970,2.773,
18/01/1970,4.19,
19/01/1970,2.884,
20/01/1970,2.332,
21/01/1970,4.984,
22/01/1970,4.039,
23/01/1970,4.806,
24/01/1970,3.821,
25/01/1970,2.953,
26/01/1970,2.218,
27/01/1970,1.647,
28/01/1970,1.352,
29/01/1970,1.281,
30/01/1970,1.182,
31/01/1970,1.026,
01/02/1970,3.388,
02/02/1970,5.072,
03/02/1970,3.886,
04/02/1970,3.089,
05/02/1970,2.069,
06/02/1970,1.62,
07/02/1970,2.018,
08/02/1970,1.852,
09/02/1970,1.696,
10/02/1970,1.488,
11/02/1970,1.288,
12/02/1970,1.104,
13/02/1970,0.922,
14/02/1970,0.808,
15/02/1970,0.738,
16/02/1970,0.674,
17/02/1970,0.753,
18/02/1970,1.22,
19/02/1970,6.639,
20/02/1970,4.568,
21/02/1970,11.6,
22/02/1970,6.324,
23/02/1970,3.33,
24/02/1970,2.194,
25/02/1970,1.584,
26/02/1970,1.377,
27/02/1970,1.1,
28/02/1970,0.94,
01/03/1970,0.938,
02/03/1970,0.947,
03/03/1970,0.806,
04/03/1970,0.904,
05/03/1970,0.749,
06/03/1970,0.715,
07/03/1970,0.68,
08/03/1970,0.654,
09/03/1970,0.608,
10/03/1970,0.609,
11/03/1970,1.716,
12/03/1970,1.35,
13/03/1970,1.327,
14/03/1970,1.21,
15/03/1970,1.493,
16/03/1970,2.335,
17/03/1970,3.597,
18/03/1970,2.554,
19/03/1970,1.796,
20/03/1970,1.605,
21/03/1970,2.952,
22/03/1970,2.209,
23/03/1970,2.217,
24/03/1970,1.822,
25/03/1970,1.492,
26/03/1970,1.314,
27/03/1970,1.135,
28/03/1970,1.134,
29/03/1970,1.194,
30/03/1970,1.284,
31/03/1970,1.242,
01/04/1970,1.098,
02/04/1970,1.196,
03/04/1970,1.234,
04/04/1970,1.111,
05/04/1970,1.594,
06/04/1970,1.669,
07/04/1970,1.44,
08/04/1970,1.283,
09/04/1970,1.144,
10/04/1970,1.045,
11/04/1970,0.923,
12/04/1970,1.153,
13/04/1970,1.068,
14/04/1970,0.952,
15/04/1970,3.578,
16/04/1970,4.945,
17/04/1970,3.462,
18/04/1970,2.394,
19/04/1970,1.762,
20/04/1970,1.97,
21/04/1970,3.253,
22/04/1970,9.24,
23/04/1970,6.535,
24/04/1970,3.688,
25/04/1970,5.78,
26/04/1970,3.77,
27/04/1970,2.504,
28/04/1970,1.858,
29/04/1970,1.457,
30/04/1970,1.203,
01/05/1970,1.005,
02/05/1970,0.866,
03/05/1970,0.757,
04/05/1970,0.67,
05/05/1970,0.637,
06/05/1970,0.63,
07/05/1970,0.568,
08/05/1970,0.533,
09/05/1970,0.497,
10/05/1970,0.558,
11/05/1970,0.507,
12/05/1970,0.444,
13/05/1970,0.487,
14/05/1970,0.491,
15/05/1970,0.445,
16/05/1970,0.424,
17/05/1970,0.383,
18/05/1970,0.364,
19/05/1970,0.365,
20/05/1970,0.337,
21/05/1970,0.331,
22/05/1970,0.315,
23/05/1970,0.297,
24/05/1970,0.28,
25/05/1970,0.267,
26/05/1970,0.262,
27/05/1970,0.25,
28/05/1970,0.245,
29/05/1970,0.234,
30/05/1970,0.226,
31/05/1970,0.216,
01/06/1970,0.208,
02/06/1970,0.194,
03/06/1970,0.182,
04/06/1970,0.172,
05/06/1970,0.158,
06/06/1970,0.154,
07/06/1970,0.149,
08/06/1970,0.143,
09/06/1970,0.143,
10/06/1970,0.162,
11/06/1970,0.298,
12/06/1970,0.159,
13/06/1970,0.236,
14/06/1970,0.152,
15/06/1970,0.132,
16/06/1970,0.127,
17/06/1970,0.147,
18/06/1970,0.294,
19/06/1970,0.158,
20/06/1970,0.133,
21/06/1970,0.121,
22/06/1970,0.26,
23/06/1970,0.196,
24/06/1970,0.216,
25/06/1970,0.159,
26/06/1970,0.142,
27/06/1970,0.205,
28/06/1970,0.166,
29/06/1970,0.164,
30/06/1970,0.16,
01/07/1970,0.194,
02/07/1970,0.294,
03/07/1970,0.209,
04/07/1970,0.192,
05/07/1970,0.173,
06/07/1970,0.154,
07/07/1970,0.141,
08/07/1970,0.152,
09/07/1970,0.163,
10/07/1970,0.148,
11/07/1970,0.139,
12/07/1970,0.132,
13/07/1970,0.178,
14/07/1970,0.211,
15/07/1970,0.174,
16/07/1970,0.149,
17/07/1970,0.139,
18/07/1970,0.134,
19/07/1970,0.139,
20/07/1970,0.135,
21/07/1970,0.164,
22/07/1970,0.216,
23/07/1970,0.393,
24/07/1970,0.898,
25/07/1970,0.426,
26/07/1970,0.411,
27/07/1970,0.77,
28/07/1970,0.64,
29/07/1970,0.478,
30/07/1970,0.402,
31/07/1970,0.364,
01/08/1970,0.339,
02/08/1970,0.296,
03/08/1970,0.269,
04/08/1970,0.248,
05/08/1970,0.225,
06/08/1970,0.331,
07/08/1970,0.625,
08/08/1970,0.37,
09/08/1970,0.389,
10/08/1970,0.7,
11/08/1970,0.432,
12/08/1970,0.384,
13/08/1970,0.376,
14/08/1970,0.332,
15/08/1970,2.086,
16/08/1970,2.801,
17/08/1970,1.427,
18/08/1970,1.008,
19/08/1970,0.814,
20/08/1970,2.713,
21/08/1970,2.854,
22/08/1970,1.958,
23/08/1970,1.405,
24/08/1970,1.059,
25/08/1970,0.85,
26/08/1970,0.72,
27/08/1970,0.624,
28/08/1970,0.534,
29/08/1970,0.469,
30/08/1970,0.441,
31/08/1970,0.536,
01/09/1970,0.413,
02/09/1970,0.929,
03/09/1970,0.577,
04/09/1970,0.486,
05/09/1970,0.429,
06/09/1970,0.407,
07/09/1970,0.379,
08/09/1970,0.639,
09/09/1970,2.026,
10/09/1970,9.969,
11/09/1970,4.445,
12/09/1970,2.396,
13/09/1970,2.61,
14/09/1970,1.84,
15/09/1970,1.44,
16/09/1970,1.141,
17/09/1970,0.917,
18/09/1970,0.789,
19/09/1970,0.697,
20/09/1970,0.622,
21/09/1970,0.551,
22/09/1970,0.505,
23/09/1970,0.455,
24/09/1970,0.4,
25/09/1970,0.363,
26/09/1970,0.338,
27/09/1970,0.342,
28/09/1970,0.313,
29/09/1970,0.313,
30/09/1970,0.367,
01/10/1970,0.311,
02/10/1970,0.335,
03/10/1970,0.313,
04/10/1970,0.333,
05/10/1970,0.623,
06/10/1970,0.437,
07/10/1970,0.488,
08/10/1970,0.431,
09/10/1970,0.385,
10/10/1970,0.356,
11/10/1970,0.515,
12/10/1970,0.502,
13/10/1970,0.427,
14/10/1970,0.4,
15/10/1970,0.387,
16/10/1970,0.367,
17/10/1970,0.348,
18/10/1970,0.337,
19/10/1970,0.448,
20/10/1970,0.463,
21/10/1970,0.381,
22/10/1970,0.388,
23/10/1970,0.363,
24/10/1970,0.508,
25/10/1970,1.433,
26/10/1970,0.92,
27/10/1970,3.928,
28/10/1970,3.605,
29/10/1970,2.742,
30/10/1970,5.684,
31/10/1970,6.765,
01/11/1970,5.904,
02/11/1970,5.137,
03/11/1970,3.997,
04/11/1970,3.553,
05/11/1970,2.769,
06/11/1970,3.522,
07/11/1970,3.198,
08/11/1970,2.411,
09/11/1970,1.727,
10/11/1970,1.54,
11/11/1970,4.169,
12/11/1970,3.303,
13/11/1970,2.972,
14/11/1970,2.189,
15/11/1970,1.857,
16/11/1970,2.939,
17/11/1970,4.944,
18/11/1970,4.532,
19/11/1970,3.622,
20/11/1970,6.014,
21/11/1970,4.344,
22/11/1970,3.587,
23/11/1970,6.082,
24/11/1970,3.532,
25/11/1970,2.271,
26/11/1970,1.65,
27/11/1970,1.475,
28/11/1970,3.074,
29/11/1970,3.2,
30/11/1970,3.125,
01/12/1970,2.34,
02/12/1970,2.82,
03/12/1970,3.228,
04/12/1970,3.157,
05/12/1970,2.55,
06/12/1970,3.255,
07/12/1970,2.324,
08/12/1970,1.833,
09/12/1970,1.499,
10/12/1970,1.235,
11/12/1970,1.027,
12/12/1970,0.939,
13/12/1970,0.829,
14/12/1970,0.743,
15/12/1970,0.704,
16/12/1970,0.703,
17/12/1970,0.709,
18/12/1970,0.676,
19/12/1970,0.703,
20/12/1970,0.891,
21/12/1970,0.74,
22/12/1970,0.696,
23/12/1970,0.747,
24/12/1970,0.679,
25/12/1970,0.64,
26/12/1970,0.629,
27/12/1970,0.581,
28/12/1970,0.561,
29/12/1970,0.537,
30/12/1970,0.494,
31/12/1970,0.451,
01/01/1971,0.432,
02/01/1971,0.418,
03/01/1971,0.574,
04/01/1971,1.606,
05/01/1971,0.966,
06/01/1971,1.393,
07/01/1971,3.226,
08/01/1971,1.68,
09/01/1971,1.448,
10/01/1971,1.135,
11/01/1971,0.968,
12/01/1971,0.851,
13/01/1971,0.787,
14/01/1971,0.717,
15/01/1971,0.655,
16/01/1971,0.644,
17/01/1971,0.587,
18/01/1971,1.599,
19/01/1971,2.302,
20/01/1971,2.658,
21/01/1971,3.339,
22/01/1971,3.87,
23/01/1971,5.761,
24/01/1971,4.441,
25/01/1971,3.845,
26/01/1971,3.348,
27/01/1971,3.007,
28/01/1971,3.553,
29/01/1971,2.945,
30/01/1971,2.236,
31/01/1971,1.699,
01/02/1971,1.32,
02/02/1971,1.259,
03/02/1971,1.777,
04/02/1971,1.342,
05/02/1971,1.191,
06/02/1971,1.052,
07/02/1971,0.935,
08/02/1971,0.837,
09/02/1971,0.764,
10/02/1971,0.688,
11/02/1971,0.642,
12/02/1971,4.382,
13/02/1971,2.814,
14/02/1971,3.163,
15/02/1971,2.699,
16/02/1971,1.879,
17/02/1971,3.091,
18/02/1971,3.36,
19/02/1971,2.302,
20/02/1971,2.036,
21/02/1971,1.693,
22/02/1971,1.367,
23/02/1971,1.183,
24/02/1971,1.015,
25/02/1971,0.895,
26/02/1971,0.804,
27/02/1971,0.806,
28/02/1971,0.759,
01/03/1971,0.96,
02/03/1971,0.841,
03/03/1971,0.728,
04/03/1971,0.671,
05/03/1971,0.656,
06/03/1971,0.622,
07/03/1971,0.584,
08/03/1971,0.597,
09/03/1971,0.537,
10/03/1971,0.496,
11/03/1971,0.465,
12/03/1971,0.434,
13/03/1971,0.417,
14/03/1971,0.433,
15/03/1971,0.403,
16/03/1971,0.394,
17/03/1971,0.565,
18/03/1971,1.975,
19/03/1971,1.865,
20/03/1971,2.291,
21/03/1971,1.878,
22/03/1971,1.495,
23/03/1971,1.244,
24/03/1971,1.55,
25/03/1971,1.641,
26/03/1971,1.299,
27/03/1971,1.134,
28/03/1971,1.018,
29/03/1971,1.065,
30/03/1971,0.916,
31/03/1971,0.794,
01/04/1971,0.729,
02/04/1971,0.681,
03/04/1971,0.624,
04/04/1971,0.584,
05/04/1971,0.544,
06/04/1971,0.507,
07/04/1971,0.475,
08/04/1971,0.448,
09/04/1971,0.418,
10/04/1971,0.392,
11/04/1971,0.37,
12/04/1971,0.346,
13/04/1971,0.332,
14/04/1971,0.315,
15/04/1971,0.301,
16/04/1971,0.333,
17/04/1971,0.302,
18/04/1971,0.277,
19/04/1971,0.264,
20/04/1971,0.249,
21/04/1971,0.24,
22/04/1971,0.363,
23/04/1971,1.31,
24/04/1971,2.15,
25/04/1971,1.296,
26/04/1971,1.014,
27/04/1971,0.864,
28/04/1971,0.751,
29/04/1971,0.678,
30/04/1971,0.653,
01/05/1971,0.578,
02/05/1971,0.513,
03/05/1971,0.468,
04/05/1971,0.43,
05/05/1971,0.398,
06/05/1971,0.389,
07/05/1971,0.405,
08/05/1971,0.369,
09/05/1971,0.348,
10/05/1971,0.368,
11/05/1971,0.333,
12/05/1971,0.309,
13/05/1971,0.29,
14/05/1971,0.267,
15/05/1971,0.262,
16/05/1971,0.264,
17/05/1971,0.256,
18/05/1971,0.238,
19/05/1971,0.225,
20/05/1971,0.213,
21/05/1971,0.205,
22/05/1971,0.201,
23/05/1971,0.214,
24/05/1971,0.201,
25/05/1971,0.19,
26/05/1971,0.179,
27/05/1971,0.181,
28/05/1971,0.168,
29/05/1971,0.168,
30/05/1971,0.216,
31/05/1971,0.171,
01/06/1971,0.154,
02/06/1971,0.14,
03/06/1971,0.134,
04/06/1971,0.128,
05/06/1971,0.13,
06/06/1971,0.132,
07/06/1971,0.137,
08/06/1971,0.409,
09/06/1971,0.397,
10/06/1971,0.238,
11/06/1971,0.766,
12/06/1971,0.454,
13/06/1971,0.355,
14/06/1971,0.356,
15/06/1971,0.305,
16/06/1971,0.299,
17/06/1971,0.28,
18/06/1971,0.55,
19/06/1971,0.693,
20/06/1971,0.775,
21/06/1971,0.642,
22/06/1971,0.524,
23/06/1971,0.443,
24/06/1971,0.396,
25/06/1971,0.422,
26/06/1971,0.499,
27/06/1971,0.493,
28/06/1971,0.447,
29/06/1971,0.375,
30/06/1971,0.344,
01/07/1971,0.319,
02/07/1971,0.306,
03/07/1971,3.505,
04/07/1971,1.405,
05/07/1971,0.888,
06/07/1971,0.685,
07/07/1971,0.555,
08/07/1971,0.471,
09/07/1971,0.415,
10/07/1971,0.389,
11/07/1971,0.341,
12/07/1971,0.311,
13/07/1971,0.287,
14/07/1971,0.261,
15/07/1971,0.239,
16/07/1971,0.222,
17/07/1971,0.207,
18/07/1971,0.195,
19/07/1971,0.186,
20/07/1971,0.17,
21/07/1971,0.161,
22/07/1971,0.163,
23/07/1971,0.169,
24/07/1971,0.239,
25/07/1971,0.553,
26/07/1971,0.466,
27/07/1971,0.287,
28/07/1971,0.234,
29/07/1971,0.202,
30/07/1971,0.312,
31/07/1971,0.667,
01/08/1971,0.333,
02/08/1971,0.27,
03/08/1971,0.258,
04/08/1971,0.401,
05/08/1971,0.321,
06/08/1971,0.291,
07/08/1971,0.265,
08/08/1971,0.251,
09/08/1971,0.732,
10/08/1971,5.501,
11/08/1971,2.182,
12/08/1971,1.58,
13/08/1971,2.664,
14/08/1971,4.377,
15/08/1971,2.486,
16/08/1971,1.607,
17/08/1971,1.179,
18/08/1971,0.921,
19/08/1971,0.77,
20/08/1971,0.648,
21/08/1971,0.562,
22/08/1971,0.505,
23/08/1971,0.447,
24/08/1971,0.405,
25/08/1971,0.36,
26/08/1971,0.334,
27/08/1971,0.318,
28/08/1971,0.463,
29/08/1971,0.948,
30/08/1971,1.335,
31/08/1971,0.945,
01/09/1971,0.799,
02/09/1971,0.696,
03/09/1971,1.008,
04/09/1971,0.837,
05/09/1971,0.724,
06/09/1971,0.649,
07/09/1971,0.581,
08/09/1971,0.516,
09/09/1971,0.465,
10/09/1971,0.425,
11/09/1971,0.39,
12/09/1971,0.357,
13/09/1971,0.332,
14/09/1971,0.322,
15/09/1971,0.307,
16/09/1971,0.273,
17/09/1971,0.253,
18/09/1971,0.24,
19/09/1971,0.228,
20/09/1971,0.222,
21/09/1971,0.211,
22/09/1971,0.199,
23/09/1971,0.206,
24/09/1971,0.223,
25/09/1971,0.21,
26/09/1971,0.553,
27/09/1971,0.441,
28/09/1971,0.293,
29/09/1971,0.29,
30/09/1971,0.295,
01/10/1971,0.254,
02/10/1971,0.233,
03/10/1971,1.005,
04/10/1971,0.557,
05/10/1971,0.436,
06/10/1971,0.375,
07/10/1971,0.344,
08/10/1971,0.316,
09/10/1971,0.3,
10/10/1971,0.308,
11/10/1971,0.791,
12/10/1971,0.523,
13/10/1971,1.423,
14/10/1971,0.942,
15/10/1971,1.269,
16/10/1971,1.227,
17/10/1971,4.089,
18/10/1971,17.26,
19/10/1971,16.12,
20/10/1971,4.503,
21/10/1971,2.888,
22/10/1971,1.942,
23/10/1971,1.446,
24/10/1971,1.128,
25/10/1971,0.925,
26/10/1971,0.793,
27/10/1971,0.699,
28/10/1971,0.627,
29/10/1971,0.562,
30/10/1971,0.521,
31/10/1971,0.485,
01/11/1971,0.435,
02/11/1971,0.396,
03/11/1971,0.372,
04/11/1971,0.346,
05/11/1971,0.612,
06/11/1971,0.494,
07/11/1971,1.123,
08/11/1971,1.221,
09/11/1971,0.893,
10/11/1971,0.793,
11/11/1971,0.759,
12/11/1971,0.724,
13/11/1971,0.719,
14/11/1971,0.645,
15/11/1971,0.599,
16/11/1971,0.692,
17/11/1971,1.831,
18/11/1971,3.135,
19/11/1971,1.872,
20/11/1971,5.1,
21/11/1971,4.988,
22/11/1971,3.106,
23/11/1971,3.422,
24/11/1971,2.164,
25/11/1971,1.629,
26/11/1971,1.28,
27/11/1971,1.296,
28/11/1971,0.999,
29/11/1971,0.972,
30/11/1971,1.311,
01/12/1971,1.099,
02/12/1971,0.961,
03/12/1971,0.865,
04/12/1971,0.8,
05/12/1971,0.74,
06/12/1971,0.673,
07/12/1971,0.617,
08/12/1971,0.569,
09/12/1971,0.532,
10/12/1971,0.496,
11/12/1971,0.459,
12/12/1971,0.435,
13/12/1971,0.422,
14/12/1971,0.403,
15/12/1971,0.372,
16/12/1971,0.346,
17/12/1971,0.33,
18/12/1971,0.329,
19/12/1971,1.549,
20/12/1971,1.011,
21/12/1971,0.811,
22/12/1971,1.563,
23/12/1971,1.381,
24/12/1971,1.151,
25/12/1971,0.978,
26/12/1971,0.848,
27/12/1971,0.764,
28/12/1971,0.674,
29/12/1971,0.605,
30/12/1971,0.56,
31/12/1971,0.531,
01/01/1972,0.477,
02/01/1972,0.462,
03/01/1972,0.479,
04/01/1972,0.435,
05/01/1972,0.424,
06/01/1972,0.39,
07/01/1972,0.385,
08/01/1972,0.847,
09/01/1972,0.827,
10/01/1972,1.351,
11/01/1972,3.668,
12/01/1972,3.925,
13/01/1972,3.029,
14/01/1972,2.068,
15/01/1972,2.9,
16/01/1972,2.842,
17/01/1972,2.704,
18/01/1972,4.239,
19/01/1972,3.86,
20/01/1972,2.363,
21/01/1972,1.616,
22/01/1972,1.265,
23/01/1972,2.302,
24/01/1972,2.242,
25/01/1972,1.648,
26/01/1972,2.967,
27/01/1972,2.44,
28/01/1972,1.807,
29/01/1972,1.405,
30/01/1972,1.149,
31/01/1972,0.984,
01/02/1972,0.813,
02/02/1972,2.594,
03/02/1972,2.474,
04/02/1972,1.838,
05/02/1972,1.696,
06/02/1972,1.378,
07/02/1972,1.223,
08/02/1972,1.521,
09/02/1972,1.425,
10/02/1972,1.716,
11/02/1972,1.82,
12/02/1972,1.714,
13/02/1972,1.465,
14/02/1972,1.297,
15/02/1972,6.402,
16/02/1972,4.077,
17/02/1972,2.478,
18/02/1972,1.74,
19/02/1972,1.362,
20/02/1972,1.108,
21/02/1972,0.941,
22/02/1972,0.852,
23/02/1972,0.754,
24/02/1972,0.681,
25/02/1972,0.886,
26/02/1972,0.711,
27/02/1972,0.673,
28/02/1972,0.636,
29/02/1972,0.841,
01/03/1972,0.954,
02/03/1972,1.635,
03/03/1972,2.69,
04/03/1972,2.187,
05/03/1972,1.919,
06/03/1972,2.481,
07/03/1972,3.443,
08/03/1972,2.94,
09/03/1972,2.217,
10/03/1972,1.687,
11/03/1972,1.319,
12/03/1972,1.064,
13/03/1972,0.907,
14/03/1972,0.818,
15/03/1972,0.77,
16/03/1972,0.713,
17/03/1972,0.654,
18/03/1972,0.596,
19/03/1972,0.538,
20/03/1972,0.497,
21/03/1972,0.45,
22/03/1972,0.414,
23/03/1972,0.394,
24/03/1972,0.361,
25/03/1972,0.538,
26/03/1972,0.587,
27/03/1972,0.624,
28/03/1972,0.643,
29/03/1972,0.602,
30/03/1972,3.398,
31/03/1972,2.69,
01/04/1972,2.729,
02/04/1972,2.992,
03/04/1972,2.129,
04/04/1972,3.042,
05/04/1972,3.282,
06/04/1972,3.005,
07/04/1972,4.423,
08/04/1972,3.116,
09/04/1972,2.692,
10/04/1972,4.421,
11/04/1972,3.803,
12/04/1972,2.485,
13/04/1972,1.781,
14/04/1972,1.381,
15/04/1972,1.064,
16/04/1972,0.908,
17/04/1972,0.791,
18/04/1972,0.704,
19/04/1972,0.633,
20/04/1972,0.564,
21/04/1972,0.517,
22/04/1972,0.48,
23/04/1972,0.438,
24/04/1972,0.404,
25/04/1972,0.375,
26/04/1972,0.355,
27/04/1972,0.331,
28/04/1972,0.449,
29/04/1972,0.958,
30/04/1972,0.639,
01/05/1972,0.661,
02/05/1972,0.562,
03/05/1972,0.529,
04/05/1972,0.5,
05/05/1972,0.504,
06/05/1972,0.494,
07/05/1972,0.491,
08/05/1972,0.869,
09/05/1972,0.784,
10/05/1972,0.728,
11/05/1972,1.251,
12/05/1972,1.29,
13/05/1972,1.121,
14/05/1972,0.968,
15/05/1972,0.874,
16/05/1972,0.785,
17/05/1972,0.715,
18/05/1972,0.647,
19/05/1972,0.585,
20/05/1972,0.667,
21/05/1972,0.733,
22/05/1972,0.604,
23/05/1972,0.799,
24/05/1972,0.742,
25/05/1972,1.05,
26/05/1972,5.493,
27/05/1972,4.273,
28/05/1972,2.475,
29/05/1972,2.79,
30/05/1972,2.857,
31/05/1972,2.428,
01/06/1972,1.875,
02/06/1972,1.851,
03/06/1972,1.518,
04/06/1972,1.408,
05/06/1972,1.244,
06/06/1972,1.371,
07/06/1972,2.393,
08/06/1972,1.745,
09/06/1972,2.178,
10/06/1972,1.825,
11/06/1972,1.45,
12/06/1972,1.184,
13/06/1972,0.999,
14/06/1972,0.866,
15/06/1972,0.773,
16/06/1972,0.677,
17/06/1972,0.791,
18/06/1972,1.221,
19/06/1972,1.46,
20/06/1972,1.11,
21/06/1972,1.102,
22/06/1972,0.947,
23/06/1972,0.87,
24/06/1972,0.8,
25/06/1972,0.878,
26/06/1972,0.84,
27/06/1972,0.871,
28/06/1972,0.706,
29/06/1972,0.651,
30/06/1972,0.602,
01/07/1972,0.559,
02/07/1972,0.53,
03/07/1972,0.966,
04/07/1972,2.294,
05/07/1972,1.526,
06/07/1972,1.183,
07/07/1972,1.051,
08/07/1972,0.943,
09/07/1972,0.811,
10/07/1972,0.726,
11/07/1972,0.642,
12/07/1972,0.581,
13/07/1972,0.542,
14/07/1972,0.489,
15/07/1972,0.438,
16/07/1972,0.396,
17/07/1972,0.356,
18/07/1972,0.325,
19/07/1972,0.302,
20/07/1972,0.284,
21/07/1972,0.28,
22/07/1972,0.279,
23/07/1972,0.527,
24/07/1972,0.348,
25/07/1972,0.286,
26/07/1972,0.252,
27/07/1972,0.231,
28/07/1972,0.215,
29/07/1972,0.211,
30/07/1972,0.206,
31/07/1972,0.698,
01/08/1972,5.384,
02/08/1972,2.949,
03/08/1972,1.778,
04/08/1972,1.578,
05/08/1972,1.291,
06/08/1972,1.915,
07/08/1972,2.514,
08/08/1972,2.868,
09/08/1972,2.063,
10/08/1972,1.494,
11/08/1972,1.157,
12/08/1972,0.939,
13/08/1972,0.806,
14/08/1972,0.693,
15/08/1972,0.594,
16/08/1972,0.55,
17/08/1972,0.576,
18/08/1972,0.457,
19/08/1972,0.41,
20/08/1972,0.394,
21/08/1972,0.346,
22/08/1972,0.315,
23/08/1972,0.292,
24/08/1972,0.281,
25/08/1972,0.27,
26/08/1972,0.255,
27/08/1972,0.247,
28/08/1972,0.236,
29/08/1972,0.224,
30/08/1972,0.206,
31/08/1972,0.193,
01/09/1972,0.182,
02/09/1972,0.173,
03/09/1972,0.169,
04/09/1972,0.17,
05/09/1972,0.16,
06/09/1972,0.153,
07/09/1972,0.198,
08/09/1972,0.744,
09/09/1972,0.438,
10/09/1972,0.273,
11/09/1972,0.242,
12/09/1972,0.233,
13/09/1972,0.236,
14/09/1972,0.214,
15/09/1972,0.2,
16/09/1972,0.192,
17/09/1972,0.181,
18/09/1972,0.171,
19/09/1972,0.167,
20/09/1972,0.162,
21/09/1972,0.161,
22/09/1972,0.154,
23/09/1972,0.149,
24/09/1972,0.144,
25/09/1972,0.141,
26/09/1972,0.139,
27/09/1972,0.138,
28/09/1972,0.137,
29/09/1972,0.135,
30/09/1972,0.133,
01/10/1972,0.132,
02/10/1972,0.126,
03/10/1972,0.116,
04/10/1972,0.112,
05/10/1972,0.108,
06/10/1972,0.105,
07/10/1972,0.104,
08/10/1972,0.104,
09/10/1972,0.124,
10/10/1972,0.148,
11/10/1972,0.133,
12/10/1972,0.121,
13/10/1972,0.114,
14/10/1972,0.111,
15/10/1972,0.107,
16/10/1972,0.106,
17/10/1972,0.104,
18/10/1972,0.102,
19/10/1972,0.1,
20/10/1972,0.1,
21/10/1972,0.098,
22/10/1972,0.099,
23/10/1972,0.098,
24/10/1972,0.102,
25/10/1972,0.102,
26/10/1972,0.099,
27/10/1972,0.234,
28/10/1972,0.176,
29/10/1972,0.602,
30/10/1972,0.321,
31/10/1972,0.242,
01/11/1972,0.206,
02/11/1972,0.184,
03/11/1972,0.178,
04/11/1972,0.182,
05/11/1972,0.174,
06/11/1972,0.167,
07/11/1972,0.496,
08/11/1972,0.311,
09/11/1972,3.056,
10/11/1972,1.803,
11/11/1972,1.721,
12/11/1972,7.863,
13/11/1972,3.691,
14/11/1972,2.068,
15/11/1972,1.448,
16/11/1972,1.13,
17/11/1972,0.904,
18/11/1972,0.974,
19/11/1972,1.846,
20/11/1972,2.675,
21/11/1972,2.774,
22/11/1972,2.79,
23/11/1972,1.927,
24/11/1972,1.429,
25/11/1972,1.174,
26/11/1972,0.971,
27/11/1972,0.929,
28/11/1972,0.896,
29/11/1972,1.427,
30/11/1972,1.866,
01/12/1972,8.177,
02/12/1972,4.39,
03/12/1972,4.147,
04/12/1972,8.18,
05/12/1972,13.5,
06/12/1972,9.331,
07/12/1972,6.256,
08/12/1972,3.631,
09/12/1972,2.684,
10/12/1972,2.639,
11/12/1972,6.604,
12/12/1972,5.948,
13/12/1972,4.51,
14/12/1972,3.068,
15/12/1972,2.102,
16/12/1972,1.609,
17/12/1972,1.274,
18/12/1972,1.025,
19/12/1972,0.87,
20/12/1972,0.787,
21/12/1972,0.72,
22/12/1972,0.647,
23/12/1972,0.614,
24/12/1972,0.567,
25/12/1972,0.547,
26/12/1972,0.541,
27/12/1972,0.618,
28/12/1972,0.647,
29/12/1972,0.55,
30/12/1972,0.518,
31/12/1972,0.498,
01/01/1973,0.477,
02/01/1973,0.455,
03/01/1973,0.455,
04/01/1973,0.444,
05/01/1973,0.418,
06/01/1973,0.401,
07/01/1973,0.389,
08/01/1973,0.374,
09/01/1973,0.36,
10/01/1973,0.345,
11/01/1973,0.328,
12/01/1973,0.314,
13/01/1973,0.321,
14/01/1973,0.555,
15/01/1973,0.773,
16/01/1973,0.532,
17/01/1973,0.478,
18/01/1973,0.477,
19/01/1973,0.464,
20/01/1973,0.519,
21/01/1973,0.51,
22/01/1973,0.765,
23/01/1973,1.715,
24/01/1973,1.26,
25/01/1973,1.053,
26/01/1973,1.891,
27/01/1973,1.333,
28/01/1973,1.134,
29/01/1973,1.012,
30/01/1973,1.032,
31/01/1973,0.878,
01/02/1973,0.805,
02/02/1973,0.753,
03/02/1973,0.698,
04/02/1973,0.634,
05/02/1973,0.61,
06/02/1973,0.635,
07/02/1973,1.472,
08/02/1973,2.519,
09/02/1973,1.878,
10/02/1973,1.772,
11/02/1973,2.612,
12/02/1973,5.507,
13/02/1973,2.74,
14/02/1973,1.822,
15/02/1973,1.364,
16/02/1973,1.12,
17/02/1973,0.949,
18/02/1973,0.999,
19/02/1973,1.281,
20/02/1973,1.034,
21/02/1973,0.996,
22/02/1973,1.199,
23/02/1973,1.082,
24/02/1973,0.976,
25/02/1973,0.893,
26/02/1973,0.819,
27/02/1973,0.77,
28/02/1973,0.816,
01/03/1973,1.432,
02/03/1973,1.058,
03/03/1973,1.851,
04/03/1973,3.089,
05/03/1973,3.134,
06/03/1973,2.658,
07/03/1973,1.96,
08/03/1973,1.545,
09/03/1973,1.256,
10/03/1973,1.043,
11/03/1973,0.897,
12/03/1973,0.808,
13/03/1973,0.734,
14/03/1973,0.662,
15/03/1973,0.591,
16/03/1973,0.547,
17/03/1973,0.505,
18/03/1973,0.472,
19/03/1973,0.435,
20/03/1973,0.402,
21/03/1973,0.383,
22/03/1973,0.355,
23/03/1973,0.332,
24/03/1973,0.34,
25/03/1973,0.332,
26/03/1973,0.309,
27/03/1973,0.296,
28/03/1973,0.284,
29/03/1973,0.269,
30/03/1973,0.274,
31/03/1973,0.264,
01/04/1973,1.632,
02/04/1973,1.59,
03/04/1973,1.06,
04/04/1973,1.73,
05/04/1973,1.356,
06/04/1973,1.112,
07/04/1973,0.967,
08/04/1973,0.969,
09/04/1973,0.847,
10/04/1973,0.795,
11/04/1973,0.754,
12/04/1973,0.688,
13/04/1973,0.676,
14/04/1973,0.61,
15/04/1973,0.563,
16/04/1973,0.527,
17/04/1973,0.492,
18/04/1973,0.461,
19/04/1973,0.433,
20/04/1973,0.451,
21/04/1973,0.444,
22/04/1973,0.49,
23/04/1973,1.107,
24/04/1973,0.89,
25/04/1973,0.72,
26/04/1973,0.649,
27/04/1973,0.607,
28/04/1973,0.569,
29/04/1973,0.527,
30/04/1973,0.594,
01/05/1973,0.505,
02/05/1973,0.454,
03/05/1973,0.57,
04/05/1973,0.979,
05/05/1973,0.685,
06/05/1973,0.794,
07/05/1973,0.837,
08/05/1973,0.78,
09/05/1973,1.191,
10/05/1973,1.171,
11/05/1973,1.003,
12/05/1973,0.904,
13/05/1973,1.831,
14/05/1973,1.215,
15/05/1973,1.054,
16/05/1973,0.902,
17/05/1973,0.804,
18/05/1973,0.736,
19/05/1973,0.66,
20/05/1973,0.663,
21/05/1973,2.005,
22/05/1973,1.135,
23/05/1973,1.145,
24/05/1973,0.924,
25/05/1973,0.826,
26/05/1973,0.748,
27/05/1973,0.691,
28/05/1973,0.873,
29/05/1973,0.716,
30/05/1973,0.682,
31/05/1973,0.819,
01/06/1973,0.626,
02/06/1973,0.743,
03/06/1973,0.674,
04/06/1973,0.584,
05/06/1973,0.536,
06/06/1973,0.502,
07/06/1973,0.475,
08/06/1973,0.449,
09/06/1973,0.444,
10/06/1973,0.407,
11/06/1973,0.372,
12/06/1973,0.37,
13/06/1973,0.329,
14/06/1973,0.299,
15/06/1973,0.277,
16/06/1973,0.265,
17/06/1973,0.267,
18/06/1973,0.255,
19/06/1973,0.256,
20/06/1973,0.242,
21/06/1973,0.227,
22/06/1973,0.213,
23/06/1973,0.218,
24/06/1973,0.245,
25/06/1973,0.216,
26/06/1973,0.206,
27/06/1973,0.197,
28/06/1973,0.179,
29/06/1973,0.18,
30/06/1973,0.161,
01/07/1973,0.151,
02/07/1973,0.145,
03/07/1973,0.141,
04/07/1973,0.138,
05/07/1973,0.134,
06/07/1973,0.154,
07/07/1973,0.138,
08/07/1973,0.129,
09/07/1973,0.124,
10/07/1973,0.128,
11/07/1973,0.13,
12/07/1973,0.129,
13/07/1973,0.126,
14/07/1973,0.262,
15/07/1973,1.133,
16/07/1973,2.485,
17/07/1973,1.251,
18/07/1973,0.805,
19/07/1973,0.714,
20/07/1973,0.621,
21/07/1973,0.798,
22/07/1973,0.69,
23/07/1973,0.622,
24/07/1973,0.601,
25/07/1973,0.503,
26/07/1973,0.441,
27/07/1973,0.392,
28/07/1973,0.352,
29/07/1973,0.325,
30/07/1973,0.584,
31/07/1973,1.926,
01/08/1973,0.936,
02/08/1973,0.726,
03/08/1973,0.62,
04/08/1973,1.273,
05/08/1973,11.98,
06/08/1973,8.691,
07/08/1973,3.692,
08/08/1973,2.276,
09/08/1973,2.555,
10/08/1973,1.862,
11/08/1973,1.54,
12/08/1973,1.186,
13/08/1973,0.958,
14/08/1973,0.807,
15/08/1973,0.7,
16/08/1973,0.59,
17/08/1973,0.529,
18/08/1973,0.468,
19/08/1973,0.441,
20/08/1973,0.409,
21/08/1973,0.383,
22/08/1973,0.347,
23/08/1973,0.313,
24/08/1973,0.287,
25/08/1973,0.268,
26/08/1973,0.258,
27/08/1973,0.255,
28/08/1973,0.242,
29/08/1973,0.395,
30/08/1973,0.296,
31/08/1973,0.265,
01/09/1973,0.439,
02/09/1973,2.074,
03/09/1973,4.941,
04/09/1973,1.959,
05/09/1973,1.334,
06/09/1973,0.995,
07/09/1973,0.831,
08/09/1973,0.72,
09/09/1973,0.611,
10/09/1973,0.549,
11/09/1973,0.483,
12/09/1973,0.438,
13/09/1973,0.399,
14/09/1973,0.366,
15/09/1973,0.355,
16/09/1973,0.362,
17/09/1973,0.379,
18/09/1973,1.599,
19/09/1973,0.974,
20/09/1973,0.728,
21/09/1973,0.696,
22/09/1973,1.01,
23/09/1973,1.019,
24/09/1973,0.866,
25/09/1973,0.795,
26/09/1973,0.793,
27/09/1973,2.645,
28/09/1973,3.151,
29/09/1973,2.239,
30/09/1973,1.719,
01/10/1973,1.353,
02/10/1973,1.14,
03/10/1973,0.958,
04/10/1973,0.835,
05/10/1973,0.759,
06/10/1973,0.688,
07/10/1973,0.609,
08/10/1973,0.714,
09/10/1973,1.244,
10/10/1973,2.293,
11/10/1973,1.676,
12/10/1973,1.373,
13/10/1973,1.197,
14/10/1973,1.094,
15/10/1973,1.32,
16/10/1973,1.166,
17/10/1973,1.157,
18/10/1973,2.462,
19/10/1973,5.68,
20/10/1973,3.028,
21/10/1973,2.063,
22/10/1973,1.627,
23/10/1973,1.297,
24/10/1973,1.09,
25/10/1973,0.971,
26/10/1973,0.862,
27/10/1973,0.786,
28/10/1973,0.723,
29/10/1973,0.659,
30/10/1973,0.603,
31/10/1973,0.548,
01/11/1973,0.502,
02/11/1973,0.475,
03/11/1973,0.444,
04/11/1973,1.031,
05/11/1973,0.922,
06/11/1973,0.821,
07/11/1973,0.761,
08/11/1973,0.727,
09/11/1973,1.253,
10/11/1973,1.657,
11/11/1973,1.292,
12/11/1973,3.127,
13/11/1973,2.413,
14/11/1973,2.188,
15/11/1973,1.806,
16/11/1973,1.491,
17/11/1973,1.24,
18/11/1973,1.101,
19/11/1973,0.956,
20/11/1973,0.839,
21/11/1973,0.775,
22/11/1973,0.717,
23/11/1973,0.663,
24/11/1973,0.601,
25/11/1973,0.567,
26/11/1973,0.535,
27/11/1973,0.509,
28/11/1973,1.34,
29/11/1973,0.927,
30/11/1973,0.793,
01/12/1973,0.716,
02/12/1973,0.716,
03/12/1973,0.801,
04/12/1973,0.727,
05/12/1973,0.695,
06/12/1973,0.659,
07/12/1973,1.666,
08/12/1973,1.271,
09/12/1973,1.075,
10/12/1973,1.571,
11/12/1973,1.489,
12/12/1973,2.898,
13/12/1973,2.79,
14/12/1973,2.064,
15/12/1973,2.178,
16/12/1973,2.257,
17/12/1973,1.733,
18/12/1973,1.509,
19/12/1973,1.505,
20/12/1973,1.722,
21/12/1973,1.414,
22/12/1973,1.477,
23/12/1973,1.564,
24/12/1973,1.309,
25/12/1973,1.205,
26/12/1973,1.054,
27/12/1973,1.012,
28/12/1973,1.328,
29/12/1973,1.494,
30/12/1973,1.546,
31/12/1973,1.281,
01/01/1974,1.134,
02/01/1974,1.004,
03/01/1974,0.911,
04/01/1974,3.595,
05/01/1974,5.37,
06/01/1974,4.047,
07/01/1974,4.646,
08/01/1974,5.245,
09/01/1974,3.585,
10/01/1974,10.05,
11/01/1974,5.333,
12/01/1974,4.137,
13/01/1974,3.98,
14/01/1974,7.885,
15/01/1974,6.811,
16/01/1974,10.33,
17/01/1974,5.074,
18/01/1974,3.054,
19/01/1974,2.075,
20/01/1974,1.583,
21/01/1974,1.27,
22/01/1974,1.112,
23/01/1974,1.608,
24/01/1974,1.262,
25/01/1974,1.093,
26/01/1974,1.598,
27/01/1974,2.485,
28/01/1974,2.373,
29/01/1974,7.569,
30/01/1974,10.57,
31/01/1974,4.324,
01/02/1974,4.32,
02/02/1974,7.011,
03/02/1974,3.571,
04/02/1974,2.518,
05/02/1974,2.342,
06/02/1974,1.831,
07/02/1974,1.535,
08/02/1974,4.372,
09/02/1974,3.657,
10/02/1974,5.383,
11/02/1974,9.03,
12/02/1974,4.128,
13/02/1974,2.596,
14/02/1974,4.361,
15/02/1974,4.619,
16/02/1974,4.052,
17/02/1974,2.783,
18/02/1974,1.992,
19/02/1974,1.538,
20/02/1974,1.247,
21/02/1974,1.053,
22/02/1974,1.035,
23/02/1974,0.841,
24/02/1974,0.769,
25/02/1974,0.71,
26/02/1974,0.64,
27/02/1974,0.578,
28/02/1974,0.647,
01/03/1974,0.627,
02/03/1974,0.554,
03/03/1974,0.541,
04/03/1974,0.522,
05/03/1974,0.503,
06/03/1974,0.883,
07/03/1974,1.482,
08/03/1974,1.169,
09/03/1974,0.968,
10/03/1974,0.908,
11/03/1974,0.877,
12/03/1974,0.938,
13/03/1974,0.891,
14/03/1974,1.237,
15/03/1974,2.587,
16/03/1974,1.99,
17/03/1974,2.119,
18/03/1974,2.55,
19/03/1974,1.872,
20/03/1974,1.466,
21/03/1974,1.176,
22/03/1974,0.978,
23/03/1974,0.839,
24/03/1974,0.764,
25/03/1974,0.702,
26/03/1974,0.629,
27/03/1974,0.564,
28/03/1974,0.516,
29/03/1974,0.465,
30/03/1974,0.423,
31/03/1974,0.389,
01/04/1974,0.374,
02/04/1974,0.36,
03/04/1974,0.337,
04/04/1974,0.311,
05/04/1974,0.288,
06/04/1974,0.272,
07/04/1974,0.257,
08/04/1974,0.245,
09/04/1974,0.239,
10/04/1974,0.239,
11/04/1974,0.281,
12/04/1974,0.25,
13/04/1974,0.235,
14/04/1974,0.221,
15/04/1974,0.211,
16/04/1974,0.202,
17/04/1974,0.194,
18/04/1974,0.186,
19/04/1974,0.183,
20/04/1974,0.177,
21/04/1974,0.168,
22/04/1974,0.162,
23/04/1974,0.155,
24/04/1974,0.15,
25/04/1974,0.148,
26/04/1974,0.145,
27/04/1974,0.139,
28/04/1974,0.147,
29/04/1974,0.14,
30/04/1974,0.133,
01/05/1974,0.135,
02/05/1974,0.133,
03/05/1974,0.154,
04/05/1974,0.139,
05/05/1974,0.133,
06/05/1974,0.129,
07/05/1974,0.114,
08/05/1974,0.108,
09/05/1974,0.165,
10/05/1974,0.205,
11/05/1974,0.171,
12/05/1974,0.154,
13/05/1974,0.143,
14/05/1974,0.126,
15/05/1974,0.114,
16/05/1974,0.109,
17/05/1974,0.105,
18/05/1974,0.111,
19/05/1974,0.103,
20/05/1974,0.098,
21/05/1974,0.095,
22/05/1974,0.11,
23/05/1974,0.17,
24/05/1974,0.144,
25/05/1974,0.121,
26/05/1974,0.109,
27/05/1974,0.104,
28/05/1974,0.111,
29/05/1974,0.101,
30/05/1974,0.093,
31/05/1974,0.09,
01/06/1974,0.099,
02/06/1974,0.13,
03/06/1974,0.1,
04/06/1974,0.091,
05/06/1974,0.102,
06/06/1974,0.169,
07/06/1974,0.163,
08/06/1974,0.258,
09/06/1974,0.18,
10/06/1974,0.164,
11/06/1974,0.143,
12/06/1974,0.132,
13/06/1974,0.119,
14/06/1974,0.109,
15/06/1974,0.11,
16/06/1974,0.219,
17/06/1974,0.203,
18/06/1974,0.149,
19/06/1974,0.149,
20/06/1974,0.13,
21/06/1974,0.116,
22/06/1974,0.108,
23/06/1974,0.107,
24/06/1974,0.102,
25/06/1974,0.098,
26/06/1974,0.099,
27/06/1974,0.097,
28/06/1974,0.097,
29/06/1974,0.093,
30/06/1974,0.128,
01/07/1974,0.134,
02/07/1974,0.424,
03/07/1974,0.393,
04/07/1974,1.28,
05/07/1974,1.121,
06/07/1974,0.657,
07/07/1974,0.494,
08/07/1974,0.393,
09/07/1974,0.336,
10/07/1974,0.361,
11/07/1974,0.31,
12/07/1974,0.269,
13/07/1974,0.332,
14/07/1974,0.319,
15/07/1974,0.879,
16/07/1974,1.212,
17/07/1974,1.003,
18/07/1974,0.751,
19/07/1974,0.645,
20/07/1974,0.524,
21/07/1974,0.445,
22/07/1974,0.698,
23/07/1974,0.46,
24/07/1974,0.387,
25/07/1974,0.36,
26/07/1974,0.358,
27/07/1974,0.32,
28/07/1974,0.351,
29/07/1974,0.3,
30/07/1974,0.801,
31/07/1974,2.712,
01/08/1974,1.936,
02/08/1974,1.336,
03/08/1974,0.995,
04/08/1974,0.823,
05/08/1974,0.678,
06/08/1974,0.579,
07/08/1974,0.516,
08/08/1974,0.505,
09/08/1974,0.546,
10/08/1974,0.628,
11/08/1974,0.498,
12/08/1974,0.615,
13/08/1974,0.504,
14/08/1974,1.195,
15/08/1974,0.825,
16/08/1974,0.68,
17/08/1974,0.589,
18/08/1974,0.517,
19/08/1974,0.45,
20/08/1974,0.4,
21/08/1974,0.372,
22/08/1974,0.351,
23/08/1974,0.338,
24/08/1974,0.315,
25/08/1974,0.373,
26/08/1974,0.825,
27/08/1974,0.503,
28/08/1974,0.388,
29/08/1974,0.345,
30/08/1974,0.335,
31/08/1974,0.385,
01/09/1974,0.642,
02/09/1974,3.372,
03/09/1974,3.359,
04/09/1974,2.625,
05/09/1974,2.46,
06/09/1974,3.128,
07/09/1974,16.35,
08/09/1974,7.641,
09/09/1974,4.303,
10/09/1974,2.485,
11/09/1974,1.672,
12/09/1974,1.86,
13/09/1974,1.696,
14/09/1974,1.338,
15/09/1974,1.225,
16/09/1974,0.994,
17/09/1974,0.922,
18/09/1974,0.773,
19/09/1974,0.694,
20/09/1974,0.645,
21/09/1974,0.66,
22/09/1974,1.33,
23/09/1974,3.661,
24/09/1974,2.473,
25/09/1974,3.004,
26/09/1974,2.095,
27/09/1974,1.714,
28/09/1974,1.672,
29/09/1974,1.358,
30/09/1974,1.145,
01/10/1974,0.988,
02/10/1974,1.238,
03/10/1974,1.009,
04/10/1974,1.001,
05/10/1974,0.901,
06/10/1974,1.106,
07/10/1974,1.793,
08/10/1974,1.527,
09/10/1974,1.34,
10/10/1974,1.256,
11/10/1974,1.043,
12/10/1974,0.901,
13/10/1974,0.847,
14/10/1974,0.852,
15/10/1974,0.756,
16/10/1974,0.734,
17/10/1974,0.68,
18/10/1974,1.816,
19/10/1974,1.443,
20/10/1974,2.047,
21/10/1974,2.752,
22/10/1974,2.007,
23/10/1974,1.52,
24/10/1974,1.21,
25/10/1974,1.006,
26/10/1974,0.887,
27/10/1974,0.8,
28/10/1974,0.805,
29/10/1974,0.708,
30/10/1974,0.716,
31/10/1974,0.686,
01/11/1974,0.672,
02/11/1974,0.787,
03/11/1974,1.698,
04/11/1974,1.5,
05/11/1974,1.26,
06/11/1974,1.086,
07/11/1974,0.949,
08/11/1974,0.905,
09/11/1974,1.39,
10/11/1974,3.977,
11/11/1974,3.982,
12/11/1974,2.882,
13/11/1974,11.63,
14/11/1974,7.172,
15/11/1974,3.476,
16/11/1974,2.159,
17/11/1974,1.568,
18/11/1974,1.25,
19/11/1974,1.024,
20/11/1974,1.068,
21/11/1974,1.088,
22/11/1974,1.351,
23/11/1974,3.364,
24/11/1974,3.737,
25/11/1974,2.516,
26/11/1974,1.799,
27/11/1974,1.691,
28/11/1974,1.537,
29/11/1974,1.423,
30/11/1974,1.54,
01/12/1974,1.454,
02/12/1974,2.106,
03/12/1974,1.782,
04/12/1974,1.494,
05/12/1974,1.238,
06/12/1974,1.076,
07/12/1974,0.994,
08/12/1974,1.078,
09/12/1974,1.021,
10/12/1974,2.61,
11/12/1974,2.151,
12/12/1974,1.893,
13/12/1974,1.587,
14/12/1974,1.593,
15/12/1974,1.342,
16/12/1974,2.755,
17/12/1974,2.021,
18/12/1974,1.664,
19/12/1974,1.552,
20/12/1974,4.289,
21/12/1974,7.318,
22/12/1974,6.685,
23/12/1974,3.399,
24/12/1974,2.378,
25/12/1974,3.417,
26/12/1974,4.782,
27/12/1974,3.781,
28/12/1974,3.485,
29/12/1974,3.054,
30/12/1974,2.22,
31/12/1974,1.772,
01/01/1975,1.514,
02/01/1975,1.237,
03/01/1975,1.047,
04/01/1975,0.923,
05/01/1975,0.834,
06/01/1975,1.733,
07/01/1975,1.279,
08/01/1975,1.11,
09/01/1975,1.003,
10/01/1975,0.997,
11/01/1975,1.019,
12/01/1975,2.648,
13/01/1975,2.285,
14/01/1975,2.892,
15/01/1975,2.272,
16/01/1975,2.019,
17/01/1975,2.159,
18/01/1975,1.659,
19/01/1975,4.778,
20/01/1975,3.609,
21/01/1975,4.294,
22/01/1975,11.6,
23/01/1975,3.895,
24/01/1975,3.474,
25/01/1975,5.392,
26/01/1975,3.197,
27/01/1975,2.687,
28/01/1975,3.145,
29/01/1975,2.996,
30/01/1975,4.355,
31/01/1975,5.124,
01/02/1975,2.981,
02/02/1975,1.984,
03/02/1975,1.49,
04/02/1975,1.178,
05/02/1975,0.98,
06/02/1975,0.844,
07/02/1975,0.74,
08/02/1975,0.67,
09/02/1975,0.597,
10/02/1975,0.561,
11/02/1975,0.524,
12/02/1975,0.472,
13/02/1975,0.483,
14/02/1975,0.487,
15/02/1975,0.459,
16/02/1975,0.606,
17/02/1975,0.9,
18/02/1975,0.684,
19/02/1975,0.629,
20/02/1975,0.624,
21/02/1975,0.571,
22/02/1975,0.531,
23/02/1975,0.893,
24/02/1975,0.726,
25/02/1975,0.663,
26/02/1975,0.637,
27/02/1975,0.587,
28/02/1975,0.548,
01/03/1975,0.563,
02/03/1975,0.626,
03/03/1975,0.678,
04/03/1975,0.607,
05/03/1975,0.57,
06/03/1975,0.593,
07/03/1975,0.57,
08/03/1975,0.529,
09/03/1975,0.505,
10/03/1975,1.254,
11/03/1975,1.494,
12/03/1975,1.193,
13/03/1975,1.099,
14/03/1975,0.946,
15/03/1975,0.833,
16/03/1975,0.747,
17/03/1975,0.683,
18/03/1975,0.632,
19/03/1975,0.569,
20/03/1975,0.527,
21/03/1975,1.123,
22/03/1975,0.897,
23/03/1975,0.764,
24/03/1975,0.706,
25/03/1975,0.665,
26/03/1975,0.666,
27/03/1975,0.608,
28/03/1975,0.588,
29/03/1975,0.589,
30/03/1975,0.557,
31/03/1975,0.549,
01/04/1975,0.616,
02/04/1975,0.794,
03/04/1975,0.672,
04/04/1975,0.627,
05/04/1975,0.617,
06/04/1975,0.662,
07/04/1975,0.739,
08/04/1975,0.679,
09/04/1975,0.682,
10/04/1975,0.785,
11/04/1975,0.799,
12/04/1975,0.718,
13/04/1975,0.688,
14/04/1975,1.002,
15/04/1975,0.882,
16/04/1975,0.787,
17/04/1975,0.776,
18/04/1975,0.727,
19/04/1975,0.913,
20/04/1975,0.861,
21/04/1975,0.984,
22/04/1975,0.827,
23/04/1975,0.771,
24/04/1975,0.708,
25/04/1975,0.661,
26/04/1975,0.592,
27/04/1975,0.535,
28/04/1975,0.538,
29/04/1975,0.515,
30/04/1975,0.488,
01/05/1975,2.269,
02/05/1975,1.947,
03/05/1975,1.478,
04/05/1975,1.167,
05/05/1975,0.958,
06/05/1975,0.81,
07/05/1975,0.731,
08/05/1975,0.823,
09/05/1975,0.662,
10/05/1975,0.592,
11/05/1975,0.526,
12/05/1975,0.527,
13/05/1975,0.525,
14/05/1975,0.515,
15/05/1975,0.456,
16/05/1975,0.403,
17/05/1975,0.367,
18/05/1975,0.341,
19/05/1975,0.323,
20/05/1975,0.293,
21/05/1975,0.271,
22/05/1975,0.26,
23/05/1975,0.248,
24/05/1975,0.24,
25/05/1975,0.239,
26/05/1975,0.22,
27/05/1975,0.208,
28/05/1975,0.19,
29/05/1975,0.181,
30/05/1975,0.17,
31/05/1975,0.163,
01/06/1975,0.175,
02/06/1975,0.241,
03/06/1975,0.189,
04/06/1975,0.168,
05/06/1975,0.165,
06/06/1975,0.146,
07/06/1975,0.134,
08/06/1975,0.126,
09/06/1975,0.119,
10/06/1975,0.114,
11/06/1975,0.109,
12/06/1975,0.106,
13/06/1975,0.102,
14/06/1975,0.099,
15/06/1975,0.099,
16/06/1975,0.094,
17/06/1975,0.116,
18/06/1975,0.107,
19/06/1975,0.112,
20/06/1975,0.113,
21/06/1975,0.102,
22/06/1975,0.092,
23/06/1975,0.086,
24/06/1975,0.083,
25/06/1975,0.079,
26/06/1975,0.077,
27/06/1975,0.075,
28/06/1975,0.073,
29/06/1975,0.071,
30/06/1975,0.069,
01/07/1975,0.068,
02/07/1975,0.066,
03/07/1975,0.066,
04/07/1975,0.065,
05/07/1975,0.063,
06/07/1975,0.06,
07/07/1975,0.06,
08/07/1975,0.072,
09/07/1975,0.105,
10/07/1975,0.165,
11/07/1975,0.13,
12/07/1975,0.137,
13/07/1975,0.152,
14/07/1975,0.195,
15/07/1975,0.22,
16/07/1975,0.137,
17/07/1975,0.471,
18/07/1975,0.221,
19/07/1975,0.165,
20/07/1975,0.14,
21/07/1975,0.121,
22/07/1975,0.222,
23/07/1975,0.416,
24/07/1975,0.32,
25/07/1975,0.239,
26/07/1975,0.197,
27/07/1975,0.171,
28/07/1975,0.154,
29/07/1975,0.141,
30/07/1975,0.127,
31/07/1975,0.124,
01/08/1975,0.122,
02/08/1975,0.113,
03/08/1975,0.103,
04/08/1975,0.123,
05/08/1975,0.202,
06/08/1975,0.133,
07/08/1975,0.114,
08/08/1975,0.156,
09/08/1975,0.175,
10/08/1975,0.124,
11/08/1975,0.114,
12/08/1975,0.108,
13/08/1975,0.1,
14/08/1975,0.112,
15/08/1975,0.134,
16/08/1975,0.121,
17/08/1975,0.104,
18/08/1975,0.099,
19/08/1975,0.189,
20/08/1975,0.18,
21/08/1975,0.147,
22/08/1975,0.134,
23/08/1975,0.124,
24/08/1975,0.114,
25/08/1975,0.105,
26/08/1975,0.098,
27/08/1975,0.093,
28/08/1975,0.089,
29/08/1975,0.089,
30/08/1975,0.126,
31/08/1975,0.121,
01/09/1975,0.101,
02/09/1975,0.096,
03/09/1975,0.097,
04/09/1975,0.091,
05/09/1975,0.089,
06/09/1975,0.086,
07/09/1975,0.089,
08/09/1975,0.116,
09/09/1975,0.158,
10/09/1975,0.173,
11/09/1975,0.554,
12/09/1975,0.501,
13/09/1975,0.291,
14/09/1975,0.226,
15/09/1975,0.196,
16/09/1975,0.183,
17/09/1975,0.178,
18/09/1975,0.199,
19/09/1975,0.2,
20/09/1975,0.212,
21/09/1975,0.192,
22/09/1975,0.178,
23/09/1975,0.246,
24/09/1975,2.027,
25/09/1975,4.038,
26/09/1975,1.675,
27/09/1975,2.867,
28/09/1975,1.922,
29/09/1975,1.454,
30/09/1975,1.562,
01/10/1975,2.562,
02/10/1975,3.383,
03/10/1975,2.386,
04/10/1975,2.396,
05/10/1975,1.728,
06/10/1975,1.379,
07/10/1975,1.061,
08/10/1975,0.896,
09/10/1975,0.819,
10/10/1975,0.81,
11/10/1975,0.666,
12/10/1975,0.581,
13/10/1975,0.533,
14/10/1975,0.514,
15/10/1975,0.552,
16/10/1975,0.464,
17/10/1975,0.414,
18/10/1975,0.382,
19/10/1975,0.361,
20/10/1975,0.341,
21/10/1975,0.321,
22/10/1975,0.301,
23/10/1975,0.307,
24/10/1975,0.297,
25/10/1975,0.272,
26/10/1975,0.259,
27/10/1975,0.248,
28/10/1975,0.237,
29/10/1975,0.235,
30/10/1975,0.245,
31/10/1975,0.262,
01/11/1975,0.834,
02/11/1975,0.615,
03/11/1975,0.662,
04/11/1975,0.566,
05/11/1975,0.714,
06/11/1975,0.745,
07/11/1975,0.663,
08/11/1975,0.625,
09/11/1975,0.57,
10/11/1975,0.542,
11/11/1975,0.531,
12/11/1975,0.476,
13/11/1975,0.431,
14/11/1975,0.41,
15/11/1975,1.196,
16/11/1975,1.254,
17/11/1975,0.984,
18/11/1975,0.879,
19/11/1975,0.928,
20/11/1975,0.813,
21/11/1975,0.735,
22/11/1975,0.692,
23/11/1975,1.225,
24/11/1975,1.065,
25/11/1975,1.421,
26/11/1975,1.271,
27/11/1975,2.71,
28/11/1975,1.976,
29/11/1975,1.51,
30/11/1975,1.201,
01/12/1975,11.04,
02/12/1975,6.063,
03/12/1975,2.869,
04/12/1975,1.845,
05/12/1975,1.393,
06/12/1975,1.107,
07/12/1975,0.935,
08/12/1975,0.799,
09/12/1975,0.706,
10/12/1975,0.667,
11/12/1975,0.6,
12/12/1975,0.579,
13/12/1975,0.498,
14/12/1975,0.496,
15/12/1975,0.461,
16/12/1975,0.496,
17/12/1975,0.524,
18/12/1975,0.441,
19/12/1975,0.424,
20/12/1975,0.398,
21/12/1975,0.382,
22/12/1975,0.394,
23/12/1975,0.614,
24/12/1975,0.67,
25/12/1975,0.695,
26/12/1975,0.66,
27/12/1975,0.626,
28/12/1975,0.601,
29/12/1975,0.571,
30/12/1975,0.659,
31/12/1975,2.883,
01/01/1976,6.491,
02/01/1976,11.14,
03/01/1976,4.174,
04/01/1976,3.461,
05/01/1976,2.525,
06/01/1976,1.849,
07/01/1976,1.501,
08/01/1976,1.205,
09/01/1976,1.726,
10/01/1976,2.678,
11/01/1976,2.54,
12/01/1976,1.898,
13/01/1976,1.479,
14/01/1976,1.174,
15/01/1976,0.969,
16/01/1976,0.835,
17/01/1976,0.738,
18/01/1976,0.741,
19/01/1976,0.869,
20/01/1976,1.457,
21/01/1976,1.234,
22/01/1976,1.459,
23/01/1976,1.363,
24/01/1976,1.188,
25/01/1976,1.038,
26/01/1976,1.104,
27/01/1976,1.096,
28/01/1976,0.98,
29/01/1976,0.942,
30/01/1976,0.951,
31/01/1976,0.713,
01/02/1976,0.678,
02/02/1976,0.6,
03/02/1976,0.542,
04/02/1976,0.499,
05/02/1976,0.469,
06/02/1976,0.529,
07/02/1976,0.654,
08/02/1976,1.248,
09/02/1976,1.815,
10/02/1976,1.49,
11/02/1976,1.368,
12/02/1976,4.216,
13/02/1976,2.504,
14/02/1976,1.682,
15/02/1976,1.33,
16/02/1976,1.044,
17/02/1976,0.893,
18/02/1976,0.789,
19/02/1976,0.703,
20/02/1976,0.657,
21/02/1976,0.679,
22/02/1976,0.597,
23/02/1976,0.986,
24/02/1976,0.929,
25/02/1976,0.774,
26/02/1976,0.715,
27/02/1976,0.681,
28/02/1976,0.644,
29/02/1976,0.594,
01/03/1976,0.537,
02/03/1976,0.497,
03/03/1976,0.451,
04/03/1976,0.419,
05/03/1976,0.388,
06/03/1976,0.358,
07/03/1976,0.335,
08/03/1976,0.337,
09/03/1976,0.325,
10/03/1976,0.303,
11/03/1976,0.345,
12/03/1976,0.544,
13/03/1976,0.404,
14/03/1976,0.35,
15/03/1976,0.4,
16/03/1976,0.404,
17/03/1976,0.484,
18/03/1976,0.401,
19/03/1976,0.385,
20/03/1976,0.371,
21/03/1976,0.744,
22/03/1976,0.594,
23/03/1976,0.534,
24/03/1976,1.053,
25/03/1976,2.092,
26/03/1976,1.602,
27/03/1976,1.261,
28/03/1976,1.01,
29/03/1976,0.88,
30/03/1976,0.755,
31/03/1976,0.688,
01/04/1976,0.857,
02/04/1976,0.84,
03/04/1976,0.87,
04/04/1976,0.79,
05/04/1976,0.721,
06/04/1976,0.683,
07/04/1976,0.648,
08/04/1976,0.582,
09/04/1976,0.542,
10/04/1976,0.501,
11/04/1976,0.502,
12/04/1976,0.481,
13/04/1976,0.595,
14/04/1976,0.56,
15/04/1976,0.47,
16/04/1976,0.421,
17/04/1976,0.404,
18/04/1976,0.381,
19/04/1976,0.361,
20/04/1976,0.334,
21/04/1976,0.319,
22/04/1976,0.301,
23/04/1976,0.281,
24/04/1976,0.266,
25/04/1976,0.256,
26/04/1976,0.246,
27/04/1976,0.239,
28/04/1976,0.224,
29/04/1976,0.217,
30/04/1976,0.207,
01/05/1976,0.222,
02/05/1976,0.258,
03/05/1976,0.374,
04/05/1976,0.271,
05/05/1976,0.277,
06/05/1976,0.245,
07/05/1976,0.24,
08/05/1976,0.219,
09/05/1976,0.199,
10/05/1976,0.188,
11/05/1976,0.2,
12/05/1976,0.217,
13/05/1976,0.194,
14/05/1976,0.19,
15/05/1976,0.35,
16/05/1976,0.253,
17/05/1976,0.228,
18/05/1976,0.245,
19/05/1976,0.362,
20/05/1976,0.392,
21/05/1976,0.312,
22/05/1976,0.282,
23/05/1976,0.258,
24/05/1976,0.254,
25/05/1976,0.257,
26/05/1976,0.243,
27/05/1976,0.225,
28/05/1976,0.211,
29/05/1976,0.204,
30/05/1976,0.208,
31/05/1976,0.215,
01/06/1976,0.204,
02/06/1976,0.189,
03/06/1976,0.173,
04/06/1976,0.163,
05/06/1976,0.163,
06/06/1976,0.149,
07/06/1976,0.142,
08/06/1976,0.132,
09/06/1976,0.127,
10/06/1976,0.123,
11/06/1976,0.125,
12/06/1976,0.156,
13/06/1976,0.13,
14/06/1976,0.122,
15/06/1976,0.119,
16/06/1976,0.12,
17/06/1976,0.126,
18/06/1976,0.132,
19/06/1976,0.143,
20/06/1976,0.138,
21/06/1976,0.123,
22/06/1976,0.112,
23/06/1976,0.103,
24/06/1976,0.096,
25/06/1976,0.091,
26/06/1976,0.087,
27/06/1976,0.082,
28/06/1976,0.079,
29/06/1976,0.076,
30/06/1976,0.07,
01/07/1976,0.068,
02/07/1976,0.064,
03/07/1976,0.062,
04/07/1976,0.067,
05/07/1976,0.066,
06/07/1976,0.061,
07/07/1976,0.06,
08/07/1976,0.062,
09/07/1976,0.067,
10/07/1976,0.062,
11/07/1976,0.059,
12/07/1976,0.058,
13/07/1976,0.063,
14/07/1976,0.06,
15/07/1976,0.104,
16/07/1976,0.075,
17/07/1976,0.065,
18/07/1976,0.089,
19/07/1976,0.155,
20/07/1976,0.096,
21/07/1976,0.079,
22/07/1976,0.072,
23/07/1976,0.069,
24/07/1976,0.067,
25/07/1976,0.065,
26/07/1976,0.064,
27/07/1976,0.061,
28/07/1976,0.058,
29/07/1976,0.055,
30/07/1976,0.055,
31/07/1976,0.057,
01/08/1976,0.058,
02/08/1976,0.058,
03/08/1976,0.058,
04/08/1976,0.055,
05/08/1976,0.053,
06/08/1976,0.053,
07/08/1976,0.05,
08/08/1976,0.046,
09/08/1976,0.045,
10/08/1976,0.044,
11/08/1976,0.043,
12/08/1976,0.042,
13/08/1976,0.043,
14/08/1976,0.041,
15/08/1976,0.04,
16/08/1976,0.04,
17/08/1976,0.039,
18/08/1976,0.039,
19/08/1976,0.037,
20/08/1976,0.036,
21/08/1976,0.035,
22/08/1976,0.033,
23/08/1976,0.033,
24/08/1976,0.033,
25/08/1976,0.033,
26/08/1976,0.032,
27/08/1976,0.033,
28/08/1976,0.038,
29/08/1976,0.041,
30/08/1976,0.039,
31/08/1976,0.037,
01/09/1976,0.039,
02/09/1976,0.04,
03/09/1976,0.038,
04/09/1976,0.037,
05/09/1976,0.037,
06/09/1976,0.037,
07/09/1976,0.036,
08/09/1976,0.037,
09/09/1976,0.059,
10/09/1976,0.258,
11/09/1976,0.784,
12/09/1976,0.509,
13/09/1976,0.247,
14/09/1976,0.603,
15/09/1976,0.317,
16/09/1976,0.245,
17/09/1976,0.206,
18/09/1976,0.181,
19/09/1976,0.165,
20/09/1976,0.159,
21/09/1976,0.799,
22/09/1976,1.15,
23/09/1976,0.711,
24/09/1976,0.937,
25/09/1976,4.528,
26/09/1976,4.188,
27/09/1976,2.458,
28/09/1976,2.528,
29/09/1976,2.505,
30/09/1976,2.018,
01/10/1976,1.779,
02/10/1976,1.525,
03/10/1976,1.808,
04/10/1976,1.849,
05/10/1976,3.117,
06/10/1976,2.845,
07/10/1976,2.12,
08/10/1976,1.588,
09/10/1976,1.312,
10/10/1976,1.48,
11/10/1976,1.959,
12/10/1976,1.87,
13/10/1976,1.692,
14/10/1976,5.679,
15/10/1976,5.372,
16/10/1976,2.98,
17/10/1976,2.663,
18/10/1976,2.307,
19/10/1976,1.829,
20/10/1976,1.498,
21/10/1976,1.587,
22/10/1976,1.668,
23/10/1976,2.667,
24/10/1976,2.102,
25/10/1976,1.736,
26/10/1976,1.401,
27/10/1976,1.149,
28/10/1976,0.973,
29/10/1976,0.849,
30/10/1976,0.76,
31/10/1976,0.741,
01/11/1976,1.054,
02/11/1976,1.066,
03/11/1976,0.945,
04/11/1976,0.949,
05/11/1976,1.038,
06/11/1976,1.619,
07/11/1976,1.346,
08/11/1976,1.209,
09/11/1976,1.267,
10/11/1976,1.043,
11/11/1976,0.943,
12/11/1976,0.839,
13/11/1976,0.756,
14/11/1976,0.737,
15/11/1976,0.705,
16/11/1976,0.7,
17/11/1976,0.625,
18/11/1976,0.574,
19/11/1976,0.53,
20/11/1976,0.503,
21/11/1976,0.469,
22/11/1976,0.437,
23/11/1976,0.416,
24/11/1976,0.396,
25/11/1976,0.375,
26/11/1976,0.484,
27/11/1976,0.802,
28/11/1976,1.54,
29/11/1976,2.412,
30/11/1976,1.804,
01/12/1976,1.634,
02/12/1976,1.306,
03/12/1976,1.034,
04/12/1976,0.88,
05/12/1976,0.98,
06/12/1976,2.575,
07/12/1976,4.599,
08/12/1976,3.725,
09/12/1976,2.417,
10/12/1976,1.689,
11/12/1976,1.326,
12/12/1976,1.095,
13/12/1976,0.946,
14/12/1976,0.818,
15/12/1976,0.759,
16/12/1976,0.693,
17/12/1976,0.639,
18/12/1976,0.573,
19/12/1976,0.532,
20/12/1976,0.521,
21/12/1976,0.509,
22/12/1976,0.585,
23/12/1976,0.77,
24/12/1976,0.719,
25/12/1976,0.661,
26/12/1976,0.592,
27/12/1976,0.583,
28/12/1976,0.52,
29/12/1976,0.471,
30/12/1976,0.739,
31/12/1976,0.726,
