1111,3333,6666,jday,mon,day,yr,precip,snofall,snomlt,et,URMD,URLD,UCOM,UTRN,UIDU,AGRC,ORCD,PAST,AGRL,FRSD,FRSE,FRST,RNGE,RNGB,BARR,WETN,WATR,ARha,CMdy,CMeu,FLca,FLeu,GLca,GLdy,GLeu,GLhu,GLmo,HSdy,HSeu,LPca,LPdy,LPha,LVgl,LVha,PZha,PZpi,RGca,slopeBand1,slopeBand2,slopeBand3,water,eBand1,eBand2,eBand3,eBand4,eBand5,eBand6,eBand7,eBand8,eBand9,eBand10,eBand11,oFlow
0,0.95,0,1,1,1,2002,0.179,0.166,0,3.17E-02,0,0.3,0.28,0,0,0.1,0,29.16,0,0.21,7.95,0.25,5.05,37.21,1.39,15.09,0,0,38.74,0,0,0,0,7.79,0,18.86,0,15.66,0,0,0,0,0,0,0,14.99,0,4.88,21.32,70.79,3.01,0,7.3,22.47,27.91,27.94,10.25,3.36,0.56,0.03,0,0,11.68
0,0.95,0,2,1,2,2002,5.69E-02,5.17E-02,6.68E-02,0.309,0,0.3,0.28,0,0,0.1,0,29.16,0,0.21,7.95,0.25,5.05,37.21,1.39,15.09,0,0,38.74,0,0,0,0,7.79,0,18.86,0,15.66,0,0,0,0,0,0,0,14.99,0,4.88,21.32,70.79,3.01,0,7.3,22.47,27.91,27.94,10.25,3.36,0.56,0.03,0,0,10.01
0,0.95,0,3,1,3,2002,0.148,0.105,0.314,0.264,0,0.3,0.28,0,0,0.1,0,29.16,0,0.21,7.95,0.25,5.05,37.21,1.39,15.09,0,0,38.74,0,0,0,0,7.79,0,18.86,0,15.66,0,0,0,0,0,0,0,14.99,0,4.88,21.32,70.79,3.01,0,7.3,22.47,27.91,27.94,10.25,3.36,0.56,0.03,0,0,8.911
0,0.95,0,4,1,4,2002,3.28,3.09,0.711,5.15E-03,0,0.3,0.28,0,0,0.1,0,29.16,0,0.21,7.95,0.25,5.05,37.21,1.39,15.09,0,0,38.74,0,0,0,0,7.79,0,18.86,0,15.66,0,0,0,0,0,0,0,14.99,0,4.88,21.32,70.79,3.01,0,7.3,22.47,27.91,27.94,10.25,3.36,0.56,0.03,0,0,8.119
0,0.95,0,5,1,5,2002,1.95,0,3.58,0,0,0.3,0.28,0,0,0.1,0,29.16,0,0.21,7.95,0.25,5.05,37.21,1.39,15.09,0,0,38.74,0,0,0,0,7.79,0,18.86,0,15.66,0,0,0,0,0,0,0,14.99,0,4.88,21.32,70.79,3.01,0,7.3,22.47,27.91,27.94,10.25,3.36,0.56,0.03,0,0,8.889
0,0.95,0,6,1,6,2002,0.107,0,0,0,0,0.3,0.28,0,0,0.1,0,29.16,0,0.21,7.95,0.25,5.05,37.21,1.39,15.09,0,0,38.74,0,0,0,0,7.79,0,18.86,0,15.66,0,0,0,0,0,0,0,14.99,0,4.88,21.32,70.79,3.01,0,7.3,22.47,27.91,27.94,10.25,3.36,0.56,0.03,0,0,9.027
0,0.95,0,7,1,7,2002,3.16E-02,0,0,3.93E-03,0,0.3,0.28,0,0,0.1,0,29.16,0,0.21,7.95,0.25,5.05,37.21,1.39,15.09,0,0,38.74,0,0,0,0,7.79,0,18.86,0,15.66,0,0,0,0,0,0,0,14.99,0,4.88,21.32,70.79,3.01,0,7.3,22.47,27.91,27.94,10.25,3.36,0.56,0.03,0,0,8.674
0,0.95,0,8,1,8,2002,0,0,0,4.29E-02,0,0.3,0.28,0,0,0.1,0,29.16,0,0.21,7.95,0.25,5.05,37.21,1.39,15.09,0,0,38.74,0,0,0,0,7.79,0,18.86,0,15.66,0,0,0,0,0,0,0,14.99,0,4.88,21.32,70.79,3.01,0,7.3,22.47,27.91,27.94,10.25,3.36,0.56,0.03,0,0,8.173
0,0.95,0,9,1,9,2002,0,0,0,5.86E-03,0,0.3,0.28,0,0,0.1,0,29.16,0,0.21,7.95,0.25,5.05,37.21,1.39,15.09,0,0,38.74,0,0,0,0,7.79,0,18.86,0,15.66,0,0,0,0,0,0,0,14.99,0,4.88,21.32,70.79,3.01,0,7.3,22.47,27.91,27.94,10.25,3.36,0.56,0.03,0,0,6.926
0,0.95,0,10,1,10,2002,0.15,0.12,9.03E-02,8.54E-03,0,0.3,0.28,0,0,0.1,0,29.16,0,0.21,7.95,0.25,5.05,37.21,1.39,15.09,0,0,38.74,0,0,0,0,7.79,0,18.86,0,15.66,0,0,0,0,0,0,0,14.99,0,4.88,21.32,70.79,3.01,0,7.3,22.47,27.91,27.94,10.25,3.36,0.56,0.03,0,0,5.931
0,0.95,0,11,1,11,2002,0.204,0,3.00E-02,2.97E-02,0,0.3,0.28,0,0,0.1,0,29.16,0,0.21,7.95,0.25,5.05,37.21,1.39,15.09,0,0,38.74,0,0,0,0,7.79,0,18.86,0,15.66,0,0,0,0,0,0,0,14.99,0,4.88,21.32,70.79,3.01,0,7.3,22.47,27.91,27.94,10.25,3.36,0.56,0.03,0,0,5.388
0,0.95,0,12,1,12,2002,0.135,0,0,0.141,0,0.3,0.28,0,0,0.1,0,29.16,0,0.21,7.95,0.25,5.05,37.21,1.39,15.09,0,0,38.74,0,0,0,0,7.79,0,18.86,0,15.66,0,0,0,0,0,0,0,14.99,0,4.88,21.32,70.79,3.01,0,7.3,22.47,27.91,27.94,10.25,3.36,0.56,0.03,0,0,4.898
0,0.95,0,13,1,13,2002,2.84,0,0,6.74E-02,0,0.3,0.28,0,0,0.1,0,29.16,0,0.21,7.95,0.25,5.05,37.21,1.39,15.09,0,0,38.74,0,0,0,0,7.79,0,18.86,0,15.66,0,0,0,0,0,0,0,14.99,0,4.88,21.32,70.79,3.01,0,7.3,22.47,27.91,27.94,10.25,3.36,0.56,0.03,0,0,4.644
0,0.95,0,14,1,14,2002,11.3,0,0,7.75E-02,0,0.3,0.28,0,0,0.1,0,29.16,0,0.21,7.95,0.25,5.05,37.21,1.39,15.09,0,0,38.74,0,0,0,0,7.79,0,18.86,0,15.66,0,0,0,0,0,0,0,14.99,0,4.88,21.32,70.79,3.01,0,7.3,22.47,27.91,27.94,10.25,3.36,0.56,0.03,0,0,4.604
0,0.95,0,15,1,15,2002,3.59,0,0,7.66E-02,0,0.3,0.28,0,0,0.1,0,29.16,0,0.21,7.95,0.25,5.05,37.21,1.39,15.09,0,0,38.74,0,0,0,0,7.79,0,18.86,0,15.66,0,0,0,0,0,0,0,14.99,0,4.88,21.32,70.79,3.01,0,7.3,22.47,27.91,27.94,10.25,3.36,0.56,0.03,0,0,5.817
0,0.95,0,16,1,16,2002,16.8,0,0,6.16E-02,0,0.3,0.28,0,0,0.1,0,29.16,0,0.21,7.95,0.25,5.05,37.21,1.39,15.09,0,0,38.74,0,0,0,0,7.79,0,18.86,0,15.66,0,0,0,0,0,0,0,14.99,0,4.88,21.32,70.79,3.01,0,7.3,22.47,27.91,27.94,10.25,3.36,0.56,0.03,0,0,7.063
0,0.95,0,17,1,17,2002,2.5,0,0,0.111,0,0.3,0.28,0,0,0.1,0,29.16,0,0.21,7.95,0.25,5.05,37.21,1.39,15.09,0,0,38.74,0,0,0,0,7.79,0,18.86,0,15.66,0,0,0,0,0,0,0,14.99,0,4.88,21.32,70.79,3.01,0,7.3,22.47,27.91,27.94,10.25,3.36,0.56,0.03,0,0,13.14
0,0.95,0,18,1,18,2002,6.3,0,0,0.141,0,0.3,0.28,0,0,0.1,0,29.16,0,0.21,7.95,0.25,5.05,37.21,1.39,15.09,0,0,38.74,0,0,0,0,7.79,0,18.86,0,15.66,0,0,0,0,0,0,0,14.99,0,4.88,21.32,70.79,3.01,0,7.3,22.47,27.91,27.94,10.25,3.36,0.56,0.03,0,0,13.3
0,0.95,0,19,1,19,2002,12.5,0,0,0.397,0,0.3,0.28,0,0,0.1,0,29.16,0,0.21,7.95,0.25,5.05,37.21,1.39,15.09,0,0,38.74,0,0,0,0,7.79,0,18.86,0,15.66,0,0,0,0,0,0,0,14.99,0,4.88,21.32,70.79,3.01,0,7.3,22.47,27.91,27.94,10.25,3.36,0.56,0.03,0,0,12.76
0,0.95,0,20,1,20,2002,14.1,0,0,0.217,0,0.3,0.28,0,0,0.1,0,29.16,0,0.21,7.95,0.25,5.05,37.21,1.39,15.09,0,0,38.74,0,0,0,0,7.79,0,18.86,0,15.66,0,0,0,0,0,0,0,14.99,0,4.88,21.32,70.79,3.01,0,7.3,22.47,27.91,27.94,10.25,3.36,0.56,0.03,0,0,20.28
0,0.95,0,21,1,21,2002,14.7,0,0,0.203,0,0.3,0.28,0,0,0.1,0,29.16,0,0.21,7.95,0.25,5.05,37.21,1.39,15.09,0,0,38.74,0,0,0,0,7.79,0,18.86,0,15.66,0,0,0,0,0,0,0,14.99,0,4.88,21.32,70.79,3.01,0,7.3,22.47,27.91,27.94,10.25,3.36,0.56,0.03,0,0,25.81
0,0.95,0,22,1,22,2002,11.8,0,0,0.3,0,0.3,0.28,0,0,0.1,0,29.16,0,0.21,7.95,0.25,5.05,37.21,1.39,15.09,0,0,38.74,0,0,0,0,7.79,0,18.86,0,15.66,0,0,0,0,0,0,0,14.99,0,4.88,21.32,70.79,3.01,0,7.3,22.47,27.91,27.94,10.25,3.36,0.56,0.03,0,0,28.49
0,0.95,0,23,1,23,2002,12.5,0,0,0.142,0,0.3,0.28,0,0,0.1,0,29.16,0,0.21,7.95,0.25,5.05,37.21,1.39,15.09,0,0,38.74,0,0,0,0,7.79,0,18.86,0,15.66,0,0,0,0,0,0,0,14.99,0,4.88,21.32,70.79,3.01,0,7.3,22.47,27.91,27.94,10.25,3.36,0.56,0.03,0,0,28.27
0,0.95,0,24,1,24,2002,2.57,0,0,0.245,0,0.3,0.28,0,0,0.1,0,29.16,0,0.21,7.95,0.25,5.05,37.21,1.39,15.09,0,0,38.74,0,0,0,0,7.79,0,18.86,0,15.66,0,0,0,0,0,0,0,14.99,0,4.88,21.32,70.79,3.01,0,7.3,22.47,27.91,27.94,10.25,3.36,0.56,0.03,0,0,30.49
0,0.95,0,25,1,25,2002,40.9,0,0,0.163,0,0.3,0.28,0,0,0.1,0,29.16,0,0.21,7.95,0.25,5.05,37.21,1.39,15.09,0,0,38.74,0,0,0,0,7.79,0,18.86,0,15.66,0,0,0,0,0,0,0,14.99,0,4.88,21.32,70.79,3.01,0,7.3,22.47,27.91,27.94,10.25,3.36,0.56,0.03,0,0,27.74
0,0.95,0,26,1,26,2002,5.57,0,0,0.44,0,0.3,0.28,0,0,0.1,0,29.16,0,0.21,7.95,0.25,5.05,37.21,1.39,15.09,0,0,38.74,0,0,0,0,7.79,0,18.86,0,15.66,0,0,0,0,0,0,0,14.99,0,4.88,21.32,70.79,3.01,0,7.3,22.47,27.91,27.94,10.25,3.36,0.56,0.03,0,0,44.63
0,0.95,0,27,1,27,2002,23.7,0,0,0.19,0,0.3,0.28,0,0,0.1,0,29.16,0,0.21,7.95,0.25,5.05,37.21,1.39,15.09,0,0,38.74,0,0,0,0,7.79,0,18.86,0,15.66,0,0,0,0,0,0,0,14.99,0,4.88,21.32,70.79,3.01,0,7.3,22.47,27.91,27.94,10.25,3.36,0.56,0.03,0,0,52.59
0,0.95,0,28,1,28,2002,2.2,0,0,0.683,0,0.3,0.28,0,0,0.1,0,29.16,0,0.21,7.95,0.25,5.05,37.21,1.39,15.09,0,0,38.74,0,0,0,0,7.79,0,18.86,0,15.66,0,0,0,0,0,0,0,14.99,0,4.88,21.32,70.79,3.01,0,7.3,22.47,27.91,27.94,10.25,3.36,0.56,0.03,0,0,44.8
0,0.95,0,29,1,29,2002,11.3,0,0,0.428,0,0.3,0.28,0,0,0.1,0,29.16,0,0.21,7.95,0.25,5.05,37.21,1.39,15.09,0,0,38.74,0,0,0,0,7.79,0,18.86,0,15.66,0,0,0,0,0,0,0,14.99,0,4.88,21.32,70.79,3.01,0,7.3,22.47,27.91,27.94,10.25,3.36,0.56,0.03,0,0,38.13
0,0.95,0,30,1,30,2002,13.3,0,0,0.182,0,0.3,0.28,0,0,0.1,0,29.16,0,0.21,7.95,0.25,5.05,37.21,1.39,15.09,0,0,38.74,0,0,0,0,7.79,0,18.86,0,15.66,0,0,0,0,0,0,0,14.99,0,4.88,21.32,70.79,3.01,0,7.3,22.47,27.91,27.94,10.25,3.36,0.56,0.03,0,0,33.12
0,0.95,0,31,1,31,2002,33.5,0,0,0.25,0,0.3,0.28,0,0,0.1,0,29.16,0,0.21,7.95,0.25,5.05,37.21,1.39,15.09,0,0,38.74,0,0,0,0,7.79,0,18.86,0,15.66,0,0,0,0,0,0,0,14.99,0,4.88,21.32,70.79,3.01,0,7.3,22.47,27.91,27.94,10.25,3.36,0.56,0.03,0,0,38.07
0,0.95,0,32,2,1,2002,59,0,0,0.239,0,0.3,0.28,0,0,0.1,0,29.16,0,0.21,7.95,0.25,5.05,37.21,1.39,15.09,0,0,38.74,0,0,0,0,7.79,0,18.86,0,15.66,0,0,0,0,0,0,0,14.99,0,4.88,21.32,70.79,3.01,0,7.3,22.47,27.91,27.94,10.25,3.36,0.56,0.03,0,0,61.31
0,0.95,0,33,2,2,2002,21.9,0,0,0.232,0,0.3,0.28,0,0,0.1,0,29.16,0,0.21,7.95,0.25,5.05,37.21,1.39,15.09,0,0,38.74,0,0,0,0,7.79,0,18.86,0,15.66,0,0,0,0,0,0,0,14.99,0,4.88,21.32,70.79,3.01,0,7.3,22.47,27.91,27.94,10.25,3.36,0.56,0.03,0,0,87.34
0,0.95,0,34,2,3,2002,5.01,0,0,0.37,0,0.3,0.28,0,0,0.1,0,29.16,0,0.21,7.95,0.25,5.05,37.21,1.39,15.09,0,0,38.74,0,0,0,0,7.79,0,18.86,0,15.66,0,0,0,0,0,0,0,14.99,0,4.88,21.32,70.79,3.01,0,7.3,22.47,27.91,27.94,10.25,3.36,0.56,0.03,0,0,76.54
0,0.95,0,35,2,4,2002,27.7,0,0,0.206,0,0.3,0.28,0,0,0.1,0,29.16,0,0.21,7.95,0.25,5.05,37.21,1.39,15.09,0,0,38.74,0,0,0,0,7.79,0,18.86,0,15.66,0,0,0,0,0,0,0,14.99,0,4.88,21.32,70.79,3.01,0,7.3,22.47,27.91,27.94,10.25,3.36,0.56,0.03,0,0,53.39
0,0.95,0,36,2,5,2002,13.6,0,0,0.334,0,0.3,0.28,0,0,0.1,0,29.16,0,0.21,7.95,0.25,5.05,37.21,1.39,15.09,0,0,38.74,0,0,0,0,7.79,0,18.86,0,15.66,0,0,0,0,0,0,0,14.99,0,4.88,21.32,70.79,3.01,0,7.3,22.47,27.91,27.94,10.25,3.36,0.56,0.03,0,0,56.23
0,0.95,0,37,2,6,2002,4.67,0,0,0.342,0,0.3,0.28,0,0,0.1,0,29.16,0,0.21,7.95,0.25,5.05,37.21,1.39,15.09,0,0,38.74,0,0,0,0,7.79,0,18.86,0,15.66,0,0,0,0,0,0,0,14.99,0,4.88,21.32,70.79,3.01,0,7.3,22.47,27.91,27.94,10.25,3.36,0.56,0.03,0,0,47.86
0,0.95,0,38,2,7,2002,11.3,0,0,0.155,0,0.3,0.28,0,0,0.1,0,29.16,0,0.21,7.95,0.25,5.05,37.21,1.39,15.09,0,0,38.74,0,0,0,0,7.79,0,18.86,0,15.66,0,0,0,0,0,0,0,14.99,0,4.88,21.32,70.79,3.01,0,7.3,22.47,27.91,27.94,10.25,3.36,0.56,0.03,0,0,37.78
0,0.95,0,39,2,8,2002,27.7,0,0,0.171,0,0.3,0.28,0,0,0.1,0,29.16,0,0.21,7.95,0.25,5.05,37.21,1.39,15.09,0,0,38.74,0,0,0,0,7.79,0,18.86,0,15.66,0,0,0,0,0,0,0,14.99,0,4.88,21.32,70.79,3.01,0,7.3,22.47,27.91,27.94,10.25,3.36,0.56,0.03,0,0,37.42
0,0.95,0,40,2,9,2002,10.6,0,0,0.483,0,0.3,0.28,0,0,0.1,0,29.16,0,0.21,7.95,0.25,5.05,37.21,1.39,15.09,0,0,38.74,0,0,0,0,7.79,0,18.86,0,15.66,0,0,0,0,0,0,0,14.99,0,4.88,21.32,70.79,3.01,0,7.3,22.47,27.91,27.94,10.25,3.36,0.56,0.03,0,0,53.61
0,0.95,0,41,2,10,2002,76.5,0,0,0.294,0,0.3,0.28,0,0,0.1,0,29.16,0,0.21,7.95,0.25,5.05,37.21,1.39,15.09,0,0,38.74,0,0,0,0,7.79,0,18.86,0,15.66,0,0,0,0,0,0,0,14.99,0,4.88,21.32,70.79,3.01,0,7.3,22.47,27.91,27.94,10.25,3.36,0.56,0.03,0,0,57.7
0,0.95,0,42,2,11,2002,1.38,0,0,0.386,0,0.3,0.28,0,0,0.1,0,29.16,0,0.21,7.95,0.25,5.05,37.21,1.39,15.09,0,0,38.74,0,0,0,0,7.79,0,18.86,0,15.66,0,0,0,0,0,0,0,14.99,0,4.88,21.32,70.79,3.01,0,7.3,22.47,27.91,27.94,10.25,3.36,0.56,0.03,0,0,102.9
0,0.95,0,43,2,12,2002,1.84,0,0,0.631,0,0.3,0.28,0,0,0.1,0,29.16,0,0.21,7.95,0.25,5.05,37.21,1.39,15.09,0,0,38.74,0,0,0,0,7.79,0,18.86,0,15.66,0,0,0,0,0,0,0,14.99,0,4.88,21.32,70.79,3.01,0,7.3,22.47,27.91,27.94,10.25,3.36,0.56,0.03,0,0,67.19
0,0.95,0,44,2,13,2002,0.912,0,0,0.245,0,0.3,0.28,0,0,0.1,0,29.16,0,0.21,7.95,0.25,5.05,37.21,1.39,15.09,0,0,38.74,0,0,0,0,7.79,0,18.86,0,15.66,0,0,0,0,0,0,0,14.99,0,4.88,21.32,70.79,3.01,0,7.3,22.47,27.91,27.94,10.25,3.36,0.56,0.03,0,0,43.48
0,0.95,0,45,2,14,2002,4.96E-02,8.14E-03,8.14E-03,0.189,0,0.3,0.28,0,0,0.1,0,29.16,0,0.21,7.95,0.25,5.05,37.21,1.39,15.09,0,0,38.74,0,0,0,0,7.79,0,18.86,0,15.66,0,0,0,0,0,0,0,14.99,0,4.88,21.32,70.79,3.01,0,7.3,22.47,27.91,27.94,10.25,3.36,0.56,0.03,0,0,32.42
0,0.95,0,46,2,15,2002,4.30E-02,0,0,9.45E-02,0,0.3,0.28,0,0,0.1,0,29.16,0,0.21,7.95,0.25,5.05,37.21,1.39,15.09,0,0,38.74,0,0,0,0,7.79,0,18.86,0,15.66,0,0,0,0,0,0,0,14.99,0,4.88,21.32,70.79,3.01,0,7.3,22.47,27.91,27.94,10.25,3.36,0.56,0.03,0,0,26.54
0,0.95,0,47,2,16,2002,0,0,0,4.77E-02,0,0.3,0.28,0,0,0.1,0,29.16,0,0.21,7.95,0.25,5.05,37.21,1.39,15.09,0,0,38.74,0,0,0,0,7.79,0,18.86,0,15.66,0,0,0,0,0,0,0,14.99,0,4.88,21.32,70.79,3.01,0,7.3,22.47,27.91,27.94,10.25,3.36,0.56,0.03,0,0,23.32
0,0.95,0,48,2,17,2002,1.53,0,0,0.106,0,0.3,0.28,0,0,0.1,0,29.16,0,0.21,7.95,0.25,5.05,37.21,1.39,15.09,0,0,38.74,0,0,0,0,7.79,0,18.86,0,15.66,0,0,0,0,0,0,0,14.99,0,4.88,21.32,70.79,3.01,0,7.3,22.47,27.91,27.94,10.25,3.36,0.56,0.03,0,0,21.44
0,0.95,0,49,2,18,2002,22.8,0,0,0.292,0,0.3,0.28,0,0,0.1,0,29.16,0,0.21,7.95,0.25,5.05,37.21,1.39,15.09,0,0,38.74,0,0,0,0,7.79,0,18.86,0,15.66,0,0,0,0,0,0,0,14.99,0,4.88,21.32,70.79,3.01,0,7.3,22.47,27.91,27.94,10.25,3.36,0.56,0.03,0,0,19.2
0,0.95,0,50,2,19,2002,51.2,0,0,6.76E-02,0,0.3,0.28,0,0,0.1,0,29.16,0,0.21,7.95,0.25,5.05,37.21,1.39,15.09,0,0,38.74,0,0,0,0,7.79,0,18.86,0,15.66,0,0,0,0,0,0,0,14.99,0,4.88,21.32,70.79,3.01,0,7.3,22.47,27.91,27.94,10.25,3.36,0.56,0.03,0,0,30.07
0,0.95,0,51,2,20,2002,2.73,0,0,0.292,0,0.3,0.28,0,0,0.1,0,29.16,0,0.21,7.95,0.25,5.05,37.21,1.39,15.09,0,0,38.74,0,0,0,0,7.79,0,18.86,0,15.66,0,0,0,0,0,0,0,14.99,0,4.88,21.32,70.79,3.01,0,7.3,22.47,27.91,27.94,10.25,3.36,0.56,0.03,0,0,49.72
0,0.95,0,52,2,21,2002,29.4,0,0,0.195,0,0.3,0.28,0,0,0.1,0,29.16,0,0.21,7.95,0.25,5.05,37.21,1.39,15.09,0,0,38.74,0,0,0,0,7.79,0,18.86,0,15.66,0,0,0,0,0,0,0,14.99,0,4.88,21.32,70.79,3.01,0,7.3,22.47,27.91,27.94,10.25,3.36,0.56,0.03,0,0,49.85
0,0.95,0,53,2,22,2002,6.54,0,0,0.328,0,0.3,0.28,0,0,0.1,0,29.16,0,0.21,7.95,0.25,5.05,37.21,1.39,15.09,0,0,38.74,0,0,0,0,7.79,0,18.86,0,15.66,0,0,0,0,0,0,0,14.99,0,4.88,21.32,70.79,3.01,0,7.3,22.47,27.91,27.94,10.25,3.36,0.56,0.03,0,0,49.91
0,0.95,0,54,2,23,2002,2.51,0,0,0.34,0,0.3,0.28,0,0,0.1,0,29.16,0,0.21,7.95,0.25,5.05,37.21,1.39,15.09,0,0,38.74,0,0,0,0,7.79,0,18.86,0,15.66,0,0,0,0,0,0,0,14.99,0,4.88,21.32,70.79,3.01,0,7.3,22.47,27.91,27.94,10.25,3.36,0.56,0.03,0,0,39.54
0,0.95,0,55,2,24,2002,36.1,0,0,9.27E-02,0,0.3,0.28,0,0,0.1,0,29.16,0,0.21,7.95,0.25,5.05,37.21,1.39,15.09,0,0,38.74,0,0,0,0,7.79,0,18.86,0,15.66,0,0,0,0,0,0,0,14.99,0,4.88,21.32,70.79,3.01,0,7.3,22.47,27.91,27.94,10.25,3.36,0.56,0.03,0,0,32.18
0,0.95,0,56,2,25,2002,58.8,0,0,0.102,0,0.3,0.28,0,0,0.1,0,29.16,0,0.21,7.95,0.25,5.05,37.21,1.39,15.09,0,0,38.74,0,0,0,0,7.79,0,18.86,0,15.66,0,0,0,0,0,0,0,14.99,0,4.88,21.32,70.79,3.01,0,7.3,22.47,27.91,27.94,10.25,3.36,0.56,0.03,0,0,58.49
0,0.95,0,57,2,26,2002,4.57,0,0,0.583,0,0.3,0.28,0,0,0.1,0,29.16,0,0.21,7.95,0.25,5.05,37.21,1.39,15.09,0,0,38.74,0,0,0,0,7.79,0,18.86,0,15.66,0,0,0,0,0,0,0,14.99,0,4.88,21.32,70.79,3.01,0,7.3,22.47,27.91,27.94,10.25,3.36,0.56,0.03,0,0,92.41
0,0.95,0,58,2,27,2002,8.01,0,0,0.717,0,0.3,0.28,0,0,0.1,0,29.16,0,0.21,7.95,0.25,5.05,37.21,1.39,15.09,0,0,38.74,0,0,0,0,7.79,0,18.86,0,15.66,0,0,0,0,0,0,0,14.99,0,4.88,21.32,70.79,3.01,0,7.3,22.47,27.91,27.94,10.25,3.36,0.56,0.03,0,0,64.47
0,0.95,0,59,2,28,2002,0.106,0,0,0.278,0,0.3,0.28,0,0,0.1,0,29.16,0,0.21,7.95,0.25,5.05,37.21,1.39,15.09,0,0,38.74,0,0,0,0,7.79,0,18.86,0,15.66,0,0,0,0,0,0,0,14.99,0,4.88,21.32,70.79,3.01,0,7.3,22.47,27.91,27.94,10.25,3.36,0.56,0.03,0,0,41.88
0,0.95,0,60,3,1,2002,3.31E-02,1.40E-03,1.40E-03,0.371,0,0.3,0.28,0,0,0.1,0,29.16,0,0.21,7.95,0.25,5.05,37.21,1.39,15.09,0,0,38.74,0,0,0,0,7.79,0,18.86,0,15.66,0,0,0,0,0,0,0,14.99,0,4.88,21.32,70.79,3.01,0,7.3,22.47,27.91,27.94,10.25,3.36,0.56,0.03,0,0,30.61
0,0.95,0,61,3,2,2002,1.09,0,0,0.128,0,0.3,0.28,0,0,0.1,0,29.16,0,0.21,7.95,0.25,5.05,37.21,1.39,15.09,0,0,38.74,0,0,0,0,7.79,0,18.86,0,15.66,0,0,0,0,0,0,0,14.99,0,4.88,21.32,70.79,3.01,0,7.3,22.47,27.91,27.94,10.25,3.36,0.56,0.03,0,0,24.78
0,0.95,0,62,3,3,2002,2.91E-03,0,0,8.74E-02,0,0.3,0.28,0,0,0.1,0,29.16,0,0.21,7.95,0.25,5.05,37.21,1.39,15.09,0,0,38.74,0,0,0,0,7.79,0,18.86,0,15.66,0,0,0,0,0,0,0,14.99,0,4.88,21.32,70.79,3.01,0,7.3,22.47,27.91,27.94,10.25,3.36,0.56,0.03,0,0,21.44
0,0.95,0,63,3,4,2002,0.508,0,0,0.147,0,0.3,0.28,0,0,0.1,0,29.16,0,0.21,7.95,0.25,5.05,37.21,1.39,15.09,0,0,38.74,0,0,0,0,7.79,0,18.86,0,15.66,0,0,0,0,0,0,0,14.99,0,4.88,21.32,70.79,3.01,0,7.3,22.47,27.91,27.94,10.25,3.36,0.56,0.03,0,0,16.82
0,0.95,0,64,3,5,2002,13.9,0,0,0.448,0,0.3,0.28,0,0,0.1,0,29.16,0,0.21,7.95,0.25,5.05,37.21,1.39,15.09,0,0,38.74,0,0,0,0,7.79,0,18.86,0,15.66,0,0,0,0,0,0,0,14.99,0,4.88,21.32,70.79,3.01,0,7.3,22.47,27.91,27.94,10.25,3.36,0.56,0.03,0,0,13.91
0,0.95,0,65,3,6,2002,5.31,0,0,0.228,0,0.3,0.28,0,0,0.1,0,29.16,0,0.21,7.95,0.25,5.05,37.21,1.39,15.09,0,0,38.74,0,0,0,0,7.79,0,18.86,0,15.66,0,0,0,0,0,0,0,14.99,0,4.88,21.32,70.79,3.01,0,7.3,22.47,27.91,27.94,10.25,3.36,0.56,0.03,0,0,14.13
0,0.95,0,66,3,7,2002,0.192,0,0,0.69,0,0.3,0.28,0,0,0.1,0,29.16,0,0.21,7.95,0.25,5.05,37.21,1.39,15.09,0,0,38.74,0,0,0,0,7.79,0,18.86,0,15.66,0,0,0,0,0,0,0,14.99,0,4.88,21.32,70.79,3.01,0,7.3,22.47,27.91,27.94,10.25,3.36,0.56,0.03,0,0,12.35
0,0.95,0,67,3,8,2002,6.13,0,0,0.182,0,0.3,0.28,0,0,0.1,0,29.16,0,0.21,7.95,0.25,5.05,37.21,1.39,15.09,0,0,38.74,0,0,0,0,7.79,0,18.86,0,15.66,0,0,0,0,0,0,0,14.99,0,4.88,21.32,70.79,3.01,0,7.3,22.47,27.91,27.94,10.25,3.36,0.56,0.03,0,0,11.83
0,0.95,0,68,3,9,2002,11,0,0,0.214,0,0.3,0.28,0,0,0.1,0,29.16,0,0.21,7.95,0.25,5.05,37.21,1.39,15.09,0,0,38.74,0,0,0,0,7.79,0,18.86,0,15.66,0,0,0,0,0,0,0,14.99,0,4.88,21.32,70.79,3.01,0,7.3,22.47,27.91,27.94,10.25,3.36,0.56,0.03,0,0,13.31
0,0.95,0,69,3,10,2002,17.6,0,0,0.243,0,0.3,0.28,0,0,0.1,0,29.16,0,0.21,7.95,0.25,5.05,37.21,1.39,15.09,0,0,38.74,0,0,0,0,7.79,0,18.86,0,15.66,0,0,0,0,0,0,0,14.99,0,4.88,21.32,70.79,3.01,0,7.3,22.47,27.91,27.94,10.25,3.36,0.56,0.03,0,0,18.15
0,0.95,0,70,3,11,2002,3.34,0,0,0.445,0,0.3,0.28,0,0,0.1,0,29.16,0,0.21,7.95,0.25,5.05,37.21,1.39,15.09,0,0,38.74,0,0,0,0,7.79,0,18.86,0,15.66,0,0,0,0,0,0,0,14.99,0,4.88,21.32,70.79,3.01,0,7.3,22.47,27.91,27.94,10.25,3.36,0.56,0.03,0,0,24.65
0,0.95,0,71,3,12,2002,2.91E-03,0,0,0.389,0,0.3,0.28,0,0,0.1,0,29.16,0,0.21,7.95,0.25,5.05,37.21,1.39,15.09,0,0,38.74,0,0,0,0,7.79,0,18.86,0,15.66,0,0,0,0,0,0,0,14.99,0,4.88,21.32,70.79,3.01,0,7.3,22.47,27.91,27.94,10.25,3.36,0.56,0.03,0,0,22.22
0,0.95,0,72,3,13,2002,3.16E-02,0,0,0.748,0,0.3,0.28,0,0,0.1,0,29.16,0,0.21,7.95,0.25,5.05,37.21,1.39,15.09,0,0,38.74,0,0,0,0,7.79,0,18.86,0,15.66,0,0,0,0,0,0,0,14.99,0,4.88,21.32,70.79,3.01,0,7.3,22.47,27.91,27.94,10.25,3.36,0.56,0.03,0,0,17.92
0,0.95,0,73,3,14,2002,2.8,0,0,0.675,0,0.3,0.28,0,0,0.1,0,29.16,0,0.21,7.95,0.25,5.05,37.21,1.39,15.09,0,0,38.74,0,0,0,0,7.79,0,18.86,0,15.66,0,0,0,0,0,0,0,14.99,0,4.88,21.32,70.79,3.01,0,7.3,22.47,27.91,27.94,10.25,3.36,0.56,0.03,0,0,15.19
0,0.95,0,74,3,15,2002,2.25,0,0,0.126,0,0.3,0.28,0,0,0.1,0,29.16,0,0.21,7.95,0.25,5.05,37.21,1.39,15.09,0,0,38.74,0,0,0,0,7.79,0,18.86,0,15.66,0,0,0,0,0,0,0,14.99,0,4.88,21.32,70.79,3.01,0,7.3,22.47,27.91,27.94,10.25,3.36,0.56,0.03,0,0,13.98
0,0.95,0,75,3,16,2002,1.27,0,0,0.304,0,0.3,0.28,0,0,0.1,0,29.16,0,0.21,7.95,0.25,5.05,37.21,1.39,15.09,0,0,38.74,0,0,0,0,7.79,0,18.86,0,15.66,0,0,0,0,0,0,0,14.99,0,4.88,21.32,70.79,3.01,0,7.3,22.47,27.91,27.94,10.25,3.36,0.56,0.03,0,0,12.18
0,0.95,0,76,3,17,2002,2.74,0,0,0.214,0,0.3,0.28,0,0,0.1,0,29.16,0,0.21,7.95,0.25,5.05,37.21,1.39,15.09,0,0,38.74,0,0,0,0,7.79,0,18.86,0,15.66,0,0,0,0,0,0,0,14.99,0,4.88,21.32,70.79,3.01,0,7.3,22.47,27.91,27.94,10.25,3.36,0.56,0.03,0,0,10.67
0,0.95,0,77,3,18,2002,7.21,0,0,0.101,0,0.3,0.28,0,0,0.1,0,29.16,0,0.21,7.95,0.25,5.05,37.21,1.39,15.09,0,0,38.74,0,0,0,0,7.79,0,18.86,0,15.66,0,0,0,0,0,0,0,14.99,0,4.88,21.32,70.79,3.01,0,7.3,22.47,27.91,27.94,10.25,3.36,0.56,0.03,0,0,10.93
0,0.95,0,78,3,19,2002,2.09,0,0,0.305,0,0.3,0.28,0,0,0.1,0,29.16,0,0.21,7.95,0.25,5.05,37.21,1.39,15.09,0,0,38.74,0,0,0,0,7.79,0,18.86,0,15.66,0,0,0,0,0,0,0,14.99,0,4.88,21.32,70.79,3.01,0,7.3,22.47,27.91,27.94,10.25,3.36,0.56,0.03,0,0,11.03
0,0.95,0,79,3,20,2002,3.62,0,0,0.429,0,0.3,0.28,0,0,0.1,0,29.16,0,0.21,7.95,0.25,5.05,37.21,1.39,15.09,0,0,38.74,0,0,0,0,7.79,0,18.86,0,15.66,0,0,0,0,0,0,0,14.99,0,4.88,21.32,70.79,3.01,0,7.3,22.47,27.91,27.94,10.25,3.36,0.56,0.03,0,0,9.93
0,0.95,0,80,3,21,2002,0.527,0,0,0.712,0,0.3,0.28,0,0,0.1,0,29.16,0,0.21,7.95,0.25,5.05,37.21,1.39,15.09,0,0,38.74,0,0,0,0,7.79,0,18.86,0,15.66,0,0,0,0,0,0,0,14.99,0,4.88,21.32,70.79,3.01,0,7.3,22.47,27.91,27.94,10.25,3.36,0.56,0.03,0,0,6.317
0,0.95,0,81,3,22,2002,1.55E-02,0,0,0.17,0,0.3,0.28,0,0,0.1,0,29.16,0,0.21,7.95,0.25,5.05,37.21,1.39,15.09,0,0,38.74,0,0,0,0,7.79,0,18.86,0,15.66,0,0,0,0,0,0,0,14.99,0,4.88,21.32,70.79,3.01,0,7.3,22.47,27.91,27.94,10.25,3.36,0.56,0.03,0,0,5.731
0,0.95,0,82,3,23,2002,0,0,0,0.417,0,0.3,0.28,0,0,0.1,0,29.16,0,0.21,7.95,0.25,5.05,37.21,1.39,15.09,0,0,38.74,0,0,0,0,7.79,0,18.86,0,15.66,0,0,0,0,0,0,0,14.99,0,4.88,21.32,70.79,3.01,0,7.3,22.47,27.91,27.94,10.25,3.36,0.56,0.03,0,0,5.846
0,0.95,0,83,3,24,2002,2.90E-02,0,0,0.667,0,0.3,0.28,0,0,0.1,0,29.16,0,0.21,7.95,0.25,5.05,37.21,1.39,15.09,0,0,38.74,0,0,0,0,7.79,0,18.86,0,15.66,0,0,0,0,0,0,0,14.99,0,4.88,21.32,70.79,3.01,0,7.3,22.47,27.91,27.94,10.25,3.36,0.56,0.03,0,0,5.935
0,0.95,0,84,3,25,2002,0.311,0,0,0.238,0,0.3,0.28,0,0,0.1,0,29.16,0,0.21,7.95,0.25,5.05,37.21,1.39,15.09,0,0,38.74,0,0,0,0,7.79,0,18.86,0,15.66,0,0,0,0,0,0,0,14.99,0,4.88,21.32,70.79,3.01,0,7.3,22.47,27.91,27.94,10.25,3.36,0.56,0.03,0,0,6.024
0,0.95,0,85,3,26,2002,0,0,0,0.699,0,0.3,0.28,0,0,0.1,0,29.16,0,0.21,7.95,0.25,5.05,37.21,1.39,15.09,0,0,38.74,0,0,0,0,7.79,0,18.86,0,15.66,0,0,0,0,0,0,0,14.99,0,4.88,21.32,70.79,3.01,0,7.3,22.47,27.91,27.94,10.25,3.36,0.56,0.03,0,0,4.626
0,0.95,0,86,3,27,2002,6.01E-03,0,0,0.729,0,0.3,0.28,0,0,0.1,0,29.16,0,0.21,7.95,0.25,5.05,37.21,1.39,15.09,0,0,38.74,0,0,0,0,7.79,0,18.86,0,15.66,0,0,0,0,0,0,0,14.99,0,4.88,21.32,70.79,3.01,0,7.3,22.47,27.91,27.94,10.25,3.36,0.56,0.03,0,0,2.488
0,0.95,0,87,3,28,2002,3.69E-02,0,0,0.772,0,0.3,0.28,0,0,0.1,0,29.16,0,0.21,7.95,0.25,5.05,37.21,1.39,15.09,0,0,38.74,0,0,0,0,7.79,0,18.86,0,15.66,0,0,0,0,0,0,0,14.99,0,4.88,21.32,70.79,3.01,0,7.3,22.47,27.91,27.94,10.25,3.36,0.56,0.03,0,0,2.494
0,0.95,0,88,3,29,2002,0,0,0,0.766,0,0.3,0.28,0,0,0.1,0,29.16,0,0.21,7.95,0.25,5.05,37.21,1.39,15.09,0,0,38.74,0,0,0,0,7.79,0,18.86,0,15.66,0,0,0,0,0,0,0,14.99,0,4.88,21.32,70.79,3.01,0,7.3,22.47,27.91,27.94,10.25,3.36,0.56,0.03,0,0,2.462
0,0.95,0,89,3,30,2002,4.65,0,0,0.848,0,0.3,0.28,0,0,0.1,0,29.16,0,0.21,7.95,0.25,5.05,37.21,1.39,15.09,0,0,38.74,0,0,0,0,7.79,0,18.86,0,15.66,0,0,0,0,0,0,0,14.99,0,4.88,21.32,70.79,3.01,0,7.3,22.47,27.91,27.94,10.25,3.36,0.56,0.03,0,0,2.49
0,0.95,0,90,3,31,2002,6.53,0,0,0.165,0,0.3,0.28,0,0,0.1,0,29.16,0,0.21,7.95,0.25,5.05,37.21,1.39,15.09,0,0,38.74,0,0,0,0,7.79,0,18.86,0,15.66,0,0,0,0,0,0,0,14.99,0,4.88,21.32,70.79,3.01,0,7.3,22.47,27.91,27.94,10.25,3.36,0.56,0.03,0,0,3.256
0,0.95,0,91,4,1,2002,3.6,0,0,0.245,0,0.3,0.28,0,0,0.1,0,29.16,0,0.21,7.95,0.25,5.05,37.21,1.39,15.09,0,0,38.74,0,0,0,0,7.79,0,18.86,0,15.66,0,0,0,0,0,0,0,14.99,0,4.88,21.32,70.79,3.01,0,7.3,22.47,27.91,27.94,10.25,3.36,0.56,0.03,0,0,5.585
0,0.95,0,92,4,2,2002,3.91,0,0,0.327,0,0.3,0.28,0,0,0.1,0,29.16,0,0.21,7.95,0.25,5.05,37.21,1.39,15.09,0,0,38.74,0,0,0,0,7.79,0,18.86,0,15.66,0,0,0,0,0,0,0,14.99,0,4.88,21.32,70.79,3.01,0,7.3,22.47,27.91,27.94,10.25,3.36,0.56,0.03,0,0,6.604
0,0.95,0,93,4,3,2002,3.6,0,0,0.242,0,0.3,0.28,0,0,0.1,0,29.16,0,0.21,7.95,0.25,5.05,37.21,1.39,15.09,0,0,38.74,0,0,0,0,7.79,0,18.86,0,15.66,0,0,0,0,0,0,0,14.99,0,4.88,21.32,70.79,3.01,0,7.3,22.47,27.91,27.94,10.25,3.36,0.56,0.03,0,0,5.464
0,0.95,0,94,4,4,2002,5.77E-02,0,0,0.461,0,0.3,0.28,0,0,0.1,0,29.16,0,0.21,7.95,0.25,5.05,37.21,1.39,15.09,0,0,38.74,0,0,0,0,7.79,0,18.86,0,15.66,0,0,0,0,0,0,0,14.99,0,4.88,21.32,70.79,3.01,0,7.3,22.47,27.91,27.94,10.25,3.36,0.56,0.03,0,0,5.281
0,0.95,0,95,4,5,2002,0,0,0,1.08,0,0.3,0.28,0,0,0.1,0,29.16,0,0.21,7.95,0.25,5.05,37.21,1.39,15.09,0,0,38.74,0,0,0,0,7.79,0,18.86,0,15.66,0,0,0,0,0,0,0,14.99,0,4.88,21.32,70.79,3.01,0,7.3,22.47,27.91,27.94,10.25,3.36,0.56,0.03,0,0,3.551
0,0.95,0,96,4,6,2002,0,0,0,1.43,0,0.3,0.28,0,0,0.1,0,29.16,0,0.21,7.95,0.25,5.05,37.21,1.39,15.09,0,0,38.74,0,0,0,0,7.79,0,18.86,0,15.66,0,0,0,0,0,0,0,14.99,0,4.88,21.32,70.79,3.01,0,7.3,22.47,27.91,27.94,10.25,3.36,0.56,0.03,0,0,3.187
0,0.95,0,97,4,7,2002,0,0,0,0.992,0,0.3,0.28,0,0,0.1,0,29.16,0,0.21,7.95,0.25,5.05,37.21,1.39,15.09,0,0,38.74,0,0,0,0,7.79,0,18.86,0,15.66,0,0,0,0,0,0,0,14.99,0,4.88,21.32,70.79,3.01,0,7.3,22.47,27.91,27.94,10.25,3.36,0.56,0.03,0,0,3.217
0,0.95,0,98,4,8,2002,0,0,0,0.851,0,0.3,0.28,0,0,0.1,0,29.16,0,0.21,7.95,0.25,5.05,37.21,1.39,15.09,0,0,38.74,0,0,0,0,7.79,0,18.86,0,15.66,0,0,0,0,0,0,0,14.99,0,4.88,21.32,70.79,3.01,0,7.3,22.47,27.91,27.94,10.25,3.36,0.56,0.03,0,0,2.648
0,0.95,0,99,4,9,2002,0,0,0,0.528,0,0.3,0.28,0,0,0.1,0,29.16,0,0.21,7.95,0.25,5.05,37.21,1.39,15.09,0,0,38.74,0,0,0,0,7.79,0,18.86,0,15.66,0,0,0,0,0,0,0,14.99,0,4.88,21.32,70.79,3.01,0,7.3,22.47,27.91,27.94,10.25,3.36,0.56,0.03,0,0,2.483
0,0.95,0,100,4,10,2002,0,0,0,1.01,0,0.3,0.28,0,0,0.1,0,29.16,0,0.21,7.95,0.25,5.05,37.21,1.39,15.09,0,0,38.74,0,0,0,0,7.79,0,18.86,0,15.66,0,0,0,0,0,0,0,14.99,0,4.88,21.32,70.79,3.01,0,7.3,22.47,27.91,27.94,10.25,3.36,0.56,0.03,0,0,2.522
0,0.95,0,101,4,11,2002,0,0,0,0.869,0,0.3,0.28,0,0,0.1,0,29.16,0,0.21,7.95,0.25,5.05,37.21,1.39,15.09,0,0,38.74,0,0,0,0,7.79,0,18.86,0,15.66,0,0,0,0,0,0,0,14.99,0,4.88,21.32,70.79,3.01,0,7.3,22.47,27.91,27.94,10.25,3.36,0.56,0.03,0,0,2.824
0,0.95,0,102,4,12,2002,0.329,0,0,0.647,0,0.3,0.28,0,0,0.1,0,29.16,0,0.21,7.95,0.25,5.05,37.21,1.39,15.09,0,0,38.74,0,0,0,0,7.79,0,18.86,0,15.66,0,0,0,0,0,0,0,14.99,0,4.88,21.32,70.79,3.01,0,7.3,22.47,27.91,27.94,10.25,3.36,0.56,0.03,0,0,2.923
0,0.95,0,103,4,13,2002,0.549,0,0,1.04,0,0.3,0.28,0,0,0.1,0,29.16,0,0.21,7.95,0.25,5.05,37.21,1.39,15.09,0,0,38.74,0,0,0,0,7.79,0,18.86,0,15.66,0,0,0,0,0,0,0,14.99,0,4.88,21.32,70.79,3.01,0,7.3,22.47,27.91,27.94,10.25,3.36,0.56,0.03,0,0,2.956
0,0.95,0,104,4,14,2002,1.05,0,0,0.247,0,0.3,0.28,0,0,0.1,0,29.16,0,0.21,7.95,0.25,5.05,37.21,1.39,15.09,0,0,38.74,0,0,0,0,7.79,0,18.86,0,15.66,0,0,0,0,0,0,0,14.99,0,4.88,21.32,70.79,3.01,0,7.3,22.47,27.91,27.94,10.25,3.36,0.56,0.03,0,0,2.964
0,0.95,0,105,4,15,2002,0,0,0,0.618,0,0.3,0.28,0,0,0.1,0,29.16,0,0.21,7.95,0.25,5.05,37.21,1.39,15.09,0,0,38.74,0,0,0,0,7.79,0,18.86,0,15.66,0,0,0,0,0,0,0,14.99,0,4.88,21.32,70.79,3.01,0,7.3,22.47,27.91,27.94,10.25,3.36,0.56,0.03,0,0,3.062
0,0.95,0,106,4,16,2002,0,0,0,0.729,0,0.3,0.28,0,0,0.1,0,29.16,0,0.21,7.95,0.25,5.05,37.21,1.39,15.09,0,0,38.74,0,0,0,0,7.79,0,18.86,0,15.66,0,0,0,0,0,0,0,14.99,0,4.88,21.32,70.79,3.01,0,7.3,22.47,27.91,27.94,10.25,3.36,0.56,0.03,0,0,3.375
0,0.95,0,107,4,17,2002,10.9,0,0,0.65,0,0.3,0.28,0,0,0.1,0,29.16,0,0.21,7.95,0.25,5.05,37.21,1.39,15.09,0,0,38.74,0,0,0,0,7.79,0,18.86,0,15.66,0,0,0,0,0,0,0,14.99,0,4.88,21.32,70.79,3.01,0,7.3,22.47,27.91,27.94,10.25,3.36,0.56,0.03,0,0,3.322
0,0.95,0,108,4,18,2002,15.9,0,0,0.302,0,0.3,0.28,0,0,0.1,0,29.16,0,0.21,7.95,0.25,5.05,37.21,1.39,15.09,0,0,38.74,0,0,0,0,7.79,0,18.86,0,15.66,0,0,0,0,0,0,0,14.99,0,4.88,21.32,70.79,3.01,0,7.3,22.47,27.91,27.94,10.25,3.36,0.56,0.03,0,0,3.537
0,0.95,0,109,4,19,2002,3.24,0,0,0.898,0,0.3,0.28,0,0,0.1,0,29.16,0,0.21,7.95,0.25,5.05,37.21,1.39,15.09,0,0,38.74,0,0,0,0,7.79,0,18.86,0,15.66,0,0,0,0,0,0,0,14.99,0,4.88,21.32,70.79,3.01,0,7.3,22.47,27.91,27.94,10.25,3.36,0.56,0.03,0,0,3.534
0,0.95,0,110,4,20,2002,2.02,0,0,0.787,0,0.3,0.28,0,0,0.1,0,29.16,0,0.21,7.95,0.25,5.05,37.21,1.39,15.09,0,0,38.74,0,0,0,0,7.79,0,18.86,0,15.66,0,0,0,0,0,0,0,14.99,0,4.88,21.32,70.79,3.01,0,7.3,22.47,27.91,27.94,10.25,3.36,0.56,0.03,0,0,5.946
0,0.95,0,111,4,21,2002,2.86,0,0,1.14,0,0.3,0.28,0,0,0.1,0,29.16,0,0.21,7.95,0.25,5.05,37.21,1.39,15.09,0,0,38.74,0,0,0,0,7.79,0,18.86,0,15.66,0,0,0,0,0,0,0,14.99,0,4.88,21.32,70.79,3.01,0,7.3,22.47,27.91,27.94,10.25,3.36,0.56,0.03,0,0,5.877
0,0.95,0,112,4,22,2002,0.227,0,0,0.539,0,0.3,0.28,0,0,0.1,0,29.16,0,0.21,7.95,0.25,5.05,37.21,1.39,15.09,0,0,38.74,0,0,0,0,7.79,0,18.86,0,15.66,0,0,0,0,0,0,0,14.99,0,4.88,21.32,70.79,3.01,0,7.3,22.47,27.91,27.94,10.25,3.36,0.56,0.03,0,0,3.868
0,0.95,0,113,4,23,2002,0.208,0,0,0.578,0,0.3,0.28,0,0,0.1,0,29.16,0,0.21,7.95,0.25,5.05,37.21,1.39,15.09,0,0,38.74,0,0,0,0,7.79,0,18.86,0,15.66,0,0,0,0,0,0,0,14.99,0,4.88,21.32,70.79,3.01,0,7.3,22.47,27.91,27.94,10.25,3.36,0.56,0.03,0,0,3.697
0,0.95,0,114,4,24,2002,0.959,0,0,1.2,0,0.3,0.28,0,0,0.1,0,29.16,0,0.21,7.95,0.25,5.05,37.21,1.39,15.09,0,0,38.74,0,0,0,0,7.79,0,18.86,0,15.66,0,0,0,0,0,0,0,14.99,0,4.88,21.32,70.79,3.01,0,7.3,22.47,27.91,27.94,10.25,3.36,0.56,0.03,0,0,4.424
0,0.95,0,115,4,25,2002,9.41,0,0,1.14,0,0.3,0.28,0,0,0.1,0,29.16,0,0.21,7.95,0.25,5.05,37.21,1.39,15.09,0,0,38.74,0,0,0,0,7.79,0,18.86,0,15.66,0,0,0,0,0,0,0,14.99,0,4.88,21.32,70.79,3.01,0,7.3,22.47,27.91,27.94,10.25,3.36,0.56,0.03,0,0,4.604
0,0.95,0,116,4,26,2002,10.4,0,0,1.05,0,0.3,0.28,0,0,0.1,0,29.16,0,0.21,7.95,0.25,5.05,37.21,1.39,15.09,0,0,38.74,0,0,0,0,7.79,0,18.86,0,15.66,0,0,0,0,0,0,0,14.99,0,4.88,21.32,70.79,3.01,0,7.3,22.47,27.91,27.94,10.25,3.36,0.56,0.03,0,0,5.234
0,0.95,0,117,4,27,2002,27.6,0,0,0.323,0,0.3,0.28,0,0,0.1,0,29.16,0,0.21,7.95,0.25,5.05,37.21,1.39,15.09,0,0,38.74,0,0,0,0,7.79,0,18.86,0,15.66,0,0,0,0,0,0,0,14.99,0,4.88,21.32,70.79,3.01,0,7.3,22.47,27.91,27.94,10.25,3.36,0.56,0.03,0,0,6.699
0,0.95,0,118,4,28,2002,19,0,0,0.31,0,0.3,0.28,0,0,0.1,0,29.16,0,0.21,7.95,0.25,5.05,37.21,1.39,15.09,0,0,38.74,0,0,0,0,7.79,0,18.86,0,15.66,0,0,0,0,0,0,0,14.99,0,4.88,21.32,70.79,3.01,0,7.3,22.47,27.91,27.94,10.25,3.36,0.56,0.03,0,0,21.61
0,0.95,0,119,4,29,2002,29.7,0,0,0.598,0,0.3,0.28,0,0,0.1,0,29.16,0,0.21,7.95,0.25,5.05,37.21,1.39,15.09,0,0,38.74,0,0,0,0,7.79,0,18.86,0,15.66,0,0,0,0,0,0,0,14.99,0,4.88,21.32,70.79,3.01,0,7.3,22.47,27.91,27.94,10.25,3.36,0.56,0.03,0,0,29.29
0,0.95,0,120,4,30,2002,9.35,0,0,0.979,0,0.3,0.28,0,0,0.1,0,29.16,0,0.21,7.95,0.25,5.05,37.21,1.39,15.09,0,0,38.74,0,0,0,0,7.79,0,18.86,0,15.66,0,0,0,0,0,0,0,14.99,0,4.88,21.32,70.79,3.01,0,7.3,22.47,27.91,27.94,10.25,3.36,0.56,0.03,0,0,33.77
0,0.95,0,121,5,1,2002,1.35,0,0,0.982,0,0.3,0.28,0,0,0.1,0,29.16,0,0.21,7.95,0.25,5.05,37.21,1.39,15.09,0,0,38.74,0,0,0,0,7.79,0,18.86,0,15.66,0,0,0,0,0,0,0,14.99,0,4.88,21.32,70.79,3.01,0,7.3,22.47,27.91,27.94,10.25,3.36,0.56,0.03,0,0,27.44
0,0.95,0,122,5,2,2002,4.70E-02,0,0,1.33,0,0.3,0.28,0,0,0.1,0,29.16,0,0.21,7.95,0.25,5.05,37.21,1.39,15.09,0,0,38.74,0,0,0,0,7.79,0,18.86,0,15.66,0,0,0,0,0,0,0,14.99,0,4.88,21.32,70.79,3.01,0,7.3,22.47,27.91,27.94,10.25,3.36,0.56,0.03,0,0,13.05
0,0.95,0,123,5,3,2002,4.75E-02,0,0,1.31,0,0.3,0.28,0,0,0.1,0,29.16,0,0.21,7.95,0.25,5.05,37.21,1.39,15.09,0,0,38.74,0,0,0,0,7.79,0,18.86,0,15.66,0,0,0,0,0,0,0,14.99,0,4.88,21.32,70.79,3.01,0,7.3,22.47,27.91,27.94,10.25,3.36,0.56,0.03,0,0,9.05
0,0.95,0,124,5,4,2002,0.189,0,0,0.788,0,0.3,0.28,0,0,0.1,0,29.16,0,0.21,7.95,0.25,5.05,37.21,1.39,15.09,0,0,38.74,0,0,0,0,7.79,0,18.86,0,15.66,0,0,0,0,0,0,0,14.99,0,4.88,21.32,70.79,3.01,0,7.3,22.47,27.91,27.94,10.25,3.36,0.56,0.03,0,0,7.556
0,0.95,0,125,5,5,2002,1,0,0,1.32,0,0.3,0.28,0,0,0.1,0,29.16,0,0.21,7.95,0.25,5.05,37.21,1.39,15.09,0,0,38.74,0,0,0,0,7.79,0,18.86,0,15.66,0,0,0,0,0,0,0,14.99,0,4.88,21.32,70.79,3.01,0,7.3,22.47,27.91,27.94,10.25,3.36,0.56,0.03,0,0,7.592
0,0.95,0,126,5,6,2002,0,0,0,0.529,0,0.3,0.28,0,0,0.1,0,29.16,0,0.21,7.95,0.25,5.05,37.21,1.39,15.09,0,0,38.74,0,0,0,0,7.79,0,18.86,0,15.66,0,0,0,0,0,0,0,14.99,0,4.88,21.32,70.79,3.01,0,7.3,22.47,27.91,27.94,10.25,3.36,0.56,0.03,0,0,6.777
0,0.95,0,127,5,7,2002,0,0,0,0.16,0,0.3,0.28,0,0,0.1,0,29.16,0,0.21,7.95,0.25,5.05,37.21,1.39,15.09,0,0,38.74,0,0,0,0,7.79,0,18.86,0,15.66,0,0,0,0,0,0,0,14.99,0,4.88,21.32,70.79,3.01,0,7.3,22.47,27.91,27.94,10.25,3.36,0.56,0.03,0,0,4.604
0,0.95,0,128,5,8,2002,0,0,0,0.515,0,0.3,0.28,0,0,0.1,0,29.16,0,0.21,7.95,0.25,5.05,37.21,1.39,15.09,0,0,38.74,0,0,0,0,7.79,0,18.86,0,15.66,0,0,0,0,0,0,0,14.99,0,4.88,21.32,70.79,3.01,0,7.3,22.47,27.91,27.94,10.25,3.36,0.56,0.03,0,0,3.332
0,0.95,0,129,5,9,2002,0,0,0,0.452,0,0.3,0.28,0,0,0.1,0,29.16,0,0.21,7.95,0.25,5.05,37.21,1.39,15.09,0,0,38.74,0,0,0,0,7.79,0,18.86,0,15.66,0,0,0,0,0,0,0,14.99,0,4.88,21.32,70.79,3.01,0,7.3,22.47,27.91,27.94,10.25,3.36,0.56,0.03,0,0,3.193
0,0.95,0,130,5,10,2002,0,0,0,0.63,0,0.3,0.28,0,0,0.1,0,29.16,0,0.21,7.95,0.25,5.05,37.21,1.39,15.09,0,0,38.74,0,0,0,0,7.79,0,18.86,0,15.66,0,0,0,0,0,0,0,14.99,0,4.88,21.32,70.79,3.01,0,7.3,22.47,27.91,27.94,10.25,3.36,0.56,0.03,0,0,5.433
0,0.95,0,131,5,11,2002,0,0,0,1.18,0,0.3,0.28,0,0,0.1,0,29.16,0,0.21,7.95,0.25,5.05,37.21,1.39,15.09,0,0,38.74,0,0,0,0,7.79,0,18.86,0,15.66,0,0,0,0,0,0,0,14.99,0,4.88,21.32,70.79,3.01,0,7.3,22.47,27.91,27.94,10.25,3.36,0.56,0.03,0,0,5.305
0,0.95,0,132,5,12,2002,6.19,0,0,1.17,0,0.3,0.28,0,0,0.1,0,29.16,0,0.21,7.95,0.25,5.05,37.21,1.39,15.09,0,0,38.74,0,0,0,0,7.79,0,18.86,0,15.66,0,0,0,0,0,0,0,14.99,0,4.88,21.32,70.79,3.01,0,7.3,22.47,27.91,27.94,10.25,3.36,0.56,0.03,0,0,5.315
0,0.95,0,133,5,13,2002,13.8,0,0,0.379,0,0.3,0.28,0,0,0.1,0,29.16,0,0.21,7.95,0.25,5.05,37.21,1.39,15.09,0,0,38.74,0,0,0,0,7.79,0,18.86,0,15.66,0,0,0,0,0,0,0,14.99,0,4.88,21.32,70.79,3.01,0,7.3,22.47,27.91,27.94,10.25,3.36,0.56,0.03,0,0,4.989
0,0.95,0,134,5,14,2002,9.09,0,0,0.759,0,0.3,0.28,0,0,0.1,0,29.16,0,0.21,7.95,0.25,5.05,37.21,1.39,15.09,0,0,38.74,0,0,0,0,7.79,0,18.86,0,15.66,0,0,0,0,0,0,0,14.99,0,4.88,21.32,70.79,3.01,0,7.3,22.47,27.91,27.94,10.25,3.36,0.56,0.03,0,0,4.917
0,0.95,0,135,5,15,2002,3.18,0,0,0.555,0,0.3,0.28,0,0,0.1,0,29.16,0,0.21,7.95,0.25,5.05,37.21,1.39,15.09,0,0,38.74,0,0,0,0,7.79,0,18.86,0,15.66,0,0,0,0,0,0,0,14.99,0,4.88,21.32,70.79,3.01,0,7.3,22.47,27.91,27.94,10.25,3.36,0.56,0.03,0,0,6.054
0,0.95,0,136,5,16,2002,0,0,0,2,0,0.3,0.28,0,0,0.1,0,29.16,0,0.21,7.95,0.25,5.05,37.21,1.39,15.09,0,0,38.74,0,0,0,0,7.79,0,18.86,0,15.66,0,0,0,0,0,0,0,14.99,0,4.88,21.32,70.79,3.01,0,7.3,22.47,27.91,27.94,10.25,3.36,0.56,0.03,0,0,8.073
0,0.95,0,137,5,17,2002,8.85,0,0,1.89,0,0.3,0.28,0,0,0.1,0,29.16,0,0.21,7.95,0.25,5.05,37.21,1.39,15.09,0,0,38.74,0,0,0,0,7.79,0,18.86,0,15.66,0,0,0,0,0,0,0,14.99,0,4.88,21.32,70.79,3.01,0,7.3,22.47,27.91,27.94,10.25,3.36,0.56,0.03,0,0,8.203
0,0.95,0,138,5,18,2002,2.48,0,0,0.664,0,0.3,0.28,0,0,0.1,0,29.16,0,0.21,7.95,0.25,5.05,37.21,1.39,15.09,0,0,38.74,0,0,0,0,7.79,0,18.86,0,15.66,0,0,0,0,0,0,0,14.99,0,4.88,21.32,70.79,3.01,0,7.3,22.47,27.91,27.94,10.25,3.36,0.56,0.03,0,0,8.456
0,0.95,0,139,5,19,2002,5.54,0,0,0.579,0,0.3,0.28,0,0,0.1,0,29.16,0,0.21,7.95,0.25,5.05,37.21,1.39,15.09,0,0,38.74,0,0,0,0,7.79,0,18.86,0,15.66,0,0,0,0,0,0,0,14.99,0,4.88,21.32,70.79,3.01,0,7.3,22.47,27.91,27.94,10.25,3.36,0.56,0.03,0,0,7.584
0,0.95,0,140,5,20,2002,1.21,0,0,0.333,0,0.3,0.28,0,0,0.1,0,29.16,0,0.21,7.95,0.25,5.05,37.21,1.39,15.09,0,0,38.74,0,0,0,0,7.79,0,18.86,0,15.66,0,0,0,0,0,0,0,14.99,0,4.88,21.32,70.79,3.01,0,7.3,22.47,27.91,27.94,10.25,3.36,0.56,0.03,0,0,7.509
0,0.95,0,141,5,21,2002,9.65,0,0,0.769,0,0.3,0.28,0,0,0.1,0,29.16,0,0.21,7.95,0.25,5.05,37.21,1.39,15.09,0,0,38.74,0,0,0,0,7.79,0,18.86,0,15.66,0,0,0,0,0,0,0,14.99,0,4.88,21.32,70.79,3.01,0,7.3,22.47,27.91,27.94,10.25,3.36,0.56,0.03,0,0,7.227
0,0.95,0,142,5,22,2002,14.9,0,0,0.43,0,0.3,0.28,0,0,0.1,0,29.16,0,0.21,7.95,0.25,5.05,37.21,1.39,15.09,0,0,38.74,0,0,0,0,7.79,0,18.86,0,15.66,0,0,0,0,0,0,0,14.99,0,4.88,21.32,70.79,3.01,0,7.3,22.47,27.91,27.94,10.25,3.36,0.56,0.03,0,0,7.589
0,0.95,0,143,5,23,2002,8.5,0,0,1.6,0,0.3,0.28,0,0,0.1,0,29.16,0,0.21,7.95,0.25,5.05,37.21,1.39,15.09,0,0,38.74,0,0,0,0,7.79,0,18.86,0,15.66,0,0,0,0,0,0,0,14.99,0,4.88,21.32,70.79,3.01,0,7.3,22.47,27.91,27.94,10.25,3.36,0.56,0.03,0,0,11.24
0,0.95,0,144,5,24,2002,10.6,0,0,1.4,0,0.3,0.28,0,0,0.1,0,29.16,0,0.21,7.95,0.25,5.05,37.21,1.39,15.09,0,0,38.74,0,0,0,0,7.79,0,18.86,0,15.66,0,0,0,0,0,0,0,14.99,0,4.88,21.32,70.79,3.01,0,7.3,22.47,27.91,27.94,10.25,3.36,0.56,0.03,0,0,17
0,0.95,0,145,5,25,2002,10.4,0,0,0.769,0,0.3,0.28,0,0,0.1,0,29.16,0,0.21,7.95,0.25,5.05,37.21,1.39,15.09,0,0,38.74,0,0,0,0,7.79,0,18.86,0,15.66,0,0,0,0,0,0,0,14.99,0,4.88,21.32,70.79,3.01,0,7.3,22.47,27.91,27.94,10.25,3.36,0.56,0.03,0,0,20.14
0,0.95,0,146,5,26,2002,3.47,0,0,1.09,0,0.3,0.28,0,0,0.1,0,29.16,0,0.21,7.95,0.25,5.05,37.21,1.39,15.09,0,0,38.74,0,0,0,0,7.79,0,18.86,0,15.66,0,0,0,0,0,0,0,14.99,0,4.88,21.32,70.79,3.01,0,7.3,22.47,27.91,27.94,10.25,3.36,0.56,0.03,0,0,17.53
0,0.95,0,147,5,27,2002,2.24,0,0,1.29,0,0.3,0.28,0,0,0.1,0,29.16,0,0.21,7.95,0.25,5.05,37.21,1.39,15.09,0,0,38.74,0,0,0,0,7.79,0,18.86,0,15.66,0,0,0,0,0,0,0,14.99,0,4.88,21.32,70.79,3.01,0,7.3,22.47,27.91,27.94,10.25,3.36,0.56,0.03,0,0,10.41
0,0.95,0,148,5,28,2002,26.8,0,0,0.539,0,0.3,0.28,0,0,0.1,0,29.16,0,0.21,7.95,0.25,5.05,37.21,1.39,15.09,0,0,38.74,0,0,0,0,7.79,0,18.86,0,15.66,0,0,0,0,0,0,0,14.99,0,4.88,21.32,70.79,3.01,0,7.3,22.47,27.91,27.94,10.25,3.36,0.56,0.03,0,0,11.89
0,0.95,0,149,5,29,2002,8.43,0,0,1.13,0,0.3,0.28,0,0,0.1,0,29.16,0,0.21,7.95,0.25,5.05,37.21,1.39,15.09,0,0,38.74,0,0,0,0,7.79,0,18.86,0,15.66,0,0,0,0,0,0,0,14.99,0,4.88,21.32,70.79,3.01,0,7.3,22.47,27.91,27.94,10.25,3.36,0.56,0.03,0,0,24.31
0,0.95,0,150,5,30,2002,1.52,0,0,1.4,0,0.3,0.28,0,0,0.1,0,29.16,0,0.21,7.95,0.25,5.05,37.21,1.39,15.09,0,0,38.74,0,0,0,0,7.79,0,18.86,0,15.66,0,0,0,0,0,0,0,14.99,0,4.88,21.32,70.79,3.01,0,7.3,22.47,27.91,27.94,10.25,3.36,0.56,0.03,0,0,25.05
0,0.95,0,151,5,31,2002,0,0,0,1.67,0,0.3,0.28,0,0,0.1,0,29.16,0,0.21,7.95,0.25,5.05,37.21,1.39,15.09,0,0,38.74,0,0,0,0,7.79,0,18.86,0,15.66,0,0,0,0,0,0,0,14.99,0,4.88,21.32,70.79,3.01,0,7.3,22.47,27.91,27.94,10.25,3.36,0.56,0.03,0,0,15.63
0,0.95,0,152,6,1,2002,8.78E-02,0,0,1.94,0,0.3,0.28,0,0,0.1,0,29.16,0,0.21,7.95,0.25,5.05,37.21,1.39,15.09,0,0,38.74,0,0,0,0,7.79,0,18.86,0,15.66,0,0,0,0,0,0,0,14.99,0,4.88,21.32,70.79,3.01,0,7.3,22.47,27.91,27.94,10.25,3.36,0.56,0.03,0,0,10.04
0,0.95,0,153,6,2,2002,3.57,0,0,0.997,0,0.3,0.28,0,0,0.1,0,29.16,0,0.21,7.95,0.25,5.05,37.21,1.39,15.09,0,0,38.74,0,0,0,0,7.79,0,18.86,0,15.66,0,0,0,0,0,0,0,14.99,0,4.88,21.32,70.79,3.01,0,7.3,22.47,27.91,27.94,10.25,3.36,0.56,0.03,0,0,8.971
0,0.95,0,154,6,3,2002,2.76,0,0,0.554,0,0.3,0.28,0,0,0.1,0,29.16,0,0.21,7.95,0.25,5.05,37.21,1.39,15.09,0,0,38.74,0,0,0,0,7.79,0,18.86,0,15.66,0,0,0,0,0,0,0,14.99,0,4.88,21.32,70.79,3.01,0,7.3,22.47,27.91,27.94,10.25,3.36,0.56,0.03,0,0,8.866
0,0.95,0,155,6,4,2002,0.104,0,0,0.867,0,0.3,0.28,0,0,0.1,0,29.16,0,0.21,7.95,0.25,5.05,37.21,1.39,15.09,0,0,38.74,0,0,0,0,7.79,0,18.86,0,15.66,0,0,0,0,0,0,0,14.99,0,4.88,21.32,70.79,3.01,0,7.3,22.47,27.91,27.94,10.25,3.36,0.56,0.03,0,0,8.243
0,0.95,0,156,6,5,2002,8.97,0,0,0.997,0,0.3,0.28,0,0,0.1,0,29.16,0,0.21,7.95,0.25,5.05,37.21,1.39,15.09,0,0,38.74,0,0,0,0,7.79,0,18.86,0,15.66,0,0,0,0,0,0,0,14.99,0,4.88,21.32,70.79,3.01,0,7.3,22.47,27.91,27.94,10.25,3.36,0.56,0.03,0,0,6.766
0,0.95,0,157,6,6,2002,0.791,0,0,0.229,0,0.3,0.28,0,0,0.1,0,29.16,0,0.21,7.95,0.25,5.05,37.21,1.39,15.09,0,0,38.74,0,0,0,0,7.79,0,18.86,0,15.66,0,0,0,0,0,0,0,14.99,0,4.88,21.32,70.79,3.01,0,7.3,22.47,27.91,27.94,10.25,3.36,0.56,0.03,0,0,6.817
0,0.95,0,158,6,7,2002,3.38,0,0,0.189,0,0.3,0.28,0,0,0.1,0,29.16,0,0.21,7.95,0.25,5.05,37.21,1.39,15.09,0,0,38.74,0,0,0,0,7.79,0,18.86,0,15.66,0,0,0,0,0,0,0,14.99,0,4.88,21.32,70.79,3.01,0,7.3,22.47,27.91,27.94,10.25,3.36,0.56,0.03,0,0,6.985
0,0.95,0,159,6,8,2002,3.64,0,0,0.614,0,0.3,0.28,0,0,0.1,0,29.16,0,0.21,7.95,0.25,5.05,37.21,1.39,15.09,0,0,38.74,0,0,0,0,7.79,0,18.86,0,15.66,0,0,0,0,0,0,0,14.99,0,4.88,21.32,70.79,3.01,0,7.3,22.47,27.91,27.94,10.25,3.36,0.56,0.03,0,0,6.996
0,0.95,0,160,6,9,2002,27.2,0,0,0.543,0,0.3,0.28,0,0,0.1,0,29.16,0,0.21,7.95,0.25,5.05,37.21,1.39,15.09,0,0,38.74,0,0,0,0,7.79,0,18.86,0,15.66,0,0,0,0,0,0,0,14.99,0,4.88,21.32,70.79,3.01,0,7.3,22.47,27.91,27.94,10.25,3.36,0.56,0.03,0,0,7.581
0,0.95,0,161,6,10,2002,7.97,0,0,0.679,0,0.3,0.28,0,0,0.1,0,29.16,0,0.21,7.95,0.25,5.05,37.21,1.39,15.09,0,0,38.74,0,0,0,0,7.79,0,18.86,0,15.66,0,0,0,0,0,0,0,14.99,0,4.88,21.32,70.79,3.01,0,7.3,22.47,27.91,27.94,10.25,3.36,0.56,0.03,0,0,23.94
0,0.95,0,162,6,11,2002,0.472,0,0,1.73,0,0.3,0.28,0,0,0.1,0,29.16,0,0.21,7.95,0.25,5.05,37.21,1.39,15.09,0,0,38.74,0,0,0,0,7.79,0,18.86,0,15.66,0,0,0,0,0,0,0,14.99,0,4.88,21.32,70.79,3.01,0,7.3,22.47,27.91,27.94,10.25,3.36,0.56,0.03,0,0,16.7
0,0.95,0,163,6,12,2002,0.786,0,0,0.714,0,0.3,0.28,0,0,0.1,0,29.16,0,0.21,7.95,0.25,5.05,37.21,1.39,15.09,0,0,38.74,0,0,0,0,7.79,0,18.86,0,15.66,0,0,0,0,0,0,0,14.99,0,4.88,21.32,70.79,3.01,0,7.3,22.47,27.91,27.94,10.25,3.36,0.56,0.03,0,0,13.76
0,0.95,0,164,6,13,2002,6.44,0,0,0.563,0,0.3,0.28,0,0,0.1,0,29.16,0,0.21,7.95,0.25,5.05,37.21,1.39,15.09,0,0,38.74,0,0,0,0,7.79,0,18.86,0,15.66,0,0,0,0,0,0,0,14.99,0,4.88,21.32,70.79,3.01,0,7.3,22.47,27.91,27.94,10.25,3.36,0.56,0.03,0,0,12.93
0,0.95,0,165,6,14,2002,19.1,0,0,0.16,0,0.3,0.28,0,0,0.1,0,29.16,0,0.21,7.95,0.25,5.05,37.21,1.39,15.09,0,0,38.74,0,0,0,0,7.79,0,18.86,0,15.66,0,0,0,0,0,0,0,14.99,0,4.88,21.32,70.79,3.01,0,7.3,22.47,27.91,27.94,10.25,3.36,0.56,0.03,0,0,17.47
0,0.95,0,166,6,15,2002,2.35,0,0,1,0,0.3,0.28,0,0,0.1,0,29.16,0,0.21,7.95,0.25,5.05,37.21,1.39,15.09,0,0,38.74,0,0,0,0,7.79,0,18.86,0,15.66,0,0,0,0,0,0,0,14.99,0,4.88,21.32,70.79,3.01,0,7.3,22.47,27.91,27.94,10.25,3.36,0.56,0.03,0,0,21.96
0,0.95,0,167,6,16,2002,2.11,0,0,0.448,0,0.3,0.28,0,0,0.1,0,29.16,0,0.21,7.95,0.25,5.05,37.21,1.39,15.09,0,0,38.74,0,0,0,0,7.79,0,18.86,0,15.66,0,0,0,0,0,0,0,14.99,0,4.88,21.32,70.79,3.01,0,7.3,22.47,27.91,27.94,10.25,3.36,0.56,0.03,0,0,11.7
0,0.95,0,168,6,17,2002,0.204,0,0,1.32,0,0.3,0.28,0,0,0.1,0,29.16,0,0.21,7.95,0.25,5.05,37.21,1.39,15.09,0,0,38.74,0,0,0,0,7.79,0,18.86,0,15.66,0,0,0,0,0,0,0,14.99,0,4.88,21.32,70.79,3.01,0,7.3,22.47,27.91,27.94,10.25,3.36,0.56,0.03,0,0,9.693
0,0.95,0,169,6,18,2002,0.716,0,0,2.02,0,0.3,0.28,0,0,0.1,0,29.16,0,0.21,7.95,0.25,5.05,37.21,1.39,15.09,0,0,38.74,0,0,0,0,7.79,0,18.86,0,15.66,0,0,0,0,0,0,0,14.99,0,4.88,21.32,70.79,3.01,0,7.3,22.47,27.91,27.94,10.25,3.36,0.56,0.03,0,0,9.293
0,0.95,0,170,6,19,2002,6.76E-03,0,0,1.37,0,0.3,0.28,0,0,0.1,0,29.16,0,0.21,7.95,0.25,5.05,37.21,1.39,15.09,0,0,38.74,0,0,0,0,7.79,0,18.86,0,15.66,0,0,0,0,0,0,0,14.99,0,4.88,21.32,70.79,3.01,0,7.3,22.47,27.91,27.94,10.25,3.36,0.56,0.03,0,0,8.03
0,0.95,0,171,6,20,2002,0.791,0,0,0.978,0,0.3,0.28,0,0,0.1,0,29.16,0,0.21,7.95,0.25,5.05,37.21,1.39,15.09,0,0,38.74,0,0,0,0,7.79,0,18.86,0,15.66,0,0,0,0,0,0,0,14.99,0,4.88,21.32,70.79,3.01,0,7.3,22.47,27.91,27.94,10.25,3.36,0.56,0.03,0,0,6.315
0,0.95,0,172,6,21,2002,2.91,0,0,0.451,0,0.3,0.28,0,0,0.1,0,29.16,0,0.21,7.95,0.25,5.05,37.21,1.39,15.09,0,0,38.74,0,0,0,0,7.79,0,18.86,0,15.66,0,0,0,0,0,0,0,14.99,0,4.88,21.32,70.79,3.01,0,7.3,22.47,27.91,27.94,10.25,3.36,0.56,0.03,0,0,4.404
0,0.95,0,173,6,22,2002,1.98,0,0,0.457,0,0.3,0.28,0,0,0.1,0,29.16,0,0.21,7.95,0.25,5.05,37.21,1.39,15.09,0,0,38.74,0,0,0,0,7.79,0,18.86,0,15.66,0,0,0,0,0,0,0,14.99,0,4.88,21.32,70.79,3.01,0,7.3,22.47,27.91,27.94,10.25,3.36,0.56,0.03,0,0,4.004
0,0.95,0,174,6,23,2002,0,0,0,0.882,0,0.3,0.28,0,0,0.1,0,29.16,0,0.21,7.95,0.25,5.05,37.21,1.39,15.09,0,0,38.74,0,0,0,0,7.79,0,18.86,0,15.66,0,0,0,0,0,0,0,14.99,0,4.88,21.32,70.79,3.01,0,7.3,22.47,27.91,27.94,10.25,3.36,0.56,0.03,0,0,3.969
0,0.95,0,175,6,24,2002,7.05E-02,0,0,1.11,0,0.3,0.28,0,0,0.1,0,29.16,0,0.21,7.95,0.25,5.05,37.21,1.39,15.09,0,0,38.74,0,0,0,0,7.79,0,18.86,0,15.66,0,0,0,0,0,0,0,14.99,0,4.88,21.32,70.79,3.01,0,7.3,22.47,27.91,27.94,10.25,3.36,0.56,0.03,0,0,3.83
0,0.95,0,176,6,25,2002,0,0,0,1.2,0,0.3,0.28,0,0,0.1,0,29.16,0,0.21,7.95,0.25,5.05,37.21,1.39,15.09,0,0,38.74,0,0,0,0,7.79,0,18.86,0,15.66,0,0,0,0,0,0,0,14.99,0,4.88,21.32,70.79,3.01,0,7.3,22.47,27.91,27.94,10.25,3.36,0.56,0.03,0,0,3.721
0,0.95,0,177,6,26,2002,0.88,0,0,0.42,0,0.3,0.28,0,0,0.1,0,29.16,0,0.21,7.95,0.25,5.05,37.21,1.39,15.09,0,0,38.74,0,0,0,0,7.79,0,18.86,0,15.66,0,0,0,0,0,0,0,14.99,0,4.88,21.32,70.79,3.01,0,7.3,22.47,27.91,27.94,10.25,3.36,0.56,0.03,0,0,3.329
0,0.95,0,178,6,27,2002,0.11,0,0,0.326,0,0.3,0.28,0,0,0.1,0,29.16,0,0.21,7.95,0.25,5.05,37.21,1.39,15.09,0,0,38.74,0,0,0,0,7.79,0,18.86,0,15.66,0,0,0,0,0,0,0,14.99,0,4.88,21.32,70.79,3.01,0,7.3,22.47,27.91,27.94,10.25,3.36,0.56,0.03,0,0,3.122
0,0.95,0,179,6,28,2002,0,0,0,1.06,0,0.3,0.28,0,0,0.1,0,29.16,0,0.21,7.95,0.25,5.05,37.21,1.39,15.09,0,0,38.74,0,0,0,0,7.79,0,18.86,0,15.66,0,0,0,0,0,0,0,14.99,0,4.88,21.32,70.79,3.01,0,7.3,22.47,27.91,27.94,10.25,3.36,0.56,0.03,0,0,3.574
0,0.95,0,180,6,29,2002,1.48,0,0,0.464,0,0.3,0.28,0,0,0.1,0,29.16,0,0.21,7.95,0.25,5.05,37.21,1.39,15.09,0,0,38.74,0,0,0,0,7.79,0,18.86,0,15.66,0,0,0,0,0,0,0,14.99,0,4.88,21.32,70.79,3.01,0,7.3,22.47,27.91,27.94,10.25,3.36,0.56,0.03,0,0,4.417
0,0.95,0,181,6,30,2002,12.7,0,0,0.165,0,0.3,0.28,0,0,0.1,0,29.16,0,0.21,7.95,0.25,5.05,37.21,1.39,15.09,0,0,38.74,0,0,0,0,7.79,0,18.86,0,15.66,0,0,0,0,0,0,0,14.99,0,4.88,21.32,70.79,3.01,0,7.3,22.47,27.91,27.94,10.25,3.36,0.56,0.03,0,0,4.825
0,0.95,0,182,7,1,2002,19.7,0,0,0.407,0,0.3,0.28,0,0,0.1,0,29.16,0,0.21,7.95,0.25,5.05,37.21,1.39,15.09,0,0,38.74,0,0,0,0,7.79,0,18.86,0,15.66,0,0,0,0,0,0,0,14.99,0,4.88,21.32,70.79,3.01,0,7.3,22.47,27.91,27.94,10.25,3.36,0.56,0.03,0,0,5.328
0,0.95,0,183,7,2,2002,4.26,0,0,0.501,0,0.3,0.28,0,0,0.1,0,29.16,0,0.21,7.95,0.25,5.05,37.21,1.39,15.09,0,0,38.74,0,0,0,0,7.79,0,18.86,0,15.66,0,0,0,0,0,0,0,14.99,0,4.88,21.32,70.79,3.01,0,7.3,22.47,27.91,27.94,10.25,3.36,0.56,0.03,0,0,9.522
0,0.95,0,184,7,3,2002,4.29E-02,0,0,1.58,0,0.3,0.28,0,0,0.1,0,29.16,0,0.21,7.95,0.25,5.05,37.21,1.39,15.09,0,0,38.74,0,0,0,0,7.79,0,18.86,0,15.66,0,0,0,0,0,0,0,14.99,0,4.88,21.32,70.79,3.01,0,7.3,22.47,27.91,27.94,10.25,3.36,0.56,0.03,0,0,10.27
0,0.95,0,185,7,4,2002,13.7,0,0,0.737,0,0.3,0.28,0,0,0.1,0,29.16,0,0.21,7.95,0.25,5.05,37.21,1.39,15.09,0,0,38.74,0,0,0,0,7.79,0,18.86,0,15.66,0,0,0,0,0,0,0,14.99,0,4.88,21.32,70.79,3.01,0,7.3,22.47,27.91,27.94,10.25,3.36,0.56,0.03,0,0,9.666
0,0.95,0,186,7,5,2002,1.86,0,0,0.24,0,0.3,0.28,0,0,0.1,0,29.16,0,0.21,7.95,0.25,5.05,37.21,1.39,15.09,0,0,38.74,0,0,0,0,7.79,0,18.86,0,15.66,0,0,0,0,0,0,0,14.99,0,4.88,21.32,70.79,3.01,0,7.3,22.47,27.91,27.94,10.25,3.36,0.56,0.03,0,0,10.15
0,0.95,0,187,7,6,2002,1.19,0,0,1.06,0,0.3,0.28,0,0,0.1,0,29.16,0,0.21,7.95,0.25,5.05,37.21,1.39,15.09,0,0,38.74,0,0,0,0,7.79,0,18.86,0,15.66,0,0,0,0,0,0,0,14.99,0,4.88,21.32,70.79,3.01,0,7.3,22.47,27.91,27.94,10.25,3.36,0.56,0.03,0,0,10
0,0.95,0,188,7,7,2002,10.4,0,0,0.427,0,0.3,0.28,0,0,0.1,0,29.16,0,0.21,7.95,0.25,5.05,37.21,1.39,15.09,0,0,38.74,0,0,0,0,7.79,0,18.86,0,15.66,0,0,0,0,0,0,0,14.99,0,4.88,21.32,70.79,3.01,0,7.3,22.47,27.91,27.94,10.25,3.36,0.56,0.03,0,0,9.202
0,0.95,0,189,7,8,2002,0.29,0,0,0.429,0,0.3,0.28,0,0,0.1,0,29.16,0,0.21,7.95,0.25,5.05,37.21,1.39,15.09,0,0,38.74,0,0,0,0,7.79,0,18.86,0,15.66,0,0,0,0,0,0,0,14.99,0,4.88,21.32,70.79,3.01,0,7.3,22.47,27.91,27.94,10.25,3.36,0.56,0.03,0,0,8.889
0,0.95,0,190,7,9,2002,2.45,0,0,0.661,0,0.3,0.28,0,0,0.1,0,29.16,0,0.21,7.95,0.25,5.05,37.21,1.39,15.09,0,0,38.74,0,0,0,0,7.79,0,18.86,0,15.66,0,0,0,0,0,0,0,14.99,0,4.88,21.32,70.79,3.01,0,7.3,22.47,27.91,27.94,10.25,3.36,0.56,0.03,0,0,7.643
0,0.95,0,191,7,10,2002,5.83,0,0,1.36,0,0.3,0.28,0,0,0.1,0,29.16,0,0.21,7.95,0.25,5.05,37.21,1.39,15.09,0,0,38.74,0,0,0,0,7.79,0,18.86,0,15.66,0,0,0,0,0,0,0,14.99,0,4.88,21.32,70.79,3.01,0,7.3,22.47,27.91,27.94,10.25,3.36,0.56,0.03,0,0,5.374
0,0.95,0,192,7,11,2002,0.926,0,0,1.19,0,0.3,0.28,0,0,0.1,0,29.16,0,0.21,7.95,0.25,5.05,37.21,1.39,15.09,0,0,38.74,0,0,0,0,7.79,0,18.86,0,15.66,0,0,0,0,0,0,0,14.99,0,4.88,21.32,70.79,3.01,0,7.3,22.47,27.91,27.94,10.25,3.36,0.56,0.03,0,0,5.092
0,0.95,0,193,7,12,2002,0.219,0,0,1.79,0,0.3,0.28,0,0,0.1,0,29.16,0,0.21,7.95,0.25,5.05,37.21,1.39,15.09,0,0,38.74,0,0,0,0,7.79,0,18.86,0,15.66,0,0,0,0,0,0,0,14.99,0,4.88,21.32,70.79,3.01,0,7.3,22.47,27.91,27.94,10.25,3.36,0.56,0.03,0,0,5.295
0,0.95,0,194,7,13,2002,0,0,0,1.87,0,0.3,0.28,0,0,0.1,0,29.16,0,0.21,7.95,0.25,5.05,37.21,1.39,15.09,0,0,38.74,0,0,0,0,7.79,0,18.86,0,15.66,0,0,0,0,0,0,0,14.99,0,4.88,21.32,70.79,3.01,0,7.3,22.47,27.91,27.94,10.25,3.36,0.56,0.03,0,0,5.714
0,0.95,0,195,7,14,2002,0,0,0,1.33,0,0.3,0.28,0,0,0.1,0,29.16,0,0.21,7.95,0.25,5.05,37.21,1.39,15.09,0,0,38.74,0,0,0,0,7.79,0,18.86,0,15.66,0,0,0,0,0,0,0,14.99,0,4.88,21.32,70.79,3.01,0,7.3,22.47,27.91,27.94,10.25,3.36,0.56,0.03,0,0,6.055
0,0.95,0,196,7,15,2002,0,0,0,1.25,0,0.3,0.28,0,0,0.1,0,29.16,0,0.21,7.95,0.25,5.05,37.21,1.39,15.09,0,0,38.74,0,0,0,0,7.79,0,18.86,0,15.66,0,0,0,0,0,0,0,14.99,0,4.88,21.32,70.79,3.01,0,7.3,22.47,27.91,27.94,10.25,3.36,0.56,0.03,0,0,6.79
0,0.95,0,197,7,16,2002,0,0,0,1.4,0,0.3,0.28,0,0,0.1,0,29.16,0,0.21,7.95,0.25,5.05,37.21,1.39,15.09,0,0,38.74,0,0,0,0,7.79,0,18.86,0,15.66,0,0,0,0,0,0,0,14.99,0,4.88,21.32,70.79,3.01,0,7.3,22.47,27.91,27.94,10.25,3.36,0.56,0.03,0,0,6.982
0,0.95,0,198,7,17,2002,0,0,0,0.5,0,0.3,0.28,0,0,0.1,0,29.16,0,0.21,7.95,0.25,5.05,37.21,1.39,15.09,0,0,38.74,0,0,0,0,7.79,0,18.86,0,15.66,0,0,0,0,0,0,0,14.99,0,4.88,21.32,70.79,3.01,0,7.3,22.47,27.91,27.94,10.25,3.36,0.56,0.03,0,0,6.725
0,0.95,0,199,7,18,2002,0,0,0,0.681,0,0.3,0.28,0,0,0.1,0,29.16,0,0.21,7.95,0.25,5.05,37.21,1.39,15.09,0,0,38.74,0,0,0,0,7.79,0,18.86,0,15.66,0,0,0,0,0,0,0,14.99,0,4.88,21.32,70.79,3.01,0,7.3,22.47,27.91,27.94,10.25,3.36,0.56,0.03,0,0,6.675
0,0.95,0,200,7,19,2002,5.38,0,0,0.331,0,0.3,0.28,0,0,0.1,0,29.16,0,0.21,7.95,0.25,5.05,37.21,1.39,15.09,0,0,38.74,0,0,0,0,7.79,0,18.86,0,15.66,0,0,0,0,0,0,0,14.99,0,4.88,21.32,70.79,3.01,0,7.3,22.47,27.91,27.94,10.25,3.36,0.56,0.03,0,0,6.939
0,0.95,0,201,7,20,2002,1.5,0,0,0.422,0,0.3,0.28,0,0,0.1,0,29.16,0,0.21,7.95,0.25,5.05,37.21,1.39,15.09,0,0,38.74,0,0,0,0,7.79,0,18.86,0,15.66,0,0,0,0,0,0,0,14.99,0,4.88,21.32,70.79,3.01,0,7.3,22.47,27.91,27.94,10.25,3.36,0.56,0.03,0,0,7.29
0,0.95,0,202,7,21,2002,2.01E-02,0,0,1.55,0,0.3,0.28,0,0,0.1,0,29.16,0,0.21,7.95,0.25,5.05,37.21,1.39,15.09,0,0,38.74,0,0,0,0,7.79,0,18.86,0,15.66,0,0,0,0,0,0,0,14.99,0,4.88,21.32,70.79,3.01,0,7.3,22.47,27.91,27.94,10.25,3.36,0.56,0.03,0,0,6.987
0,0.95,0,203,7,22,2002,8.22,0,0,0.681,0,0.3,0.28,0,0,0.1,0,29.16,0,0.21,7.95,0.25,5.05,37.21,1.39,15.09,0,0,38.74,0,0,0,0,7.79,0,18.86,0,15.66,0,0,0,0,0,0,0,14.99,0,4.88,21.32,70.79,3.01,0,7.3,22.47,27.91,27.94,10.25,3.36,0.56,0.03,0,0,6.319
0,0.95,0,204,7,23,2002,1.95,0,0,0.183,0,0.3,0.28,0,0,0.1,0,29.16,0,0.21,7.95,0.25,5.05,37.21,1.39,15.09,0,0,38.74,0,0,0,0,7.79,0,18.86,0,15.66,0,0,0,0,0,0,0,14.99,0,4.88,21.32,70.79,3.01,0,7.3,22.47,27.91,27.94,10.25,3.36,0.56,0.03,0,0,5.864
0,0.95,0,205,7,24,2002,1.49E-02,0,0,0.619,0,0.3,0.28,0,0,0.1,0,29.16,0,0.21,7.95,0.25,5.05,37.21,1.39,15.09,0,0,38.74,0,0,0,0,7.79,0,18.86,0,15.66,0,0,0,0,0,0,0,14.99,0,4.88,21.32,70.79,3.01,0,7.3,22.47,27.91,27.94,10.25,3.36,0.56,0.03,0,0,5.85
0,0.95,0,206,7,25,2002,5.05E-02,0,0,0.45,0,0.3,0.28,0,0,0.1,0,29.16,0,0.21,7.95,0.25,5.05,37.21,1.39,15.09,0,0,38.74,0,0,0,0,7.79,0,18.86,0,15.66,0,0,0,0,0,0,0,14.99,0,4.88,21.32,70.79,3.01,0,7.3,22.47,27.91,27.94,10.25,3.36,0.56,0.03,0,0,6.2
0,0.95,0,207,7,26,2002,0.142,0,0,0.481,0,0.3,0.28,0,0,0.1,0,29.16,0,0.21,7.95,0.25,5.05,37.21,1.39,15.09,0,0,38.74,0,0,0,0,7.79,0,18.86,0,15.66,0,0,0,0,0,0,0,14.99,0,4.88,21.32,70.79,3.01,0,7.3,22.47,27.91,27.94,10.25,3.36,0.56,0.03,0,0,6.474
0,0.95,0,208,7,27,2002,2.07E-02,0,0,0.495,0,0.3,0.28,0,0,0.1,0,29.16,0,0.21,7.95,0.25,5.05,37.21,1.39,15.09,0,0,38.74,0,0,0,0,7.79,0,18.86,0,15.66,0,0,0,0,0,0,0,14.99,0,4.88,21.32,70.79,3.01,0,7.3,22.47,27.91,27.94,10.25,3.36,0.56,0.03,0,0,6.598
0,0.95,0,209,7,28,2002,2.67E-03,0,0,1.4,0,0.3,0.28,0,0,0.1,0,29.16,0,0.21,7.95,0.25,5.05,37.21,1.39,15.09,0,0,38.74,0,0,0,0,7.79,0,18.86,0,15.66,0,0,0,0,0,0,0,14.99,0,4.88,21.32,70.79,3.01,0,7.3,22.47,27.91,27.94,10.25,3.36,0.56,0.03,0,0,6.793
0,0.95,0,210,7,29,2002,3.99E-02,0,0,0.599,0,0.3,0.28,0,0,0.1,0,29.16,0,0.21,7.95,0.25,5.05,37.21,1.39,15.09,0,0,38.74,0,0,0,0,7.79,0,18.86,0,15.66,0,0,0,0,0,0,0,14.99,0,4.88,21.32,70.79,3.01,0,7.3,22.47,27.91,27.94,10.25,3.36,0.56,0.03,0,0,6.219
0,0.95,0,211,7,30,2002,1.75,0,0,0.517,0,0.3,0.28,0,0,0.1,0,29.16,0,0.21,7.95,0.25,5.05,37.21,1.39,15.09,0,0,38.74,0,0,0,0,7.79,0,18.86,0,15.66,0,0,0,0,0,0,0,14.99,0,4.88,21.32,70.79,3.01,0,7.3,22.47,27.91,27.94,10.25,3.36,0.56,0.03,0,0,6.087
0,0.95,0,212,7,31,2002,2.33,0,0,0.166,0,0.3,0.28,0,0,0.1,0,29.16,0,0.21,7.95,0.25,5.05,37.21,1.39,15.09,0,0,38.74,0,0,0,0,7.79,0,18.86,0,15.66,0,0,0,0,0,0,0,14.99,0,4.88,21.32,70.79,3.01,0,7.3,22.47,27.91,27.94,10.25,3.36,0.56,0.03,0,0,5.655
0,0.95,0,213,8,1,2002,20.3,0,0,0.145,0,0.3,0.28,0,0,0.1,0,29.16,0,0.21,7.95,0.25,5.05,37.21,1.39,15.09,0,0,38.74,0,0,0,0,7.79,0,18.86,0,15.66,0,0,0,0,0,0,0,14.99,0,4.88,21.32,70.79,3.01,0,7.3,22.47,27.91,27.94,10.25,3.36,0.56,0.03,0,0,5.256
0,0.95,0,214,8,2,2002,0.625,0,0,0.441,0,0.3,0.28,0,0,0.1,0,29.16,0,0.21,7.95,0.25,5.05,37.21,1.39,15.09,0,0,38.74,0,0,0,0,7.79,0,18.86,0,15.66,0,0,0,0,0,0,0,14.99,0,4.88,21.32,70.79,3.01,0,7.3,22.47,27.91,27.94,10.25,3.36,0.56,0.03,0,0,4.666
0,0.95,0,215,8,3,2002,2.32E-02,0,0,1.69,0,0.3,0.28,0,0,0.1,0,29.16,0,0.21,7.95,0.25,5.05,37.21,1.39,15.09,0,0,38.74,0,0,0,0,7.79,0,18.86,0,15.66,0,0,0,0,0,0,0,14.99,0,4.88,21.32,70.79,3.01,0,7.3,22.47,27.91,27.94,10.25,3.36,0.56,0.03,0,0,4.544
0,0.95,0,216,8,4,2002,0.527,0,0,1.57,0,0.3,0.28,0,0,0.1,0,29.16,0,0.21,7.95,0.25,5.05,37.21,1.39,15.09,0,0,38.74,0,0,0,0,7.79,0,18.86,0,15.66,0,0,0,0,0,0,0,14.99,0,4.88,21.32,70.79,3.01,0,7.3,22.47,27.91,27.94,10.25,3.36,0.56,0.03,0,0,4.879
0,0.95,0,217,8,5,2002,0,0,0,1.35,0,0.3,0.28,0,0,0.1,0,29.16,0,0.21,7.95,0.25,5.05,37.21,1.39,15.09,0,0,38.74,0,0,0,0,7.79,0,18.86,0,15.66,0,0,0,0,0,0,0,14.99,0,4.88,21.32,70.79,3.01,0,7.3,22.47,27.91,27.94,10.25,3.36,0.56,0.03,0,0,5.128
0,0.95,0,218,8,6,2002,0.428,0,0,1.16,0,0.3,0.28,0,0,0.1,0,29.16,0,0.21,7.95,0.25,5.05,37.21,1.39,15.09,0,0,38.74,0,0,0,0,7.79,0,18.86,0,15.66,0,0,0,0,0,0,0,14.99,0,4.88,21.32,70.79,3.01,0,7.3,22.47,27.91,27.94,10.25,3.36,0.56,0.03,0,0,5.536
0,0.95,0,219,8,7,2002,5.01,0,0,0.482,0,0.3,0.28,0,0,0.1,0,29.16,0,0.21,7.95,0.25,5.05,37.21,1.39,15.09,0,0,38.74,0,0,0,0,7.79,0,18.86,0,15.66,0,0,0,0,0,0,0,14.99,0,4.88,21.32,70.79,3.01,0,7.3,22.47,27.91,27.94,10.25,3.36,0.56,0.03,0,0,5.707
0,0.95,0,220,8,8,2002,9.58,0,0,0.231,0,0.3,0.28,0,0,0.1,0,29.16,0,0.21,7.95,0.25,5.05,37.21,1.39,15.09,0,0,38.74,0,0,0,0,7.79,0,18.86,0,15.66,0,0,0,0,0,0,0,14.99,0,4.88,21.32,70.79,3.01,0,7.3,22.47,27.91,27.94,10.25,3.36,0.56,0.03,0,0,5.63
0,0.95,0,221,8,9,2002,7.12,0,0,0.153,0,0.3,0.28,0,0,0.1,0,29.16,0,0.21,7.95,0.25,5.05,37.21,1.39,15.09,0,0,38.74,0,0,0,0,7.79,0,18.86,0,15.66,0,0,0,0,0,0,0,14.99,0,4.88,21.32,70.79,3.01,0,7.3,22.47,27.91,27.94,10.25,3.36,0.56,0.03,0,0,6.643
0,0.95,0,222,8,10,2002,0.17,0,0,0.392,0,0.3,0.28,0,0,0.1,0,29.16,0,0.21,7.95,0.25,5.05,37.21,1.39,15.09,0,0,38.74,0,0,0,0,7.79,0,18.86,0,15.66,0,0,0,0,0,0,0,14.99,0,4.88,21.32,70.79,3.01,0,7.3,22.47,27.91,27.94,10.25,3.36,0.56,0.03,0,0,7.088
0,0.95,0,223,8,11,2002,2.2,0,0,0.207,0,0.3,0.28,0,0,0.1,0,29.16,0,0.21,7.95,0.25,5.05,37.21,1.39,15.09,0,0,38.74,0,0,0,0,7.79,0,18.86,0,15.66,0,0,0,0,0,0,0,14.99,0,4.88,21.32,70.79,3.01,0,7.3,22.47,27.91,27.94,10.25,3.36,0.56,0.03,0,0,6.225
0,0.95,0,224,8,12,2002,2.85,0,0,1.65,0,0.3,0.28,0,0,0.1,0,29.16,0,0.21,7.95,0.25,5.05,37.21,1.39,15.09,0,0,38.74,0,0,0,0,7.79,0,18.86,0,15.66,0,0,0,0,0,0,0,14.99,0,4.88,21.32,70.79,3.01,0,7.3,22.47,27.91,27.94,10.25,3.36,0.56,0.03,0,0,5.142
0,0.95,0,225,8,13,2002,3.75,0,0,0.193,0,0.3,0.28,0,0,0.1,0,29.16,0,0.21,7.95,0.25,5.05,37.21,1.39,15.09,0,0,38.74,0,0,0,0,7.79,0,18.86,0,15.66,0,0,0,0,0,0,0,14.99,0,4.88,21.32,70.79,3.01,0,7.3,22.47,27.91,27.94,10.25,3.36,0.56,0.03,0,0,4.677
0,0.95,0,226,8,14,2002,0.429,0,0,1.08,0,0.3,0.28,0,0,0.1,0,29.16,0,0.21,7.95,0.25,5.05,37.21,1.39,15.09,0,0,38.74,0,0,0,0,7.79,0,18.86,0,15.66,0,0,0,0,0,0,0,14.99,0,4.88,21.32,70.79,3.01,0,7.3,22.47,27.91,27.94,10.25,3.36,0.56,0.03,0,0,4.519
0,0.95,0,227,8,15,2002,6.57E-02,0,0,1.21,0,0.3,0.28,0,0,0.1,0,29.16,0,0.21,7.95,0.25,5.05,37.21,1.39,15.09,0,0,38.74,0,0,0,0,7.79,0,18.86,0,15.66,0,0,0,0,0,0,0,14.99,0,4.88,21.32,70.79,3.01,0,7.3,22.47,27.91,27.94,10.25,3.36,0.56,0.03,0,0,4.802
0,0.95,0,228,8,16,2002,0,0,0,1.47,0,0.3,0.28,0,0,0.1,0,29.16,0,0.21,7.95,0.25,5.05,37.21,1.39,15.09,0,0,38.74,0,0,0,0,7.79,0,18.86,0,15.66,0,0,0,0,0,0,0,14.99,0,4.88,21.32,70.79,3.01,0,7.3,22.47,27.91,27.94,10.25,3.36,0.56,0.03,0,0,4.964
0,0.95,0,229,8,17,2002,13.7,0,0,1.8,0,0.3,0.28,0,0,0.1,0,29.16,0,0.21,7.95,0.25,5.05,37.21,1.39,15.09,0,0,38.74,0,0,0,0,7.79,0,18.86,0,15.66,0,0,0,0,0,0,0,14.99,0,4.88,21.32,70.79,3.01,0,7.3,22.47,27.91,27.94,10.25,3.36,0.56,0.03,0,0,5.125
0,0.95,0,230,8,18,2002,2.72,0,0,0.206,0,0.3,0.28,0,0,0.1,0,29.16,0,0.21,7.95,0.25,5.05,37.21,1.39,15.09,0,0,38.74,0,0,0,0,7.79,0,18.86,0,15.66,0,0,0,0,0,0,0,14.99,0,4.88,21.32,70.79,3.01,0,7.3,22.47,27.91,27.94,10.25,3.36,0.56,0.03,0,0,5.931
0,0.95,0,231,8,19,2002,4.78E-02,0,0,0.31,0,0.3,0.28,0,0,0.1,0,29.16,0,0.21,7.95,0.25,5.05,37.21,1.39,15.09,0,0,38.74,0,0,0,0,7.79,0,18.86,0,15.66,0,0,0,0,0,0,0,14.99,0,4.88,21.32,70.79,3.01,0,7.3,22.47,27.91,27.94,10.25,3.36,0.56,0.03,0,0,5.204
0,0.95,0,232,8,20,2002,0,0,0,0.963,0,0.3,0.28,0,0,0.1,0,29.16,0,0.21,7.95,0.25,5.05,37.21,1.39,15.09,0,0,38.74,0,0,0,0,7.79,0,18.86,0,15.66,0,0,0,0,0,0,0,14.99,0,4.88,21.32,70.79,3.01,0,7.3,22.47,27.91,27.94,10.25,3.36,0.56,0.03,0,0,5.332
0,0.95,0,233,8,21,2002,0,0,0,1.42,0,0.3,0.28,0,0,0.1,0,29.16,0,0.21,7.95,0.25,5.05,37.21,1.39,15.09,0,0,38.74,0,0,0,0,7.79,0,18.86,0,15.66,0,0,0,0,0,0,0,14.99,0,4.88,21.32,70.79,3.01,0,7.3,22.47,27.91,27.94,10.25,3.36,0.56,0.03,0,0,5.095
0,0.95,0,234,8,22,2002,1.40E-02,0,0,0.964,0,0.3,0.28,0,0,0.1,0,29.16,0,0.21,7.95,0.25,5.05,37.21,1.39,15.09,0,0,38.74,0,0,0,0,7.79,0,18.86,0,15.66,0,0,0,0,0,0,0,14.99,0,4.88,21.32,70.79,3.01,0,7.3,22.47,27.91,27.94,10.25,3.36,0.56,0.03,0,0,5.17
0,0.95,0,235,8,23,2002,2.75,0,0,1.12,0,0.3,0.28,0,0,0.1,0,29.16,0,0.21,7.95,0.25,5.05,37.21,1.39,15.09,0,0,38.74,0,0,0,0,7.79,0,18.86,0,15.66,0,0,0,0,0,0,0,14.99,0,4.88,21.32,70.79,3.01,0,7.3,22.47,27.91,27.94,10.25,3.36,0.56,0.03,0,0,5.468
0,0.95,0,236,8,24,2002,2.02,0,0,0.617,0,0.3,0.28,0,0,0.1,0,29.16,0,0.21,7.95,0.25,5.05,37.21,1.39,15.09,0,0,38.74,0,0,0,0,7.79,0,18.86,0,15.66,0,0,0,0,0,0,0,14.99,0,4.88,21.32,70.79,3.01,0,7.3,22.47,27.91,27.94,10.25,3.36,0.56,0.03,0,0,5.51
0,0.95,0,237,8,25,2002,2.91E-03,0,0,0.5,0,0.3,0.28,0,0,0.1,0,29.16,0,0.21,7.95,0.25,5.05,37.21,1.39,15.09,0,0,38.74,0,0,0,0,7.79,0,18.86,0,15.66,0,0,0,0,0,0,0,14.99,0,4.88,21.32,70.79,3.01,0,7.3,22.47,27.91,27.94,10.25,3.36,0.56,0.03,0,0,5.329
0,0.95,0,238,8,26,2002,0,0,0,0.758,0,0.3,0.28,0,0,0.1,0,29.16,0,0.21,7.95,0.25,5.05,37.21,1.39,15.09,0,0,38.74,0,0,0,0,7.79,0,18.86,0,15.66,0,0,0,0,0,0,0,14.99,0,4.88,21.32,70.79,3.01,0,7.3,22.47,27.91,27.94,10.25,3.36,0.56,0.03,0,0,5.665
0,0.95,0,239,8,27,2002,0,0,0,1.05,0,0.3,0.28,0,0,0.1,0,29.16,0,0.21,7.95,0.25,5.05,37.21,1.39,15.09,0,0,38.74,0,0,0,0,7.79,0,18.86,0,15.66,0,0,0,0,0,0,0,14.99,0,4.88,21.32,70.79,3.01,0,7.3,22.47,27.91,27.94,10.25,3.36,0.56,0.03,0,0,5.518
0,0.95,0,240,8,28,2002,2.84,0,0,1.07,0,0.3,0.28,0,0,0.1,0,29.16,0,0.21,7.95,0.25,5.05,37.21,1.39,15.09,0,0,38.74,0,0,0,0,7.79,0,18.86,0,15.66,0,0,0,0,0,0,0,14.99,0,4.88,21.32,70.79,3.01,0,7.3,22.47,27.91,27.94,10.25,3.36,0.56,0.03,0,0,5.348
0,0.95,0,241,8,29,2002,1.51,0,0,0.21,0,0.3,0.28,0,0,0.1,0,29.16,0,0.21,7.95,0.25,5.05,37.21,1.39,15.09,0,0,38.74,0,0,0,0,7.79,0,18.86,0,15.66,0,0,0,0,0,0,0,14.99,0,4.88,21.32,70.79,3.01,0,7.3,22.47,27.91,27.94,10.25,3.36,0.56,0.03,0,0,5.111
0,0.95,0,242,8,30,2002,8.7,0,0,0.203,0,0.3,0.28,0,0,0.1,0,29.16,0,0.21,7.95,0.25,5.05,37.21,1.39,15.09,0,0,38.74,0,0,0,0,7.79,0,18.86,0,15.66,0,0,0,0,0,0,0,14.99,0,4.88,21.32,70.79,3.01,0,7.3,22.47,27.91,27.94,10.25,3.36,0.56,0.03,0,0,5.159
0,0.95,0,243,8,31,2002,1.40E-02,0,0,0.525,0,0.3,0.28,0,0,0.1,0,29.16,0,0.21,7.95,0.25,5.05,37.21,1.39,15.09,0,0,38.74,0,0,0,0,7.79,0,18.86,0,15.66,0,0,0,0,0,0,0,14.99,0,4.88,21.32,70.79,3.01,0,7.3,22.47,27.91,27.94,10.25,3.36,0.56,0.03,0,0,5.201
0,0.95,0,244,9,1,2002,1.93E-02,0,0,1.12,0,0.3,0.28,0,0,0.1,0,29.16,0,0.21,7.95,0.25,5.05,37.21,1.39,15.09,0,0,38.74,0,0,0,0,7.79,0,18.86,0,15.66,0,0,0,0,0,0,0,14.99,0,4.88,21.32,70.79,3.01,0,7.3,22.47,27.91,27.94,10.25,3.36,0.56,0.03,0,0,5.391
0,0.95,0,245,9,2,2002,0,0,0,1.14,0,0.3,0.28,0,0,0.1,0,29.16,0,0.21,7.95,0.25,5.05,37.21,1.39,15.09,0,0,38.74,0,0,0,0,7.79,0,18.86,0,15.66,0,0,0,0,0,0,0,14.99,0,4.88,21.32,70.79,3.01,0,7.3,22.47,27.91,27.94,10.25,3.36,0.56,0.03,0,0,5.431
0,0.95,0,246,9,3,2002,0,0,0,0.368,0,0.3,0.28,0,0,0.1,0,29.16,0,0.21,7.95,0.25,5.05,37.21,1.39,15.09,0,0,38.74,0,0,0,0,7.79,0,18.86,0,15.66,0,0,0,0,0,0,0,14.99,0,4.88,21.32,70.79,3.01,0,7.3,22.47,27.91,27.94,10.25,3.36,0.56,0.03,0,0,5.593
0,0.95,0,247,9,4,2002,0.628,0,0,0.367,0,0.3,0.28,0,0,0.1,0,29.16,0,0.21,7.95,0.25,5.05,37.21,1.39,15.09,0,0,38.74,0,0,0,0,7.79,0,18.86,0,15.66,0,0,0,0,0,0,0,14.99,0,4.88,21.32,70.79,3.01,0,7.3,22.47,27.91,27.94,10.25,3.36,0.56,0.03,0,0,5.758
0,0.95,0,248,9,5,2002,9.29,0,0,0.641,0,0.3,0.28,0,0,0.1,0,29.16,0,0.21,7.95,0.25,5.05,37.21,1.39,15.09,0,0,38.74,0,0,0,0,7.79,0,18.86,0,15.66,0,0,0,0,0,0,0,14.99,0,4.88,21.32,70.79,3.01,0,7.3,22.47,27.91,27.94,10.25,3.36,0.56,0.03,0,0,5.879
0,0.95,0,249,9,6,2002,8.97,0,0,0.262,0,0.3,0.28,0,0,0.1,0,29.16,0,0.21,7.95,0.25,5.05,37.21,1.39,15.09,0,0,38.74,0,0,0,0,7.79,0,18.86,0,15.66,0,0,0,0,0,0,0,14.99,0,4.88,21.32,70.79,3.01,0,7.3,22.47,27.91,27.94,10.25,3.36,0.56,0.03,0,0,5.635
0,0.95,0,250,9,7,2002,8.3,0,0,0.679,0,0.3,0.28,0,0,0.1,0,29.16,0,0.21,7.95,0.25,5.05,37.21,1.39,15.09,0,0,38.74,0,0,0,0,7.79,0,18.86,0,15.66,0,0,0,0,0,0,0,14.99,0,4.88,21.32,70.79,3.01,0,7.3,22.47,27.91,27.94,10.25,3.36,0.56,0.03,0,0,5.391
0,0.95,0,251,9,8,2002,0.724,0,0,0.525,0,0.3,0.28,0,0,0.1,0,29.16,0,0.21,7.95,0.25,5.05,37.21,1.39,15.09,0,0,38.74,0,0,0,0,7.79,0,18.86,0,15.66,0,0,0,0,0,0,0,14.99,0,4.88,21.32,70.79,3.01,0,7.3,22.47,27.91,27.94,10.25,3.36,0.56,0.03,0,0,5.555
0,0.95,0,252,9,9,2002,16,0,0,0.231,0,0.3,0.28,0,0,0.1,0,29.16,0,0.21,7.95,0.25,5.05,37.21,1.39,15.09,0,0,38.74,0,0,0,0,7.79,0,18.86,0,15.66,0,0,0,0,0,0,0,14.99,0,4.88,21.32,70.79,3.01,0,7.3,22.47,27.91,27.94,10.25,3.36,0.56,0.03,0,0,6.904
0,0.95,0,253,9,10,2002,1.31E-02,0,0,1.1,0,0.3,0.28,0,0,0.1,0,29.16,0,0.21,7.95,0.25,5.05,37.21,1.39,15.09,0,0,38.74,0,0,0,0,7.79,0,18.86,0,15.66,0,0,0,0,0,0,0,14.99,0,4.88,21.32,70.79,3.01,0,7.3,22.47,27.91,27.94,10.25,3.36,0.56,0.03,0,0,9.524
0,0.95,0,254,9,11,2002,0,0,0,1.14,0,0.3,0.28,0,0,0.1,0,29.16,0,0.21,7.95,0.25,5.05,37.21,1.39,15.09,0,0,38.74,0,0,0,0,7.79,0,18.86,0,15.66,0,0,0,0,0,0,0,14.99,0,4.88,21.32,70.79,3.01,0,7.3,22.47,27.91,27.94,10.25,3.36,0.56,0.03,0,0,7.064
0,0.95,0,255,9,12,2002,0,0,0,0.358,0,0.3,0.28,0,0,0.1,0,29.16,0,0.21,7.95,0.25,5.05,37.21,1.39,15.09,0,0,38.74,0,0,0,0,7.79,0,18.86,0,15.66,0,0,0,0,0,0,0,14.99,0,4.88,21.32,70.79,3.01,0,7.3,22.47,27.91,27.94,10.25,3.36,0.56,0.03,0,0,5.092
0,0.95,0,256,9,13,2002,3.35E-03,0,0,0.862,0,0.3,0.28,0,0,0.1,0,29.16,0,0.21,7.95,0.25,5.05,37.21,1.39,15.09,0,0,38.74,0,0,0,0,7.79,0,18.86,0,15.66,0,0,0,0,0,0,0,14.99,0,4.88,21.32,70.79,3.01,0,7.3,22.47,27.91,27.94,10.25,3.36,0.56,0.03,0,0,4.95
0,0.95,0,257,9,14,2002,0,0,0,0.994,0,0.3,0.28,0,0,0.1,0,29.16,0,0.21,7.95,0.25,5.05,37.21,1.39,15.09,0,0,38.74,0,0,0,0,7.79,0,18.86,0,15.66,0,0,0,0,0,0,0,14.99,0,4.88,21.32,70.79,3.01,0,7.3,22.47,27.91,27.94,10.25,3.36,0.56,0.03,0,0,5.701
0,0.95,0,258,9,15,2002,0,0,0,0.868,0,0.3,0.28,0,0,0.1,0,29.16,0,0.21,7.95,0.25,5.05,37.21,1.39,15.09,0,0,38.74,0,0,0,0,7.79,0,18.86,0,15.66,0,0,0,0,0,0,0,14.99,0,4.88,21.32,70.79,3.01,0,7.3,22.47,27.91,27.94,10.25,3.36,0.56,0.03,0,0,6.42
0,0.95,0,259,9,16,2002,0,0,0,0.165,0,0.3,0.28,0,0,0.1,0,29.16,0,0.21,7.95,0.25,5.05,37.21,1.39,15.09,0,0,38.74,0,0,0,0,7.79,0,18.86,0,15.66,0,0,0,0,0,0,0,14.99,0,4.88,21.32,70.79,3.01,0,7.3,22.47,27.91,27.94,10.25,3.36,0.56,0.03,0,0,5.974
0,0.95,0,260,9,17,2002,0,0,0,0.447,0,0.3,0.28,0,0,0.1,0,29.16,0,0.21,7.95,0.25,5.05,37.21,1.39,15.09,0,0,38.74,0,0,0,0,7.79,0,18.86,0,15.66,0,0,0,0,0,0,0,14.99,0,4.88,21.32,70.79,3.01,0,7.3,22.47,27.91,27.94,10.25,3.36,0.56,0.03,0,0,5.776
0,0.95,0,261,9,18,2002,0,0,0,0.456,0,0.3,0.28,0,0,0.1,0,29.16,0,0.21,7.95,0.25,5.05,37.21,1.39,15.09,0,0,38.74,0,0,0,0,7.79,0,18.86,0,15.66,0,0,0,0,0,0,0,14.99,0,4.88,21.32,70.79,3.01,0,7.3,22.47,27.91,27.94,10.25,3.36,0.56,0.03,0,0,6.052
0,0.95,0,262,9,19,2002,0,0,0,0.235,0,0.3,0.28,0,0,0.1,0,29.16,0,0.21,7.95,0.25,5.05,37.21,1.39,15.09,0,0,38.74,0,0,0,0,7.79,0,18.86,0,15.66,0,0,0,0,0,0,0,14.99,0,4.88,21.32,70.79,3.01,0,7.3,22.47,27.91,27.94,10.25,3.36,0.56,0.03,0,0,5.942
0,0.95,0,263,9,20,2002,0,0,0,0.407,0,0.3,0.28,0,0,0.1,0,29.16,0,0.21,7.95,0.25,5.05,37.21,1.39,15.09,0,0,38.74,0,0,0,0,7.79,0,18.86,0,15.66,0,0,0,0,0,0,0,14.99,0,4.88,21.32,70.79,3.01,0,7.3,22.47,27.91,27.94,10.25,3.36,0.56,0.03,0,0,6.183
0,0.95,0,264,9,21,2002,8.28E-03,0,0,0.788,0,0.3,0.28,0,0,0.1,0,29.16,0,0.21,7.95,0.25,5.05,37.21,1.39,15.09,0,0,38.74,0,0,0,0,7.79,0,18.86,0,15.66,0,0,0,0,0,0,0,14.99,0,4.88,21.32,70.79,3.01,0,7.3,22.47,27.91,27.94,10.25,3.36,0.56,0.03,0,0,6.132
0,0.95,0,265,9,22,2002,4.37E-03,0,0,0.271,0,0.3,0.28,0,0,0.1,0,29.16,0,0.21,7.95,0.25,5.05,37.21,1.39,15.09,0,0,38.74,0,0,0,0,7.79,0,18.86,0,15.66,0,0,0,0,0,0,0,14.99,0,4.88,21.32,70.79,3.01,0,7.3,22.47,27.91,27.94,10.25,3.36,0.56,0.03,0,0,6.228
0,0.95,0,266,9,23,2002,0,0,0,0.787,0,0.3,0.28,0,0,0.1,0,29.16,0,0.21,7.95,0.25,5.05,37.21,1.39,15.09,0,0,38.74,0,0,0,0,7.79,0,18.86,0,15.66,0,0,0,0,0,0,0,14.99,0,4.88,21.32,70.79,3.01,0,7.3,22.47,27.91,27.94,10.25,3.36,0.56,0.03,0,0,6.211
0,0.95,0,267,9,24,2002,0,0,0,0.726,0,0.3,0.28,0,0,0.1,0,29.16,0,0.21,7.95,0.25,5.05,37.21,1.39,15.09,0,0,38.74,0,0,0,0,7.79,0,18.86,0,15.66,0,0,0,0,0,0,0,14.99,0,4.88,21.32,70.79,3.01,0,7.3,22.47,27.91,27.94,10.25,3.36,0.56,0.03,0,0,6.275
0,0.95,0,268,9,25,2002,2.23,0,0,0.575,0,0.3,0.28,0,0,0.1,0,29.16,0,0.21,7.95,0.25,5.05,37.21,1.39,15.09,0,0,38.74,0,0,0,0,7.79,0,18.86,0,15.66,0,0,0,0,0,0,0,14.99,0,4.88,21.32,70.79,3.01,0,7.3,22.47,27.91,27.94,10.25,3.36,0.56,0.03,0,0,6.258
0,0.95,0,269,9,26,2002,2.09,0,0,0.586,0,0.3,0.28,0,0,0.1,0,29.16,0,0.21,7.95,0.25,5.05,37.21,1.39,15.09,0,0,38.74,0,0,0,0,7.79,0,18.86,0,15.66,0,0,0,0,0,0,0,14.99,0,4.88,21.32,70.79,3.01,0,7.3,22.47,27.91,27.94,10.25,3.36,0.56,0.03,0,0,6.159
0,0.95,0,270,9,27,2002,2.46E-02,0,0,0.267,0,0.3,0.28,0,0,0.1,0,29.16,0,0.21,7.95,0.25,5.05,37.21,1.39,15.09,0,0,38.74,0,0,0,0,7.79,0,18.86,0,15.66,0,0,0,0,0,0,0,14.99,0,4.88,21.32,70.79,3.01,0,7.3,22.47,27.91,27.94,10.25,3.36,0.56,0.03,0,0,6.205
0,0.95,0,271,9,28,2002,0,0,0,0.17,0,0.3,0.28,0,0,0.1,0,29.16,0,0.21,7.95,0.25,5.05,37.21,1.39,15.09,0,0,38.74,0,0,0,0,7.79,0,18.86,0,15.66,0,0,0,0,0,0,0,14.99,0,4.88,21.32,70.79,3.01,0,7.3,22.47,27.91,27.94,10.25,3.36,0.56,0.03,0,0,6.214
0,0.95,0,272,9,29,2002,0,0,0,0.954,0,0.3,0.28,0,0,0.1,0,29.16,0,0.21,7.95,0.25,5.05,37.21,1.39,15.09,0,0,38.74,0,0,0,0,7.79,0,18.86,0,15.66,0,0,0,0,0,0,0,14.99,0,4.88,21.32,70.79,3.01,0,7.3,22.47,27.91,27.94,10.25,3.36,0.56,0.03,0,0,6.433
0,0.95,0,273,9,30,2002,0.764,0,0,0.977,0,0.3,0.28,0,0,0.1,0,29.16,0,0.21,7.95,0.25,5.05,37.21,1.39,15.09,0,0,38.74,0,0,0,0,7.79,0,18.86,0,15.66,0,0,0,0,0,0,0,14.99,0,4.88,21.32,70.79,3.01,0,7.3,22.47,27.91,27.94,10.25,3.36,0.56,0.03,0,0,6.53
0,0.95,0,274,10,1,2002,0.268,0,0,0.773,0,0.3,0.28,0,0,0.1,0,29.16,0,0.21,7.95,0.25,5.05,37.21,1.39,15.09,0,0,38.74,0,0,0,0,7.79,0,18.86,0,15.66,0,0,0,0,0,0,0,14.99,0,4.88,21.32,70.79,3.01,0,7.3,22.47,27.91,27.94,10.25,3.36,0.56,0.03,0,0,6.667
0,0.95,0,275,10,2,2002,6.66,0,0,0.742,0,0.3,0.28,0,0,0.1,0,29.16,0,0.21,7.95,0.25,5.05,37.21,1.39,15.09,0,0,38.74,0,0,0,0,7.79,0,18.86,0,15.66,0,0,0,0,0,0,0,14.99,0,4.88,21.32,70.79,3.01,0,7.3,22.47,27.91,27.94,10.25,3.36,0.56,0.03,0,0,6.557
0,0.95,0,276,10,3,2002,7.17E-02,0,0,0.732,0,0.3,0.28,0,0,0.1,0,29.16,0,0.21,7.95,0.25,5.05,37.21,1.39,15.09,0,0,38.74,0,0,0,0,7.79,0,18.86,0,15.66,0,0,0,0,0,0,0,14.99,0,4.88,21.32,70.79,3.01,0,7.3,22.47,27.91,27.94,10.25,3.36,0.56,0.03,0,0,6.692
0,0.95,0,277,10,4,2002,0.209,0,0,0.707,0,0.3,0.28,0,0,0.1,0,29.16,0,0.21,7.95,0.25,5.05,37.21,1.39,15.09,0,0,38.74,0,0,0,0,7.79,0,18.86,0,15.66,0,0,0,0,0,0,0,14.99,0,4.88,21.32,70.79,3.01,0,7.3,22.47,27.91,27.94,10.25,3.36,0.56,0.03,0,0,6.698
0,0.95,0,278,10,5,2002,0.939,0,0,0.115,0,0.3,0.28,0,0,0.1,0,29.16,0,0.21,7.95,0.25,5.05,37.21,1.39,15.09,0,0,38.74,0,0,0,0,7.79,0,18.86,0,15.66,0,0,0,0,0,0,0,14.99,0,4.88,21.32,70.79,3.01,0,7.3,22.47,27.91,27.94,10.25,3.36,0.56,0.03,0,0,6.613
0,0.95,0,279,10,6,2002,7.26E-02,0,0,0.582,0,0.3,0.28,0,0,0.1,0,29.16,0,0.21,7.95,0.25,5.05,37.21,1.39,15.09,0,0,38.74,0,0,0,0,7.79,0,18.86,0,15.66,0,0,0,0,0,0,0,14.99,0,4.88,21.32,70.79,3.01,0,7.3,22.47,27.91,27.94,10.25,3.36,0.56,0.03,0,0,6.39
0,0.95,0,280,10,7,2002,0.934,0,0,0.141,0,0.3,0.28,0,0,0.1,0,29.16,0,0.21,7.95,0.25,5.05,37.21,1.39,15.09,0,0,38.74,0,0,0,0,7.79,0,18.86,0,15.66,0,0,0,0,0,0,0,14.99,0,4.88,21.32,70.79,3.01,0,7.3,22.47,27.91,27.94,10.25,3.36,0.56,0.03,0,0,6.435
0,0.95,0,281,10,8,2002,0,0,0,1,0,0.3,0.28,0,0,0.1,0,29.16,0,0.21,7.95,0.25,5.05,37.21,1.39,15.09,0,0,38.74,0,0,0,0,7.79,0,18.86,0,15.66,0,0,0,0,0,0,0,14.99,0,4.88,21.32,70.79,3.01,0,7.3,22.47,27.91,27.94,10.25,3.36,0.56,0.03,0,0,6.474
0,0.95,0,282,10,9,2002,0,0,0,1.04,0,0.3,0.28,0,0,0.1,0,29.16,0,0.21,7.95,0.25,5.05,37.21,1.39,15.09,0,0,38.74,0,0,0,0,7.79,0,18.86,0,15.66,0,0,0,0,0,0,0,14.99,0,4.88,21.32,70.79,3.01,0,7.3,22.47,27.91,27.94,10.25,3.36,0.56,0.03,0,0,6.618
0,0.95,0,283,10,10,2002,1.40E-02,0,0,0.291,0,0.3,0.28,0,0,0.1,0,29.16,0,0.21,7.95,0.25,5.05,37.21,1.39,15.09,0,0,38.74,0,0,0,0,7.79,0,18.86,0,15.66,0,0,0,0,0,0,0,14.99,0,4.88,21.32,70.79,3.01,0,7.3,22.47,27.91,27.94,10.25,3.36,0.56,0.03,0,0,6.755
0,0.95,0,284,10,11,2002,18.9,0,0,0.138,0,0.3,0.28,0,0,0.1,0,29.16,0,0.21,7.95,0.25,5.05,37.21,1.39,15.09,0,0,38.74,0,0,0,0,7.79,0,18.86,0,15.66,0,0,0,0,0,0,0,14.99,0,4.88,21.32,70.79,3.01,0,7.3,22.47,27.91,27.94,10.25,3.36,0.56,0.03,0,0,7.067
0,0.95,0,285,10,12,2002,0.127,0,0,0.565,0,0.3,0.28,0,0,0.1,0,29.16,0,0.21,7.95,0.25,5.05,37.21,1.39,15.09,0,0,38.74,0,0,0,0,7.79,0,18.86,0,15.66,0,0,0,0,0,0,0,14.99,0,4.88,21.32,70.79,3.01,0,7.3,22.47,27.91,27.94,10.25,3.36,0.56,0.03,0,0,7.05
0,0.95,0,286,10,13,2002,15.8,0,0,4.68E-02,0,0.3,0.28,0,0,0.1,0,29.16,0,0.21,7.95,0.25,5.05,37.21,1.39,15.09,0,0,38.74,0,0,0,0,7.79,0,18.86,0,15.66,0,0,0,0,0,0,0,14.99,0,4.88,21.32,70.79,3.01,0,7.3,22.47,27.91,27.94,10.25,3.36,0.56,0.03,0,0,7.027
0,0.95,0,287,10,14,2002,2.86,0,0,0.243,0,0.3,0.28,0,0,0.1,0,29.16,0,0.21,7.95,0.25,5.05,37.21,1.39,15.09,0,0,38.74,0,0,0,0,7.79,0,18.86,0,15.66,0,0,0,0,0,0,0,14.99,0,4.88,21.32,70.79,3.01,0,7.3,22.47,27.91,27.94,10.25,3.36,0.56,0.03,0,0,6.961
0,0.95,0,288,10,15,2002,4.57,0,0,0.14,0,0.3,0.28,0,0,0.1,0,29.16,0,0.21,7.95,0.25,5.05,37.21,1.39,15.09,0,0,38.74,0,0,0,0,7.79,0,18.86,0,15.66,0,0,0,0,0,0,0,14.99,0,4.88,21.32,70.79,3.01,0,7.3,22.47,27.91,27.94,10.25,3.36,0.56,0.03,0,0,7.294
0,0.95,0,289,10,16,2002,0.815,0,0,0.391,0,0.3,0.28,0,0,0.1,0,29.16,0,0.21,7.95,0.25,5.05,37.21,1.39,15.09,0,0,38.74,0,0,0,0,7.79,0,18.86,0,15.66,0,0,0,0,0,0,0,14.99,0,4.88,21.32,70.79,3.01,0,7.3,22.47,27.91,27.94,10.25,3.36,0.56,0.03,0,0,6.544
0,0.95,0,290,10,17,2002,0.626,0,0,0.22,0,0.3,0.28,0,0,0.1,0,29.16,0,0.21,7.95,0.25,5.05,37.21,1.39,15.09,0,0,38.74,0,0,0,0,7.79,0,18.86,0,15.66,0,0,0,0,0,0,0,14.99,0,4.88,21.32,70.79,3.01,0,7.3,22.47,27.91,27.94,10.25,3.36,0.56,0.03,0,0,4.949
0,0.95,0,291,10,18,2002,0.43,0,0,0.258,0,0.3,0.28,0,0,0.1,0,29.16,0,0.21,7.95,0.25,5.05,37.21,1.39,15.09,0,0,38.74,0,0,0,0,7.79,0,18.86,0,15.66,0,0,0,0,0,0,0,14.99,0,4.88,21.32,70.79,3.01,0,7.3,22.47,27.91,27.94,10.25,3.36,0.56,0.03,0,0,3.794
0,0.95,0,292,10,19,2002,0.602,0,0,0.256,0,0.3,0.28,0,0,0.1,0,29.16,0,0.21,7.95,0.25,5.05,37.21,1.39,15.09,0,0,38.74,0,0,0,0,7.79,0,18.86,0,15.66,0,0,0,0,0,0,0,14.99,0,4.88,21.32,70.79,3.01,0,7.3,22.47,27.91,27.94,10.25,3.36,0.56,0.03,0,0,3.055
0,0.95,0,293,10,20,2002,26.4,0,0,9.38E-02,0,0.3,0.28,0,0,0.1,0,29.16,0,0.21,7.95,0.25,5.05,37.21,1.39,15.09,0,0,38.74,0,0,0,0,7.79,0,18.86,0,15.66,0,0,0,0,0,0,0,14.99,0,4.88,21.32,70.79,3.01,0,7.3,22.47,27.91,27.94,10.25,3.36,0.56,0.03,0,0,5.446
0,0.95,0,294,10,21,2002,5.33,0,0,0.11,0,0.3,0.28,0,0,0.1,0,29.16,0,0.21,7.95,0.25,5.05,37.21,1.39,15.09,0,0,38.74,0,0,0,0,7.79,0,18.86,0,15.66,0,0,0,0,0,0,0,14.99,0,4.88,21.32,70.79,3.01,0,7.3,22.47,27.91,27.94,10.25,3.36,0.56,0.03,0,0,8.925
0,0.95,0,295,10,22,2002,5.08,0,0,0.136,0,0.3,0.28,0,0,0.1,0,29.16,0,0.21,7.95,0.25,5.05,37.21,1.39,15.09,0,0,38.74,0,0,0,0,7.79,0,18.86,0,15.66,0,0,0,0,0,0,0,14.99,0,4.88,21.32,70.79,3.01,0,7.3,22.47,27.91,27.94,10.25,3.36,0.56,0.03,0,0,8.954
0,0.95,0,296,10,23,2002,3.18,0,0,0.407,0,0.3,0.28,0,0,0.1,0,29.16,0,0.21,7.95,0.25,5.05,37.21,1.39,15.09,0,0,38.74,0,0,0,0,7.79,0,18.86,0,15.66,0,0,0,0,0,0,0,14.99,0,4.88,21.32,70.79,3.01,0,7.3,22.47,27.91,27.94,10.25,3.36,0.56,0.03,0,0,8.739
0,0.95,0,297,10,24,2002,57,0,0,0.318,0,0.3,0.28,0,0,0.1,0,29.16,0,0.21,7.95,0.25,5.05,37.21,1.39,15.09,0,0,38.74,0,0,0,0,7.79,0,18.86,0,15.66,0,0,0,0,0,0,0,14.99,0,4.88,21.32,70.79,3.01,0,7.3,22.47,27.91,27.94,10.25,3.36,0.56,0.03,0,0,11.94
0,0.95,0,298,10,25,2002,20,0,0,0.391,0,0.3,0.28,0,0,0.1,0,29.16,0,0.21,7.95,0.25,5.05,37.21,1.39,15.09,0,0,38.74,0,0,0,0,7.79,0,18.86,0,15.66,0,0,0,0,0,0,0,14.99,0,4.88,21.32,70.79,3.01,0,7.3,22.47,27.91,27.94,10.25,3.36,0.56,0.03,0,0,32.93
0,0.95,0,299,10,26,2002,45.6,0,0,0.606,0,0.3,0.28,0,0,0.1,0,29.16,0,0.21,7.95,0.25,5.05,37.21,1.39,15.09,0,0,38.74,0,0,0,0,7.79,0,18.86,0,15.66,0,0,0,0,0,0,0,14.99,0,4.88,21.32,70.79,3.01,0,7.3,22.47,27.91,27.94,10.25,3.36,0.56,0.03,0,0,40.95
0,0.95,0,300,10,27,2002,9.51,0,0,0.308,0,0.3,0.28,0,0,0.1,0,29.16,0,0.21,7.95,0.25,5.05,37.21,1.39,15.09,0,0,38.74,0,0,0,0,7.79,0,18.86,0,15.66,0,0,0,0,0,0,0,14.99,0,4.88,21.32,70.79,3.01,0,7.3,22.47,27.91,27.94,10.25,3.36,0.56,0.03,0,0,51.87
0,0.95,0,301,10,28,2002,4.2,0,0,0.469,0,0.3,0.28,0,0,0.1,0,29.16,0,0.21,7.95,0.25,5.05,37.21,1.39,15.09,0,0,38.74,0,0,0,0,7.79,0,18.86,0,15.66,0,0,0,0,0,0,0,14.99,0,4.88,21.32,70.79,3.01,0,7.3,22.47,27.91,27.94,10.25,3.36,0.56,0.03,0,0,56.72
0,0.95,0,302,10,29,2002,12.8,0,0,0,0,0.3,0.28,0,0,0.1,0,29.16,0,0.21,7.95,0.25,5.05,37.21,1.39,15.09,0,0,38.74,0,0,0,0,7.79,0,18.86,0,15.66,0,0,0,0,0,0,0,14.99,0,4.88,21.32,70.79,3.01,0,7.3,22.47,27.91,27.94,10.25,3.36,0.56,0.03,0,0,37.66
0,0.95,0,303,10,30,2002,0.603,0,0,1.23E-02,0,0.3,0.28,0,0,0.1,0,29.16,0,0.21,7.95,0.25,5.05,37.21,1.39,15.09,0,0,38.74,0,0,0,0,7.79,0,18.86,0,15.66,0,0,0,0,0,0,0,14.99,0,4.88,21.32,70.79,3.01,0,7.3,22.47,27.91,27.94,10.25,3.36,0.56,0.03,0,0,26.1
0,0.95,0,304,10,31,2002,1.17,0,0,6.10E-03,0,0.3,0.28,0,0,0.1,0,29.16,0,0.21,7.95,0.25,5.05,37.21,1.39,15.09,0,0,38.74,0,0,0,0,7.79,0,18.86,0,15.66,0,0,0,0,0,0,0,14.99,0,4.88,21.32,70.79,3.01,0,7.3,22.47,27.91,27.94,10.25,3.36,0.56,0.03,0,0,17.99
0,0.95,0,305,11,1,2002,17.3,0,0,8.18E-02,0,0.3,0.28,0,0,0.1,0,29.16,0,0.21,7.95,0.25,5.05,37.21,1.39,15.09,0,0,38.74,0,0,0,0,7.79,0,18.86,0,15.66,0,0,0,0,0,0,0,14.99,0,4.88,21.32,70.79,3.01,0,7.3,22.47,27.91,27.94,10.25,3.36,0.56,0.03,0,0,18.1
0,0.95,0,306,11,2,2002,18.1,0,0,5.89E-02,0,0.3,0.28,0,0,0.1,0,29.16,0,0.21,7.95,0.25,5.05,37.21,1.39,15.09,0,0,38.74,0,0,0,0,7.79,0,18.86,0,15.66,0,0,0,0,0,0,0,14.99,0,4.88,21.32,70.79,3.01,0,7.3,22.47,27.91,27.94,10.25,3.36,0.56,0.03,0,0,22.71
0,0.95,0,307,11,3,2002,8.3,0,0,0.36,0,0.3,0.28,0,0,0.1,0,29.16,0,0.21,7.95,0.25,5.05,37.21,1.39,15.09,0,0,38.74,0,0,0,0,7.79,0,18.86,0,15.66,0,0,0,0,0,0,0,14.99,0,4.88,21.32,70.79,3.01,0,7.3,22.47,27.91,27.94,10.25,3.36,0.56,0.03,0,0,26.18
0,0.95,0,308,11,4,2002,3.15,0,0,0.202,0,0.3,0.28,0,0,0.1,0,29.16,0,0.21,7.95,0.25,5.05,37.21,1.39,15.09,0,0,38.74,0,0,0,0,7.79,0,18.86,0,15.66,0,0,0,0,0,0,0,14.99,0,4.88,21.32,70.79,3.01,0,7.3,22.47,27.91,27.94,10.25,3.36,0.56,0.03,0,0,21.66
0,0.95,0,309,11,5,2002,19.8,0,0,6.07E-02,0,0.3,0.28,0,0,0.1,0,29.16,0,0.21,7.95,0.25,5.05,37.21,1.39,15.09,0,0,38.74,0,0,0,0,7.79,0,18.86,0,15.66,0,0,0,0,0,0,0,14.99,0,4.88,21.32,70.79,3.01,0,7.3,22.47,27.91,27.94,10.25,3.36,0.56,0.03,0,0,17.89
0,0.95,0,310,11,6,2002,4.6,0,0,0.403,0,0.3,0.28,0,0,0.1,0,29.16,0,0.21,7.95,0.25,5.05,37.21,1.39,15.09,0,0,38.74,0,0,0,0,7.79,0,18.86,0,15.66,0,0,0,0,0,0,0,14.99,0,4.88,21.32,70.79,3.01,0,7.3,22.47,27.91,27.94,10.25,3.36,0.56,0.03,0,0,25.74
0,0.95,0,311,11,7,2002,16,0,0,0.185,0,0.3,0.28,0,0,0.1,0,29.16,0,0.21,7.95,0.25,5.05,37.21,1.39,15.09,0,0,38.74,0,0,0,0,7.79,0,18.86,0,15.66,0,0,0,0,0,0,0,14.99,0,4.88,21.32,70.79,3.01,0,7.3,22.47,27.91,27.94,10.25,3.36,0.56,0.03,0,0,24.8
0,0.95,0,312,11,8,2002,35.5,0,0,2.04E-02,0,0.3,0.28,0,0,0.1,0,29.16,0,0.21,7.95,0.25,5.05,37.21,1.39,15.09,0,0,38.74,0,0,0,0,7.79,0,18.86,0,15.66,0,0,0,0,0,0,0,14.99,0,4.88,21.32,70.79,3.01,0,7.3,22.47,27.91,27.94,10.25,3.36,0.56,0.03,0,0,33.94
0,0.95,0,313,11,9,2002,11.7,0,0,4.96E-02,0,0.3,0.28,0,0,0.1,0,29.16,0,0.21,7.95,0.25,5.05,37.21,1.39,15.09,0,0,38.74,0,0,0,0,7.79,0,18.86,0,15.66,0,0,0,0,0,0,0,14.99,0,4.88,21.32,70.79,3.01,0,7.3,22.47,27.91,27.94,10.25,3.36,0.56,0.03,0,0,50.61
0,0.95,0,314,11,10,2002,4.19,0,0,0.161,0,0.3,0.28,0,0,0.1,0,29.16,0,0.21,7.95,0.25,5.05,37.21,1.39,15.09,0,0,38.74,0,0,0,0,7.79,0,18.86,0,15.66,0,0,0,0,0,0,0,14.99,0,4.88,21.32,70.79,3.01,0,7.3,22.47,27.91,27.94,10.25,3.36,0.56,0.03,0,0,42.08
0,0.95,0,315,11,11,2002,13.7,0,0,0.296,0,0.3,0.28,0,0,0.1,0,29.16,0,0.21,7.95,0.25,5.05,37.21,1.39,15.09,0,0,38.74,0,0,0,0,7.79,0,18.86,0,15.66,0,0,0,0,0,0,0,14.99,0,4.88,21.32,70.79,3.01,0,7.3,22.47,27.91,27.94,10.25,3.36,0.56,0.03,0,0,33.33
0,0.95,0,316,11,12,2002,7.81,0,0,0.165,0,0.3,0.28,0,0,0.1,0,29.16,0,0.21,7.95,0.25,5.05,37.21,1.39,15.09,0,0,38.74,0,0,0,0,7.79,0,18.86,0,15.66,0,0,0,0,0,0,0,14.99,0,4.88,21.32,70.79,3.01,0,7.3,22.47,27.91,27.94,10.25,3.36,0.56,0.03,0,0,31.95
0,0.95,0,317,11,13,2002,11.6,0,0,8.30E-02,0,0.3,0.28,0,0,0.1,0,29.16,0,0.21,7.95,0.25,5.05,37.21,1.39,15.09,0,0,38.74,0,0,0,0,7.79,0,18.86,0,15.66,0,0,0,0,0,0,0,14.99,0,4.88,21.32,70.79,3.01,0,7.3,22.47,27.91,27.94,10.25,3.36,0.56,0.03,0,0,27.43
0,0.95,0,318,11,14,2002,8.23,0,0,0.133,0,0.3,0.28,0,0,0.1,0,29.16,0,0.21,7.95,0.25,5.05,37.21,1.39,15.09,0,0,38.74,0,0,0,0,7.79,0,18.86,0,15.66,0,0,0,0,0,0,0,14.99,0,4.88,21.32,70.79,3.01,0,7.3,22.47,27.91,27.94,10.25,3.36,0.56,0.03,0,0,28.98
0,0.95,0,319,11,15,2002,0.209,0,0,3.88E-02,0,0.3,0.28,0,0,0.1,0,29.16,0,0.21,7.95,0.25,5.05,37.21,1.39,15.09,0,0,38.74,0,0,0,0,7.79,0,18.86,0,15.66,0,0,0,0,0,0,0,14.99,0,4.88,21.32,70.79,3.01,0,7.3,22.47,27.91,27.94,10.25,3.36,0.56,0.03,0,0,28.43
0,0.95,0,320,11,16,2002,6.16E-03,0,0,5.16E-03,0,0.3,0.28,0,0,0.1,0,29.16,0,0.21,7.95,0.25,5.05,37.21,1.39,15.09,0,0,38.74,0,0,0,0,7.79,0,18.86,0,15.66,0,0,0,0,0,0,0,14.99,0,4.88,21.32,70.79,3.01,0,7.3,22.47,27.91,27.94,10.25,3.36,0.56,0.03,0,0,24.12
0,0.95,0,321,11,17,2002,0.106,0,0,7.36E-03,0,0.3,0.28,0,0,0.1,0,29.16,0,0.21,7.95,0.25,5.05,37.21,1.39,15.09,0,0,38.74,0,0,0,0,7.79,0,18.86,0,15.66,0,0,0,0,0,0,0,14.99,0,4.88,21.32,70.79,3.01,0,7.3,22.47,27.91,27.94,10.25,3.36,0.56,0.03,0,0,19.83
0,0.95,0,322,11,18,2002,5.58E-03,0,0,5.41E-02,0,0.3,0.28,0,0,0.1,0,29.16,0,0.21,7.95,0.25,5.05,37.21,1.39,15.09,0,0,38.74,0,0,0,0,7.79,0,18.86,0,15.66,0,0,0,0,0,0,0,14.99,0,4.88,21.32,70.79,3.01,0,7.3,22.47,27.91,27.94,10.25,3.36,0.56,0.03,0,0,15.75
0,0.95,0,323,11,19,2002,4.07,0,0,0.135,0,0.3,0.28,0,0,0.1,0,29.16,0,0.21,7.95,0.25,5.05,37.21,1.39,15.09,0,0,38.74,0,0,0,0,7.79,0,18.86,0,15.66,0,0,0,0,0,0,0,14.99,0,4.88,21.32,70.79,3.01,0,7.3,22.47,27.91,27.94,10.25,3.36,0.56,0.03,0,0,12.77
0,0.95,0,324,11,20,2002,2.77,0,0,8.23E-02,0,0.3,0.28,0,0,0.1,0,29.16,0,0.21,7.95,0.25,5.05,37.21,1.39,15.09,0,0,38.74,0,0,0,0,7.79,0,18.86,0,15.66,0,0,0,0,0,0,0,14.99,0,4.88,21.32,70.79,3.01,0,7.3,22.47,27.91,27.94,10.25,3.36,0.56,0.03,0,0,11.87
0,0.95,0,325,11,21,2002,1.79,0,0,0.107,0,0.3,0.28,0,0,0.1,0,29.16,0,0.21,7.95,0.25,5.05,37.21,1.39,15.09,0,0,38.74,0,0,0,0,7.79,0,18.86,0,15.66,0,0,0,0,0,0,0,14.99,0,4.88,21.32,70.79,3.01,0,7.3,22.47,27.91,27.94,10.25,3.36,0.56,0.03,0,0,11.85
0,0.95,0,326,11,22,2002,2.45,0,0,0.125,0,0.3,0.28,0,0,0.1,0,29.16,0,0.21,7.95,0.25,5.05,37.21,1.39,15.09,0,0,38.74,0,0,0,0,7.79,0,18.86,0,15.66,0,0,0,0,0,0,0,14.99,0,4.88,21.32,70.79,3.01,0,7.3,22.47,27.91,27.94,10.25,3.36,0.56,0.03,0,0,11.66
0,0.95,0,327,11,23,2002,0.645,0,0,0.13,0,0.3,0.28,0,0,0.1,0,29.16,0,0.21,7.95,0.25,5.05,37.21,1.39,15.09,0,0,38.74,0,0,0,0,7.79,0,18.86,0,15.66,0,0,0,0,0,0,0,14.99,0,4.88,21.32,70.79,3.01,0,7.3,22.47,27.91,27.94,10.25,3.36,0.56,0.03,0,0,12.05
0,0.95,0,328,11,24,2002,8.05E-02,0,0,8.93E-02,0,0.3,0.28,0,0,0.1,0,29.16,0,0.21,7.95,0.25,5.05,37.21,1.39,15.09,0,0,38.74,0,0,0,0,7.79,0,18.86,0,15.66,0,0,0,0,0,0,0,14.99,0,4.88,21.32,70.79,3.01,0,7.3,22.47,27.91,27.94,10.25,3.36,0.56,0.03,0,0,12.11
0,0.95,0,329,11,25,2002,0.719,0,0,5.53E-02,0,0.3,0.28,0,0,0.1,0,29.16,0,0.21,7.95,0.25,5.05,37.21,1.39,15.09,0,0,38.74,0,0,0,0,7.79,0,18.86,0,15.66,0,0,0,0,0,0,0,14.99,0,4.88,21.32,70.79,3.01,0,7.3,22.47,27.91,27.94,10.25,3.36,0.56,0.03,0,0,10.53
0,0.95,0,330,11,26,2002,4.98,0,0,0.148,0,0.3,0.28,0,0,0.1,0,29.16,0,0.21,7.95,0.25,5.05,37.21,1.39,15.09,0,0,38.74,0,0,0,0,7.79,0,18.86,0,15.66,0,0,0,0,0,0,0,14.99,0,4.88,21.32,70.79,3.01,0,7.3,22.47,27.91,27.94,10.25,3.36,0.56,0.03,0,0,9.516
0,0.95,0,331,11,27,2002,14.2,0,0,0.21,0,0.3,0.28,0,0,0.1,0,29.16,0,0.21,7.95,0.25,5.05,37.21,1.39,15.09,0,0,38.74,0,0,0,0,7.79,0,18.86,0,15.66,0,0,0,0,0,0,0,14.99,0,4.88,21.32,70.79,3.01,0,7.3,22.47,27.91,27.94,10.25,3.36,0.56,0.03,0,0,9.685
0,0.95,0,332,11,28,2002,5.54,0,0,0.159,0,0.3,0.28,0,0,0.1,0,29.16,0,0.21,7.95,0.25,5.05,37.21,1.39,15.09,0,0,38.74,0,0,0,0,7.79,0,18.86,0,15.66,0,0,0,0,0,0,0,14.99,0,4.88,21.32,70.79,3.01,0,7.3,22.47,27.91,27.94,10.25,3.36,0.56,0.03,0,0,12
0,0.95,0,333,11,29,2002,0.314,0,0,0,0,0.3,0.28,0,0,0.1,0,29.16,0,0.21,7.95,0.25,5.05,37.21,1.39,15.09,0,0,38.74,0,0,0,0,7.79,0,18.86,0,15.66,0,0,0,0,0,0,0,14.99,0,4.88,21.32,70.79,3.01,0,7.3,22.47,27.91,27.94,10.25,3.36,0.56,0.03,0,0,11.41
0,0.95,0,334,11,30,2002,9.53,0,0,1.15E-02,0,0.3,0.28,0,0,0.1,0,29.16,0,0.21,7.95,0.25,5.05,37.21,1.39,15.09,0,0,38.74,0,0,0,0,7.79,0,18.86,0,15.66,0,0,0,0,0,0,0,14.99,0,4.88,21.32,70.79,3.01,0,7.3,22.47,27.91,27.94,10.25,3.36,0.56,0.03,0,0,13.01
0,0.95,0,335,12,1,2002,40.5,0,0,0.24,0,0.3,0.28,0,0,0.1,0,29.16,0,0.21,7.95,0.25,5.05,37.21,1.39,15.09,0,0,38.74,0,0,0,0,7.79,0,18.86,0,15.66,0,0,0,0,0,0,0,14.99,0,4.88,21.32,70.79,3.01,0,7.3,22.47,27.91,27.94,10.25,3.36,0.56,0.03,0,0,20.41
0,0.95,0,336,12,2,2002,21.3,0,0,0.185,0,0.3,0.28,0,0,0.1,0,29.16,0,0.21,7.95,0.25,5.05,37.21,1.39,15.09,0,0,38.74,0,0,0,0,7.79,0,18.86,0,15.66,0,0,0,0,0,0,0,14.99,0,4.88,21.32,70.79,3.01,0,7.3,22.47,27.91,27.94,10.25,3.36,0.56,0.03,0,0,37.13
0,0.95,0,337,12,3,2002,8.11,0,0,2.37E-02,0,0.3,0.28,0,0,0.1,0,29.16,0,0.21,7.95,0.25,5.05,37.21,1.39,15.09,0,0,38.74,0,0,0,0,7.79,0,18.86,0,15.66,0,0,0,0,0,0,0,14.99,0,4.88,21.32,70.79,3.01,0,7.3,22.47,27.91,27.94,10.25,3.36,0.56,0.03,0,0,47.47
0,0.95,0,338,12,4,2002,1.86,0,0,8.94E-02,0,0.3,0.28,0,0,0.1,0,29.16,0,0.21,7.95,0.25,5.05,37.21,1.39,15.09,0,0,38.74,0,0,0,0,7.79,0,18.86,0,15.66,0,0,0,0,0,0,0,14.99,0,4.88,21.32,70.79,3.01,0,7.3,22.47,27.91,27.94,10.25,3.36,0.56,0.03,0,0,35.41
0,0.95,0,339,12,5,2002,2.81E-02,0,0,9.86E-03,0,0.3,0.28,0,0,0.1,0,29.16,0,0.21,7.95,0.25,5.05,37.21,1.39,15.09,0,0,38.74,0,0,0,0,7.79,0,18.86,0,15.66,0,0,0,0,0,0,0,14.99,0,4.88,21.32,70.79,3.01,0,7.3,22.47,27.91,27.94,10.25,3.36,0.56,0.03,0,0,25.05
0,0.95,0,340,12,6,2002,0.591,0,0,6.05E-03,0,0.3,0.28,0,0,0.1,0,29.16,0,0.21,7.95,0.25,5.05,37.21,1.39,15.09,0,0,38.74,0,0,0,0,7.79,0,18.86,0,15.66,0,0,0,0,0,0,0,14.99,0,4.88,21.32,70.79,3.01,0,7.3,22.47,27.91,27.94,10.25,3.36,0.56,0.03,0,0,19.94
0,0.95,0,341,12,7,2002,0.192,0,0,0.102,0,0.3,0.28,0,0,0.1,0,29.16,0,0.21,7.95,0.25,5.05,37.21,1.39,15.09,0,0,38.74,0,0,0,0,7.79,0,18.86,0,15.66,0,0,0,0,0,0,0,14.99,0,4.88,21.32,70.79,3.01,0,7.3,22.47,27.91,27.94,10.25,3.36,0.56,0.03,0,0,17.63
0,0.95,0,342,12,8,2002,7.06E-02,0,0,0.122,0,0.3,0.28,0,0,0.1,0,29.16,0,0.21,7.95,0.25,5.05,37.21,1.39,15.09,0,0,38.74,0,0,0,0,7.79,0,18.86,0,15.66,0,0,0,0,0,0,0,14.99,0,4.88,21.32,70.79,3.01,0,7.3,22.47,27.91,27.94,10.25,3.36,0.56,0.03,0,0,15.91
0,0.95,0,343,12,9,2002,0,0,0,0.206,0,0.3,0.28,0,0,0.1,0,29.16,0,0.21,7.95,0.25,5.05,37.21,1.39,15.09,0,0,38.74,0,0,0,0,7.79,0,18.86,0,15.66,0,0,0,0,0,0,0,14.99,0,4.88,21.32,70.79,3.01,0,7.3,22.47,27.91,27.94,10.25,3.36,0.56,0.03,0,0,13.02
0,0.95,0,344,12,10,2002,0,0,0,0.309,0,0.3,0.28,0,0,0.1,0,29.16,0,0.21,7.95,0.25,5.05,37.21,1.39,15.09,0,0,38.74,0,0,0,0,7.79,0,18.86,0,15.66,0,0,0,0,0,0,0,14.99,0,4.88,21.32,70.79,3.01,0,7.3,22.47,27.91,27.94,10.25,3.36,0.56,0.03,0,0,9.032
0,0.95,0,345,12,11,2002,0,0,0,0.3,0,0.3,0.28,0,0,0.1,0,29.16,0,0.21,7.95,0.25,5.05,37.21,1.39,15.09,0,0,38.74,0,0,0,0,7.79,0,18.86,0,15.66,0,0,0,0,0,0,0,14.99,0,4.88,21.32,70.79,3.01,0,7.3,22.47,27.91,27.94,10.25,3.36,0.56,0.03,0,0,6.826
0,0.95,0,346,12,12,2002,0.144,8.14E-02,4.43E-02,8.81E-02,0,0.3,0.28,0,0,0.1,0,29.16,0,0.21,7.95,0.25,5.05,37.21,1.39,15.09,0,0,38.74,0,0,0,0,7.79,0,18.86,0,15.66,0,0,0,0,0,0,0,14.99,0,4.88,21.32,70.79,3.01,0,7.3,22.47,27.91,27.94,10.25,3.36,0.56,0.03,0,0,5.692
0,0.95,0,347,12,13,2002,0.132,1.46E-02,5.17E-02,0,0,0.3,0.28,0,0,0.1,0,29.16,0,0.21,7.95,0.25,5.05,37.21,1.39,15.09,0,0,38.74,0,0,0,0,7.79,0,18.86,0,15.66,0,0,0,0,0,0,0,14.99,0,4.88,21.32,70.79,3.01,0,7.3,22.47,27.91,27.94,10.25,3.36,0.56,0.03,0,0,6.13
0,0.95,0,348,12,14,2002,3.18,0,0,6.54E-03,0,0.3,0.28,0,0,0.1,0,29.16,0,0.21,7.95,0.25,5.05,37.21,1.39,15.09,0,0,38.74,0,0,0,0,7.79,0,18.86,0,15.66,0,0,0,0,0,0,0,14.99,0,4.88,21.32,70.79,3.01,0,7.3,22.47,27.91,27.94,10.25,3.36,0.56,0.03,0,0,7.415
0,0.95,0,349,12,15,2002,7.59,0,0,3.92E-02,0,0.3,0.28,0,0,0.1,0,29.16,0,0.21,7.95,0.25,5.05,37.21,1.39,15.09,0,0,38.74,0,0,0,0,7.79,0,18.86,0,15.66,0,0,0,0,0,0,0,14.99,0,4.88,21.32,70.79,3.01,0,7.3,22.47,27.91,27.94,10.25,3.36,0.56,0.03,0,0,8.811
0,0.95,0,350,12,16,2002,1.51,0,0,6.72E-03,0,0.3,0.28,0,0,0.1,0,29.16,0,0.21,7.95,0.25,5.05,37.21,1.39,15.09,0,0,38.74,0,0,0,0,7.79,0,18.86,0,15.66,0,0,0,0,0,0,0,14.99,0,4.88,21.32,70.79,3.01,0,7.3,22.47,27.91,27.94,10.25,3.36,0.56,0.03,0,0,9.461
0,0.95,0,351,12,17,2002,8.62E-03,0,0,1.03E-02,0,0.3,0.28,0,0,0.1,0,29.16,0,0.21,7.95,0.25,5.05,37.21,1.39,15.09,0,0,38.74,0,0,0,0,7.79,0,18.86,0,15.66,0,0,0,0,0,0,0,14.99,0,4.88,21.32,70.79,3.01,0,7.3,22.47,27.91,27.94,10.25,3.36,0.56,0.03,0,0,8.028
0,0.95,0,352,12,18,2002,3.40E-02,2.79E-02,0,1.18E-02,0,0.3,0.28,0,0,0.1,0,29.16,0,0.21,7.95,0.25,5.05,37.21,1.39,15.09,0,0,38.74,0,0,0,0,7.79,0,18.86,0,15.66,0,0,0,0,0,0,0,14.99,0,4.88,21.32,70.79,3.01,0,7.3,22.47,27.91,27.94,10.25,3.36,0.56,0.03,0,0,6.735
0,0.95,0,353,12,19,2002,0.332,0.168,0.193,4.27E-02,0,0.3,0.28,0,0,0.1,0,29.16,0,0.21,7.95,0.25,5.05,37.21,1.39,15.09,0,0,38.74,0,0,0,0,7.79,0,18.86,0,15.66,0,0,0,0,0,0,0,14.99,0,4.88,21.32,70.79,3.01,0,7.3,22.47,27.91,27.94,10.25,3.36,0.56,0.03,0,0,5.297
0,0.95,0,354,12,20,2002,0.136,4.57E-02,4.88E-02,9.84E-04,0,0.3,0.28,0,0,0.1,0,29.16,0,0.21,7.95,0.25,5.05,37.21,1.39,15.09,0,0,38.74,0,0,0,0,7.79,0,18.86,0,15.66,0,0,0,0,0,0,0,14.99,0,4.88,21.32,70.79,3.01,0,7.3,22.47,27.91,27.94,10.25,3.36,0.56,0.03,0,0,4.355
0,0.95,0,355,12,21,2002,17.2,0,0,3.03E-03,0,0.3,0.28,0,0,0.1,0,29.16,0,0.21,7.95,0.25,5.05,37.21,1.39,15.09,0,0,38.74,0,0,0,0,7.79,0,18.86,0,15.66,0,0,0,0,0,0,0,14.99,0,4.88,21.32,70.79,3.01,0,7.3,22.47,27.91,27.94,10.25,3.36,0.56,0.03,0,0,4.697
0,0.95,0,356,12,22,2002,2.47,0,0,6.68E-03,0,0.3,0.28,0,0,0.1,0,29.16,0,0.21,7.95,0.25,5.05,37.21,1.39,15.09,0,0,38.74,0,0,0,0,7.79,0,18.86,0,15.66,0,0,0,0,0,0,0,14.99,0,4.88,21.32,70.79,3.01,0,7.3,22.47,27.91,27.94,10.25,3.36,0.56,0.03,0,0,6.91
0,0.95,0,357,12,23,2002,8.67,0,0,9.03E-02,0,0.3,0.28,0,0,0.1,0,29.16,0,0.21,7.95,0.25,5.05,37.21,1.39,15.09,0,0,38.74,0,0,0,0,7.79,0,18.86,0,15.66,0,0,0,0,0,0,0,14.99,0,4.88,21.32,70.79,3.01,0,7.3,22.47,27.91,27.94,10.25,3.36,0.56,0.03,0,0,7.01
0,0.95,0,358,12,24,2002,13.8,0,0,0.152,0,0.3,0.28,0,0,0.1,0,29.16,0,0.21,7.95,0.25,5.05,37.21,1.39,15.09,0,0,38.74,0,0,0,0,7.79,0,18.86,0,15.66,0,0,0,0,0,0,0,14.99,0,4.88,21.32,70.79,3.01,0,7.3,22.47,27.91,27.94,10.25,3.36,0.56,0.03,0,0,12.49
0,0.95,0,359,12,25,2002,4.77,0,0,4.03E-02,0,0.3,0.28,0,0,0.1,0,29.16,0,0.21,7.95,0.25,5.05,37.21,1.39,15.09,0,0,38.74,0,0,0,0,7.79,0,18.86,0,15.66,0,0,0,0,0,0,0,14.99,0,4.88,21.32,70.79,3.01,0,7.3,22.47,27.91,27.94,10.25,3.36,0.56,0.03,0,0,13.74
0,0.95,0,360,12,26,2002,19.5,0,0,3.29E-02,0,0.3,0.28,0,0,0.1,0,29.16,0,0.21,7.95,0.25,5.05,37.21,1.39,15.09,0,0,38.74,0,0,0,0,7.79,0,18.86,0,15.66,0,0,0,0,0,0,0,14.99,0,4.88,21.32,70.79,3.01,0,7.3,22.47,27.91,27.94,10.25,3.36,0.56,0.03,0,0,14.48
0,0.95,0,361,12,27,2002,2.23,0,0,5.30E-02,0,0.3,0.28,0,0,0.1,0,29.16,0,0.21,7.95,0.25,5.05,37.21,1.39,15.09,0,0,38.74,0,0,0,0,7.79,0,18.86,0,15.66,0,0,0,0,0,0,0,14.99,0,4.88,21.32,70.79,3.01,0,7.3,22.47,27.91,27.94,10.25,3.36,0.56,0.03,0,0,21.66
0,0.95,0,362,12,28,2002,21.2,0,0,8.95E-02,0,0.3,0.28,0,0,0.1,0,29.16,0,0.21,7.95,0.25,5.05,37.21,1.39,15.09,0,0,38.74,0,0,0,0,7.79,0,18.86,0,15.66,0,0,0,0,0,0,0,14.99,0,4.88,21.32,70.79,3.01,0,7.3,22.47,27.91,27.94,10.25,3.36,0.56,0.03,0,0,22.86
0,0.95,0,363,12,29,2002,33.1,0,0,1.92E-02,0,0.3,0.28,0,0,0.1,0,29.16,0,0.21,7.95,0.25,5.05,37.21,1.39,15.09,0,0,38.74,0,0,0,0,7.79,0,18.86,0,15.66,0,0,0,0,0,0,0,14.99,0,4.88,21.32,70.79,3.01,0,7.3,22.47,27.91,27.94,10.25,3.36,0.56,0.03,0,0,32.93
0,0.95,0,364,12,30,2002,6.03,0,0,5.29E-02,0,0.3,0.28,0,0,0.1,0,29.16,0,0.21,7.95,0.25,5.05,37.21,1.39,15.09,0,0,38.74,0,0,0,0,7.79,0,18.86,0,15.66,0,0,0,0,0,0,0,14.99,0,4.88,21.32,70.79,3.01,0,7.3,22.47,27.91,27.94,10.25,3.36,0.56,0.03,0,0,47.15
0,0.95,0,365,12,31,2002,10.2,0,0,9.43E-02,0,0.3,0.28,0,0,0.1,0,29.16,0,0.21,7.95,0.25,5.05,37.21,1.39,15.09,0,0,38.74,0,0,0,0,7.79,0,18.86,0,15.66,0,0,0,0,0,0,0,14.99,0,4.88,21.32,70.79,3.01,0,7.3,22.47,27.91,27.94,10.25,3.36,0.56,0.03,0,0,40.1
